Workbook

Sheet Combined_Data
B1: Data (in Megabytes) | O1: Talktime (in Minutes) | AB1: Plan | AC1: Billing (in Euros)
A2: Customer_ID | B2: January_Data | C2: February_Data | D2: March_Data | E2: April_Data | F2: May_Data | G2: June_Data | H2: July_Data | I2: August_Data | J2: September_Data | K2: October_Data | L2: November_Data | M2: December_Data | N2: Total_Data_Usage | O2: January_Talktime | P2: February_Talktime | Q2: March_Talktime | R2: April_Talktime | S2: May_Talktime | T2: June_Talktime | U2: July_Talktime | V2: August_Talktime | W2: September_Talktime | X2: October_Talktime | Y2: November_Talktime | Z2: December_Talktime | AA2: Total_Talktime | AB2: Plan | AC2: January | AD2: February | AE2: March | AF2: April | AG2: May | AH2: June | AI2: July | AJ2: August | AK2: September | AL2: October | AM2: November | AN2: December | AO2: Total billing amount
A3: SUB-729143503 | B3: 28053.56 | C3: 2895.5485 | D3: 1351.6937 | E3: 3756.5219 | F3: 223.77361 | G3: 4012.203 | H3: 9166.6329 | I3: 5241.1959 | J3: 1596.4707 | K3: 961.4416 | L3: 0 | M3: 456.79371 | N3: =SUM(B3:M3) -> 57715.836 | O3: 0 | P3: 6.8243443 | Q3: 1.8348294 | R3: 0.13054242 | S3: 1.2363395 | T3: 5.2688933 | U3: 12.071899 | V3: 0 | W3: 9.526224 | X3: 9.9057137 | Y3: 10.55318 | Z3: 3.5335249 | AA3: =SUM(O3:Z3) -> 60.885491 | AB3: Reduced rate | AC3: 290.53 | AD3: 39.3 | AE3: 23.61 | AF3: 47.61 | AG3: 12.33 | AH3: 50.42 | AI3: 102.31 | AJ3: 62.41 | AK3: 26.46 | AL3: 20.11 | AM3: 10.54 | AN3: 14.76 | AO3: =SUM(AC3:AN3) -> 700.39
A4: SUB-327259441 | B4: 27981.652 | C4: 417.81517 | D4: 852.48705 | E4: 635.07388 | F4: 663.3152 | G4: 4986.3074 | H4: 1854.487 | I4: 6695.5891 | J4: 1891.9995 | K4: 887.893 | L4: 743.67274 | M4: 2697.434 | N4: =SUM(B4:M4) -> 50307.726 | O4: 3.0272902 | P4: 0 | Q4: 3.1933096 | R4: 13.726478 | S4: 2.7197324 | T4: 0.56202084 | U4: 1.6899206 | V4: 0.95496648 | W4: 2.2011679 | X4: 0.22231461 | Y4: 6.2190388 | Z4: 1.1186908 | AA4: =SUM(O4:Z4) -> 35.63493 | AB4: Reduced rate | AC4: 290.01 | AD4: 14.17 | AE4: 18.72 | AF4: 17.05 | AG4: 16.78 | AH4: 59.91 | AI4: 28.64 | AJ4: 77 | AK4: 29.06 | AL4: 18.92 | AM4: 17.78 | AN4: 37.07 | AO4: =SUM(AC4:AN4) -> 625.11
A5: SUB-720199369 | B5: 24077.595 | C5: 2040.3707 | D5: 697.99085 | E5: 2976.9148 | F5: 3284.5485 | G5: 0 | H5: 882.75571 | I5: 5062.1182 | J5: 1429.7181 | K5: 471.10911 | L5: 2549.1186 | M5: 347.76244 | N5: =SUM(B5:M5) -> 43820.002 | O5: 3.6953248 | P5: 5.7223518 | Q5: 1.9044145 | R5: 3.6303551 | S5: 2.6919952 | T5: 2.7536809 | U5: 7.5746851 | V5: 0 | W5: 1.6038991 | X5: 8.9788221 | Y5: 0.68691512 | Z5: 4.9413438 | AA5: =SUM(O5:Z5) -> 44.183788 | AB5: Reduced rate | AC5: 250.97 | AD5: 30.7 | AE5: 17.07 | AF5: 39.96 | AG5: 42.99 | AH5: 10.14 | AI5: 19.22 | AJ5: 60.62 | AK5: 24.39 | AL5: 15.16 | AM5: 35.54 | AN5: 13.72 | AO5: =SUM(AC5:AN5) -> 560.48
A6: SUB-115774364 | B6: 23074.756 | C6: 2785.5024 | D6: 284.71385 | E6: 3283.7711 | F6: 7459.8083 | G6: 3168.5675 | H6: 1907.4737 | I6: 339.31373 | J6: 2228.1186 | K6: 2686.797 | L6: 1170.1683 | M6: 7622.4986 | N6: =SUM(B6:M6) -> 56011.489 | O6: 1.0159856 | P6: 0.15372142 | Q6: 4.6900202 | R6: 4.5204292 | S6: 2.0791638 | T6: 6.6181137 | U6: 7.6565992 | V6: 5.3556575 | W6: 0 | X6: 3.3847081 | Y6: 3.4338634 | Z6: 4.6570532 | AA6: =SUM(O6:Z6) -> 43.565315 | AB6: Reduced rate | AC6: 240.84 | AD6: 37.9 | AE6: 13.09 | AF6: 43.08 | AG6: 84.74 | AH6: 42.03 | AI6: 29.47 | AJ6: 13.69 | AK6: 32.28 | AL6: 37.06 | AM6: 21.9 | AN6: 86.47 | AO6: =SUM(AC6:AN6) -> 682.55
A7: SUB-687511952 | B7: 22979.493 | C7: 2122.315 | D7: 876.83085 | E7: 5628.9233 | F7: 0 | G7: 1865.4922 | H7: 757.8359 | I7: 9671.7792 | J7: 2997.9954 | K7: 7828.6764 | L7: 1929.7365 | M7: 1642.5122 | N7: =SUM(B7:M7) -> 58301.59 | O7: 0 | P7: 0.28491236 | Q7: 2.3988806 | R7: 1.1966899 | S7: 1.2630293 | T7: 3.6460268 | U7: 1.5113669 | V7: 1.7826923 | W7: 6.1010391 | X7: 6.4017515 | Y7: 3.0686748 | Z7: 8.3819532 | AA7: =SUM(O7:Z7) -> 36.037017 | AB7: Reduced rate | AC7: 239.79 | AD7: 31.27 | AE7: 18.91 | AF7: 66.38 | AG7: 10.09 | AH7: 28.85 | AI7: 17.67 | AJ7: 106.81 | AK7: 40.32 | AL7: 88.63 | AM7: 29.49 | AN7: 26.87 | AO7: =SUM(AC7:AN7) -> 705.08
A8: SUB-884111294 | B8: 21172.886 | C8: 1523.6876 | D8: 1485.3058 | E8: 4193.1236 | F8: 1956.6123 | G8: 1901.2535 | H8: 3119.8269 | I8: 2239.8238 | J8: 5877.3904 | K8: 1648.9666 | L8: 9274.7754 | M8: 6059.3035 | N8: =SUM(B8:M8) -> 60452.956 | O8: 3.480402 | P8: 2.7555623 | Q8: 8.512322 | R8: 8.4869033 | S8: 0 | T8: 7.3523678 | U8: 2.5343937 | V8: 18.001429 | W8: 1.1814809 | X8: 18.746402 | Y8: 4.5426855 | Z8: 1.2377769 | AA8: =SUM(O8:Z8) -> 76.831726 | AB8: Reduced rate | AC8: 221.92 | AD8: 25.38 | AE8: 25.3 | AF8: 52.38 | AG8: 29.56 | AH8: 29.41 | AI8: 41.34 | AJ8: 33.34 | AK8: 68.87 | AL8: 27.43 | AM8: 102.99 | AN8: 70.69 | AO8: =SUM(AC8:AN8) -> 728.61
A9: SUB-754009185 | B9: 17677.832 | C9: 4761.3302 | D9: 3058.4981 | E9: 9399.811 | F9: 8675.879 | G9: 5734.8376 | H9: 3587.2216 | I9: 3564.4166 | J9: 1240.7474 | K9: 155.30631 | L9: 2065.3096 | M9: 2312.6221 | N9: =SUM(B9:M9) -> 62233.812 | O9: 4.6764258 | P9: 3.7891882 | Q9: 4.3049763 | R9: 5.2743849 | S9: 3.8110392 | T9: 0.29090471 | U9: 2.0522614 | V9: 4.2704145 | W9: 0.45728292 | X9: 1.6975736 | Y9: 1.5591213 | Z9: 2.8046566 | AA9: =SUM(O9:Z9) -> 34.988229 | AB9: Reduced rate | AC9: 187.02 | AD9: 57.81 | AE9: 40.83 | AF9: 104.29 | AG9: 96.95 | AH9: 67.39 | AI9: 46.02 | AJ9: 45.89 | AK9: 22.45 | AL9: 11.65 | AM9: 30.75 | AN9: 33.27 | AO9: =SUM(AC9:AN9) -> 744.32
A10: SUB-907933772 | B10: 17562.336 | C10: 1588.6695 | D10: 1873.9256 | E10: 12191.94 | F10: 3104.8013 | G10: 1559.3144 | H10: 4198.5673 | I10: 255.28364 | J10: 1706.0694 | K10: 506.10295 | L10: 317.99446 | M10: 0 | N10: =SUM(B10:M10) -> 44865.004 | O10: 0 | P10: 0.62814977 | Q10: 3.5003327 | R10: 3.3931231 | S10: 9.6599002 | T10: 2.2831001 | U10: 11.323904 | V10: 0.77391993 | W10: 0 | X10: 0 | Y10: 0 | Z10: 2.4815975 | AA10: =SUM(O10:Z10) -> 34.044027 | AB10: Reduced rate | AC10: 185.62 | AD10: 25.93 | AE10: 28.93 | AF10: 132.11 | AG10: 41.54 | AH10: 25.74 | AI10: 52.58 | AJ10: 12.6 | AK10: 27.06 | AL10: 15.06 | AM10: 13.17 | AN10: 10.14 | AO10: =SUM(AC10:AN10) -> 570.48
A11: SUB-219686190 | B11: 17310.819 | C11: 1600.9242 | D11: 4071.8053 | E11: 808.60022 | F11: 208.4777 | G11: 6817.1882 | H11: 1511.4908 | I11: 1614.1089 | J11: 1723.2336 | K11: 11608.721 | L11: 0 | M11: 5663.6196 | N11: =SUM(B11:M11) -> 52938.988 | O11: 0.16695997 | P11: 1.3625016 | Q11: 5.6891728 | R11: 5.6100635 | S11: 1.8632851 | T11: 0 | U11: 2.7344741 | V11: 2.7288639 | W11: 10.096708 | X11: 4.570316 | Y11: 0.73125341 | Z11: 3.9632105 | AA11: =SUM(O11:Z11) -> 39.516809 | AB11: Reduced rate | AC11: 183.15 | AD11: 26.1 | AE11: 51.01 | AF11: 18.38 | AG11: 12.18 | AH11: 78.17 | AI11: 25.26 | AJ11: 26.29 | AK11: 27.78 | AL11: 126.33 | AM11: 10.04 | AN11: 66.83 | AO11: =SUM(AC11:AN11) -> 651.52
A12: SUB-275406642 | B12: 16752.503 | C12: 6126.3628 | D12: 2972.6152 | E12: 4473.5263 | F12: 5774.8251 | G12: 2388.7042 | H12: 6406.1825 | I12: 1414.0145 | J12: 1243.7208 | K12: 2317.0722 | L12: 4556.8202 | M12: 4306.3377 | N12: =SUM(B12:M12) -> 58732.684 | O12: 6.9119753 | P12: 0.18325476 | Q12: 5.0499693 | R12: 3.018949 | S12: 11.830532 | T12: 0.1598578 | U12: 2.7107988 | V12: 9.711794 | W12: 0.44653473 | X12: 12.236804 | Y12: 3.7763513 | Z12: 1.7315306 | AA12: =SUM(O12:Z12) -> 57.768352 | AB12: Reduced rate | AC12: 177.87 | AD12: 71.31 | AE12: 40.02 | AF12: 54.93 | AG12: 68.34 | AH12: 33.93 | AI12: 74.21 | AJ12: 24.64 | AK12: 22.48 | AL12: 33.82 | AM12: 55.76 | AN12: 53.16 | AO12: =SUM(AC12:AN12) -> 710.47
A13: SUB-475178203 | B13: 16234.974 | C13: 3934.7617 | D13: 5727.4151 | E13: 0 | F13: 7942.5962 | G13: 11273.978 | H13: 2245.1036 | I13: 5506.8814 | J13: 2619.9452 | K13: 631.70776 | L13: 6969.3265 | M13: 3442.1968 | N13: =SUM(B13:M13) -> 66528.886 | O13: 0.10338663 | P13: 3.6698164 | Q13: 0 | R13: 10.17963 | S13: 6.6749883 | T13: 5.0695154 | U13: 1.0149742 | V13: 7.4529844 | W13: 7.397938 | X13: 5.9770251 | Y13: 1.926056 | Z13: 4.0583869 | AA13: =SUM(O13:Z13) -> 53.524702 | AB13: Reduced rate | AC13: 172.39 | AD13: 49.54 | AE13: 67.27 | AF13: 10.54 | AG13: 89.77 | AH13: 123.03 | AI13: 32.55 | AJ13: 65.46 | AK13: 36.59 | AL13: 16.61 | AM13: 79.79 | AN13: 44.67 | AO13: =SUM(AC13:AN13) -> 788.21
A14: SUB-384428935 | B14: 16201.279 | C14: 1976.3677 | D14: 1334.0698 | E14: 6880.8346 | F14: 2098.5512 | G14: 1613.6047 | H14: 1941.8694 | I14: 3510.1076 | J14: 0 | K14: 1530.7356 | L14: 2422.2141 | M14: 1134.3007 | N14: =SUM(B14:M14) -> 40643.934 | O14: 2.2438026 | P14: 20.086245 | Q14: 0 | R14: 2.9771223 | S14: 11.89283 | T14: 0.27558812 | U14: 14.22914 | V14: 11.30351 | W14: 8.9568708 | X14: 2.5598834 | Y14: 5.6794312 | Z14: 6.6390676 | AA14: =SUM(O14:Z14) -> 86.843491 | AB14: Reduced rate | AC14: 172.16 | AD14: 30.81 | AE14: 23.34 | AF14: 78.95 | AG14: 31.58 | AH14: 26.18 | AI14: 30.16 | AJ14: 45.7 | AK14: 10.44 | AL14: 25.45 | AM14: 34.52 | AN14: 21.69 | AO14: =SUM(AC14:AN14) -> 530.98
... A893: SUB-794177654 | B893: 9.9468182 | C893: 3853.098 | D893: 2169.3201 | E893: 3469.7822 | F893: 4577.7392 | G893: 4563.6135 | H893: 3504.2403 | I893: 3348.378 | J893: 787.56729 | K893: 886.27349 | L893: 3231.5868 | M893: 2240.2039 | N893: =SUM(B893:M893) -> 32641.75 | O893: 2.2824462 | P893: 2.7843054 | Q893: 3.4749852 | R893: 3.2232285 | S893: 2.3887401 | T893: 6.5501937 | U893: 4.0512609 | V893: 0 | W893: 2.0447171 | X893: 5.6797415 | Y893: 2.6602769 | Z893: 3.6138055 | AA893: =SUM(O893:Z893) -> 38.753701 | AB893: Pay-as-you-go | AC893: 0.47 | AD893: 77.35 | AE893: 43.76 | AF893: 69.76 | AG893: 91.83 | AH893: 91.91 | AI893: 70.55 | AJ893: 66.98 | AK893: 16.03 | AL893: 18.28 | AM893: 64.91 | AN893: 45.18 | AO893: =SUM(AC893:AN893) -> 657.01
A894: SUB-928511911 | B894: 0 | C894: 12943.116 | D894: 6297.5226 | E894: 0 | F894: 28266.985 | G894: 2921.4545 | H894: 6336.0007 | I894: 216.28226 | J894: 1422.9196 | K894: 4797.8424 | L894: 286.28697 | M894: 2230.0758 | N894: =SUM(B894:M894) -> 65718.486 | O894: 0 | P894: 3.143746 | Q894: 10.909133 | R894: 4.6205672 | S894: 4.4109608 | T894: 3.5561012 | U894: 1.3723442 | V894: 3.6591779 | W894: 4.0311417 | X894: 1.8237247 | Y894: 1.6657105 | Z894: 2.318 | AA894: =SUM(O894:Z894) -> 41.510607 | AB894: Pay-as-you-go | AD894: 259.24 | AE894: 126.95 | AF894: 0.45 | AG894: 565.79 | AH894: 58.8 | AI894: 126.92 | AJ894: 4.7 | AK894: 28.91 | AL894: 96.14 | AM894: 5.92 | AN894: 44.89 | AO894: =SUM(AC894:AN894) -> 1318.71
A895: SUB-414114481 | B895: 0 | C895: 8454.2086 | D895: 10680.127 | E895: 16875.697 | F895: 6880.6843 | G895: 611.32179 | H895: 4752.2527 | I895: 516.2456 | J895: 7758.3414 | K895: 1042.6837 | L895: 517.05686 | M895: 8528.1632 | N895: =SUM(B895:M895) -> 66616.782 | O895: 2.9461809 | P895: 16.467007 | Q895: 4.0925789 | R895: 0.47543171 | S895: 0.55776133 | T895: 2.6805405 | U895: 0 | V895: 0 | W895: 1.5391586 | X895: 2.926375 | Y895: 2.4096702 | Z895: 1.1639022 | AA895: =SUM(O895:Z895) -> 35.258606 | AB895: Pay-as-you-go | AC895: 0.27 | AD895: 170.63 | AE895: 214.07 | AF895: 337.61 | AG895: 137.71 | AH895: 12.51 | AI895: 95.06 | AJ895: 10.34 | AK895: 155.36 | AL895: 21.13 | AM895: 10.63 | AN895: 170.76 | AO895: =SUM(AC895:AN895) -> 1336.08
A896: SUB-996400695 | B896: 0 | C896: 6783.8768 | D896: 1702.1 | E896: 1356.2098 | F896: 3224.3312 | G896: 2121.5025 | H896: 3375.4283 | I896: 3243.749 | J896: 4071.1388 | K896: 6329.0776 | L896: 886.36755 | M896: 1918.468 | N896: =SUM(B896:M896) -> 35012.25 | O896: 0 | P896: 0.85333558 | Q896: 14.725982 | R896: 0.96556171 | S896: 4.0969138 | T896: 0.93532242 | U896: 6.2974214 | V896: 0 | W896: 14.425496 | X896: 1.3316665 | Y896: 0 | Z896: 0 | AA896: =SUM(O896:Z896) -> 43.631699 | AB896: Pay-as-you-go | AD896: 135.77 | AE896: 35.41 | AF896: 27.23 | AG896: 64.95 | AH896: 42.53 | AI896: 68.15 | AJ896: 64.88 | AK896: 82.79 | AL896: 126.78 | AM896: 17.74 | AN896: 38.38 | AO896: =SUM(AC896:AN896) -> 704.61
A897: SUB-137805061 | B897: 0 | C897: 5484.7744 | D897: 0 | E897: 1240.4971 | F897: 3882.5124 | G897: 3913.9764 | H897: 5068.3519 | I897: 2804.4772 | J897: 2661.8752 | K897: 8753.3647 | L897: 2345.7654 | M897: 2.2910935 | N897: =SUM(B897:M897) -> 36157.886 | O897: 0 | P897: 0.3594828 | Q897: 10.165985 | R897: 1.0537743 | S897: 3.8019961 | T897: 5.2162518 | U897: 0.48317986 | V897: 15.445314 | W897: 13.465932 | X897: 2.6964304 | Y897: 3.317922 | Z897: 0.34897139 | AA897: =SUM(O897:Z897) -> 56.35524 | AB897: Pay-as-you-go | AD897: 109.79 | AE897: 0.99 | AF897: 25 | AG897: 78.02 | AH897: 78.82 | AI897: 101.47 | AJ897: 57.54 | AK897: 54.5 | AL897: 175.35 | AM897: 47.28 | AN897: 0.15 | AO897: =SUM(AC897:AN897) -> 728.91
A898: SUB-474945743 | B898: 0 | C898: 5079.4745 | D898: 3051.7562 | E898: 4641.0843 | F898: 386.82587 | G898: 11215.752 | H898: 0 | I898: 1680.3037 | J898: 3298.6346 | K898: 0 | L898: 332.59172 | M898: 527.06218 | N898: =SUM(B898:M898) -> 30213.485 | O898: 6.0295045 | P898: 1.9204556 | Q898: 3.9256962 | R898: 6.2211833 | S898: 0.26186595 | T898: 13.566048 | U898: 7.3645143 | V898: 2.2805143 | W898: 1.5158335 | X898: 0 | Y898: 1.7242916 | Z898: 7.1470572 | AA898: =SUM(O898:Z898) -> 51.956964 | AB898: Pay-as-you-go | AC898: 0.63 | AD898: 101.78 | AE898: 61.4 | AF898: 93.47 | AG898: 7.83 | AH898: 225.58 | AI898: 0.72 | AJ898: 33.89 | AK898: 66.16 | AL898: 0 | AM898: 6.84 | AN898: 11.28 | AO898: =SUM(AC898:AN898) -> 609.58
A899: SUB-320112847 | B899: 0 | C899: 5014.25 | D899: 739.38302 | E899: 3380.8393 | F899: 718.5235 | G899: 2377.1628 | H899: 6412.137 | I899: 5459.3947 | J899: 908.63328 | K899: 2807.3975 | L899: 2701.4436 | M899: 877.34389 | N899: =SUM(B899:M899) -> 31396.509 | O899: 0.33632751 | P899: 0 | Q899: 2.8809274 | R899: 4.4286643 | S899: 4.0173057 | T899: 0 | U899: 13.658446 | V899: 0 | W899: 1.4127249 | X899: 0 | Y899: 3.1925685 | Z899: 11.94017 | AA899: =SUM(O899:Z899) -> 41.867134 | AB899: Pay-as-you-go | AC899: 0.09 | AD899: 100.3 | AE899: 15.07 | AF899: 68.07 | AG899: 14.83 | AH899: 47.56 | AI899: 129.52 | AJ899: 109.2 | AK899: 18.36 | AL899: 56.16 | AM899: 54.4 | AN899: 18.64 | AO899: =SUM(AC899:AN899) -> 632.2
A900: SUB-309284306 | B900: 0 | C900: 4804.5749 | D900: 2451.5004 | E900: 0 | F900: 5312.3956 | G900: 4973.7967 | H900: 1409.7628 | I900: 531.20554 | J900: 1428.6927 | K900: 2789.2733 | L900: 7452.1114 | M900: 1635.8805 | N900: =SUM(B900:M900) -> 32789.194 | O900: 3.5190982 | P900: 7.8010408 | Q900: 2.5400861 | R900: 2.4616911 | S900: 4.4692417 | T900: 0.81136147 | U900: 2.9430812 | V900: 6.4497894 | W900: 2.0919546 | X900: 4.9004954 | Y900: 3.2855948 | Z900: 0 | AA900: =SUM(O900:Z900) -> 41.273435 | AB900: Pay-as-you-go | AC900: 0.36 | AD900: 96.82 | AE900: 49.31 | AF900: 0.27 | AG900: 106.71 | AH900: 99.57 | AI900: 28.47 | AJ900: 11.27 | AK900: 28.85 | AL900: 56.25 | AM900: 149.42 | AN900: 32.72 | AO900: =SUM(AC900:AN900) -> 660.02
A901: SUB-314510883 | B901: 0 | C901: 4620.9847 | D901: 1886.8344 | E901: 0 | F901: 1444.3624 | G901: 0 | H901: 5514.5869 | I901: 4785.3439 | J901: 7557.7599 | K901: 2455.76 | L901: 809.99158 | M901: 352.25 | N901: =SUM(B901:M901) -> 29427.874 | O901: 1.3009787 | P901: 3.1672884 | Q901: 4.1297905 | R901: 2.6446201 | S901: 3.3277668 | T901: 0 | U901: 2.3122589 | V901: 1.5170059 | W901: 12.619266 | X901: 7.1188983 | Y901: 12.892263 | Z901: 0 | AA901: =SUM(O901:Z901) -> 51.030138 | AB901: Pay-as-you-go | AC901: 0.18 | AD901: 92.78 | AE901: 38.19 | AF901: 0.27 | AG901: 29.26 | AH901: 0 | AI901: 110.57 | AJ901: 95.9 | AK901: 152.33 | AL901: 49.84 | AM901: 17.37 | AN901: 7.06 | AO901: =SUM(AC901:AN901) -> 593.75
A902: SUB-890910481 | B902: 0 | C902: 4605.8996 | D902: 3328.3965 | E902: 3228.9678 | F902: 1212.7425 | G902: 227.11129 | H902: 5438.5608 | I902: 7126.2902 | J902: 2028.2079 | K902: 926.65434 | L902: 0 | M902: 4875.7541 | N902: =SUM(B902:M902) -> 32998.585 | O902: 6.2240737 | P902: 5.1990476 | Q902: 0 | R902: 3.7238477 | S902: 2.0036781 | T902: 0 | U902: 8.2255529 | V902: 0 | W902: 1.0910262 | X902: 11.478312 | Y902: 1.5648237 | Z902: 16.801943 | AA902: =SUM(O902:Z902) -> 56.312305 | AB902: Pay-as-you-go | AC902: 0.63 | AD902: 92.66 | AE902: 66.58 | AF902: 64.94 | AG902: 24.53 | AH902: 4.56 | AI902: 109.59 | AJ902: 142.54 | AK902: 40.76 | AL902: 19.62 | AM902: 0.18 | AN902: 99.05 | AO902: =SUM(AC902:AN902) -> 665.64
A903: SUB-122771504 | B903: 0 | C903: 3664.2394 | D903: 8411.2078 | E903: 454.06967 | F903: 1633.6899 | G903: 5542.6689 | H903: 1794.0526 | I903: 0 | J903: 1216.3224 | K903: 1436.7165 | L903: 7041.9234 | M903: 2812.2744 | N903: =SUM(B903:M903) -> 34007.165 | O903: 8.4321304 | P903: 2.1134551 | Q903: 0 | R903: 1.224747 | S903: 0.026622636 | T903: 4.0980804 | U903: 1.1773012 | V903: 0 | W903: 3.4528805 | X903: 0.85734524 | Y903: 2.5651186 | Z903: 3.4059173 | AA903: =SUM(O903:Z903) -> 27.353598 | AB903: Pay-as-you-go | AC903: 0.81 | AD903: 73.57 | AE903: 168.24 | AF903: 9.28 | AG903: 32.77 | AH903: 111.31 | AI903: 36.08 | AJ903: 0 | AK903: 24.7 | AL903: 28.83 | AM903: 141.11 | AN903: 56.62 | AO903: =SUM(AC903:AN903) -> 683.32
A904: SUB-907081959 | B904: 0 | C904: 3662.5494 | D904: 3229.8721 | E904: 7818.6524 | F904: 50.22897 | G904: 1620.0292 | H904: 602.43523 | I904: 11646.178 | J904: 1330.8063 | K904: 299.56011 | L904: 2454.4619 | M904: 2452.6881 | N904: =SUM(B904:M904) -> 35167.462 | O904: 8.4747469 | P904: 0.9824248 | Q904: 4.1397984 | R904: 1.9751674 | S904: 0 | T904: 9.1914476 | U904: 7.867708 | V904: 4.6662279 | W904: 8.3235229 | X904: 8.951715 | Y904: 4.1383622 | Z904: 5.7404462 | AA904: =SUM(O904:Z904) -> 64.451567 | AB904: Pay-as-you-go | AC904: 0.81 | AD904: 73.35 | AE904: 65.05 | AF904: 156.56 | AG904: 1.02 | AH904: 33.32 | AI904: 12.78 | AJ904: 233.39 | AK904: 27.43 | AL904: 6.81 | AM904: 49.55 | AN904: 49.6 | AO904: =SUM(AC904:AN904) -> 709.67
A905: SUB-207733458 | B905: 0 | C905: 3422.9037 | D905: 3194.2143 | E905: 925.21193 | F905: 6027.4984 | G905: 147.44332 | H905: 5406.6288 | I905: 793.94908 | J905: 4140.8474 | K905: 993.63492 | L905: 599.49863 | M905: 4854.5732 | N905: =SUM(B905:M905) -> 30506.404 | O905: 3.1652242 | P905: 6.637187 | Q905: 0.31920959 | R905: 4.0460599 | S905: 4.3977899 | T905: 0 | U905: 3.6307329 | V905: 5.7180518 | W905: 2.586169 | X905: 0 | Y905: 0 | Z905: 1.8402756 | AA905: =SUM(O905:Z905) -> 32.3407 | AB905: Pay-as-you-go | AC905: 0.36 | AD905: 69.09 | AE905: 63.99 | AF905: 18.97 | AG905: 121.01 | AH905: 2.96 | AI905: 108.5 | AJ905: 16.42 | AK905: 83.09 | AL905: 19.88 | AM905: 12 | AN905: 97.28 | AO905: =SUM(AC905:AN905) -> 613.55
A906: SUB-742447206 | B906: 0 | C906: 3354.923 | D906: 2162.1738 | E906: 5881.6181 | F906: 3083.3459 | G906: 6987.3869 | H906: 675.44656 | I906: 3188.7628 | J906: 953.43203 | K906: 1651.894 | L906: 7813.6043 | M906: 1368.259 | N906: =SUM(B906:M906) -> 37120.846 | O906: 6.8847197 | P906: 10.097849 | Q906: 2.0008783 | R906: 1.7907601 | S906: 2.4606165 | T906: 8.2887288 | U906: 0.7105894 | V906: 0.59352954 | W906: 7.1342775 | X906: 0.44956576 | Y906: 4.1726052 | Z906: 0.69299067 | AA906: =SUM(O906:Z906) -> 45.277111 | AB906: Pay-as-you-go | AC906: 0.63 | AD906: 68.09 | AE906: 43.53 | AF906: 117.82 | AG906: 61.95 | AH906: 140.57 | AI906: 13.61 | AJ906: 63.87 | AK906: 19.8 | AL906: 33.13 | AM906: 156.73 | AN906: 27.47 | AO906: =SUM(AC906:AN906) -> 747.2
A907: SUB-425606111 | B907: 0 | C907: 3178.4601 | D907: 8157.9796 | E907: 489.22732 | F907: 2367.0085 | G907: 5264.7096 | H907: 636.72291 | I907: 0 | J907: 2523.7437 | K907: 5092.2597 | L907: 169.45737 | M907: 6130.407 | N907: =SUM(B907:M907) -> 34009.976 | O907: 4.4804098 | P907: 6.9490902 | Q907: 8.8145112 | R907: 6.3976384 | S907: 1.093635 | T907: 2.4004427 | U907: 2.0596671 | V907: 4.5974445 | W907: 1.9828325 | X907: 3.2631922 | Y907: 1.1317575 | Z907: 0.6316402 | AA907: =SUM(O907:Z907) -> 43.802261 | AB907: Pay-as-you-go | AC907: 0.45 | AD907: 64.21 | AE907: 163.97 | AF907: 10.43 | AG907: 47.54 | AH907: 105.57 | AI907: 13.01 | AJ907: 0.45 | AK907: 50.66 | AL907: 102.22 | AM907: 3.58 | AN907: 122.71 | AO907: =SUM(AC907:AN907) -> 684.8
A908: SUB-545952317 | B908: 0 | C908: 2740.1332 | D908: 2012.966 | E908: 1934.6194 | F908: 5212.4989 | G908: 1487.2239 | H908: 7323.9396 | I908: 0 | J908: 1773.8144 | K908: 4350.4284 | L908: 2431.9344 | M908: 0 | N908: =SUM(B908:M908) -> 29267.558 | O908: 9.0067892 | P908: 6.1576562 | Q908: 6.5630083 | R908: 4.3489986 | S908: 0.9215398 | T908: 4.7684233 | U908: 0.53045653 | V908: 3.6569762 | W908: 0 | X908: 6.264829 | Y908: 0 | Z908: 10.19993 | AA908: =SUM(O908:Z908) -> 52.418608 | AB908: Pay-as-you-go | AC908: 0.9 | AD908: 55.45 | AE908: 40.89 | AF908: 39.15 | AG908: 104.35 | AH908: 30.21 | AI908: 146.57 | AJ908: 0.36 | AK908: 35.48 | AL908: 87.65 | AM908: 48.64 | AN908: 0.99 | AO908: =SUM(AC908:AN908) -> 590.64
A909: SUB-921245657 | B909: 0 | C909: 2500.5925 | D909: 1211.2454 | E909: 2888.3056 | F909: 0 | G909: 3454.4579 | H909: 4242.7551 | I909: 1785.7606 | J909: 1281.8911 | K909: 0 | L909: 381.16362 | M909: 2290.5001 | N909: =SUM(B909:M909) -> 20036.672 | O909: 11.137581 | P909: 1.9751824 | Q909: 14.763221 | R909: 1.747871 | S909: 11.010165 | T909: 0.26696745 | U909: 6.5584539 | V909: 2.1556627 | W909: 3.3403359 | X909: 0.79504318 | Y909: 5.3994002 | Z909: 0 | AA909: =SUM(O909:Z909) -> 59.149883 | AB909: Pay-as-you-go | AC909: 1.08 | AD909: 50.2 | AE909: 25.59 | AF909: 57.96 | AG909: 1.08 | AH909: 69.19 | AI909: 85.49 | AJ909: 35.99 | AK909: 26 | AL909: 0.09 | AM909: 8.18 | AN909: 45.82 | AO909: =SUM(AC909:AN909) -> 406.67
... A949: SUB-984807958 | B949: 0 | C949: 5769.4768 | D949: 5927.6482 | E949: 4890.5559 | F949: 382.82538 | G949: 4217.6234 | H949: 1305.2195 | I949: 2043.3128 | J949: 754.4429 | K949: 9398.8742 | L949: 942.14411 | M949: 2971.3993 | N949: =SUM(B949:M949) -> 38603.523 | O949: 1.4061369 | P949: 2.4444008 | Q949: 6.1520597 | R949: 9.2948668 | S949: 9.0367289 | T949: 5.3916786 | U949: 8.8367753 | V949: 1.9468334 | W949: 0.35880581 | X949: 1.4556245 | Y949: 0.90654344 | Z949: 0.73464789 | AA949: =SUM(O949:Z949) -> 47.965102 | AB949: Reduced rate | AC949: 10.09 | AD949: 67.84 | AE949: 69.62 | AF949: 59.4 | AG949: 14.32 | AH949: 52.47 | AI949: 23.5 | AJ949: 30.53 | AK949: 17.59 | AL949: 104.08 | AM949: 19.47 | AN949: 39.76 | AO949: =SUM(AC949:AN949) -> 508.67
A950: SUB-538425944 | C950: 5504.66 | D950: 2570.6549 | E950: 3231.9962 | F950: 980.81565 | G950: 5089.2196 | H950: 0 | I950: 584.03414 | J950: 4044.8954 | K950: 8117.0924 | L950: 262.86767 | M950: 3653.2445 | N950: =SUM(B950:M950) -> 34039.48 | P950: 0 | Q950: 0 | R950: 3.3525874 | S950: 1.8459314 | T950: 1.1728517 | U950: 2.8181484 | V950: 1.9746115 | W950: 2.2603126 | X950: 0.41015734 | Y950: 14.058739 | Z950: 3.7040511 | AA950: =SUM(O950:Z950) -> 31.59739 | AB950: Pay-as-you-go | AD950: 110.1 | AE950: 51.42 | AF950: 65 | AG950: 19.8 | AH950: 101.98 | AI950: 0.27 | AJ950: 11.88 | AK950: 81.17 | AL950: 162.45 | AM950: 6.61 | AN950: 73.44 | AO950: =SUM(AC950:AN950) -> 684.12
A951: SUB-460053662 | C951: 5208.7135 | D951: 1337.139 | E951: 2371.1417 | F951: 2223.905 | G951: 2951.7348 | H951: 401.81233 | I951: 785.06156 | J951: 3534.9556 | K951: 2500.7237 | L951: 3291.6458 | M951: 3384.3168 | N951: =SUM(B951:M951) -> 27991.15 | P951: 0.41467863 | Q951: 3.4933205 | R951: 0.31359203 | S951: 3.2341818 | T951: 6.6733167 | U951: 0.84185885 | V951: 4.1716722 | W951: 5.4395061 | X951: 0 | Y951: 5.5492368 | Z951: 4.156887 | AA951: =SUM(O951:Z951) -> 34.288251 | AB951: Pay-as-you-go | AD951: 104.27 | AE951: 27.12 | AF951: 47.53 | AG951: 44.84 | AH951: 59.67 | AI951: 8.13 | AJ951: 16.17 | AK951: 71.24 | AL951: 50.02 | AM951: 66.38 | AN951: 68.15 | AO951: =SUM(AC951:AN951) -> 563.52
A952: SUB-719844185 | C952: 5014.0863 | D952: 3215.6057 | E952: 159.10658 | F952: 1128.1899 | G952: 4426.5064 | H952: 595.37432 | I952: 548.63894 | J952: 2367.3918 | K952: 6626.3281 | L952: 1109.3063 | M952: 724.74798 | N952: =SUM(B952:M952) -> 25915.282 | P952: 1.0889759 | Q952: 1.4563872 | R952: 0 | S952: 2.4493563 | T952: 6.1765685 | U952: 11.821107 | V952: 2.3293418 | W952: 3.0301253 | X952: 0.69447143 | Y952: 3.5459295 | Z952: 1.5392782 | AA952: =SUM(O952:Z952) -> 34.131541 | AB952: Pay-as-you-go | AD952: 100.48 | AE952: 64.5 | AF952: 3.2 | AG952: 22.85 | AH952: 89.17 | AI952: 13 | AJ952: 11.25 | AK952: 47.72 | AL952: 132.63 | AM952: 22.56 | AN952: 14.68 | AO952: =SUM(AC952:AN952) -> 522.04
A953: SUB-571036263 | C953: 4180.8799 | D953: 2279.2318 | E953: 1075.7987 | F953: 1523.3522 | G953: 1439.1578 | H953: 661.56518 | I953: 5161.8154 | J953: 4260.4521 | K953: 1780.7454 | L953: 2335.6094 | M953: 1876.9912 | N953: =SUM(B953:M953) -> 26575.599 | P953: 0.046755479 | Q953: 17.231388 | R953: 0.3129928 | S953: 6.6335265 | T953: 3.1937214 | U953: 4.6393141 | V953: 2.4992258 | W953: 1.2565445 | X953: 9.5745005 | Y953: 11.077008 | Z953: 8.0202037 | AA953: =SUM(O953:Z953) -> 64.485181 | AB953: Pay-as-you-go | AD953: 83.71 | AE953: 47.22 | AF953: 21.61 | AG953: 31.11 | AH953: 29.16 | AI953: 13.69 | AJ953: 103.51 | AK953: 85.4 | AL953: 36.52 | AM953: 47.8 | AN953: 38.35 | AO953: =SUM(AC953:AN953) -> 538.08
A954: SUB-720331552 | C954: 3986.9135 | D954: 6238.2232 | E954: 2244.9442 | F954: 1717.2879 | G954: 339.7041 | H954: 5451.0595 | I954: 596.1593 | J954: 2185.4463 | K954: 1056.8739 | L954: 3156.7187 | M954: 4557.2186 | N954: =SUM(B954:M954) -> 31530.549 | P954: 8.0788459 | Q954: 4.1142585 | R954: 8.0662554 | S954: 0 | T954: 14.411465 | U954: 4.8176333 | V954: 0.18427497 | W954: 5.6750868 | X954: 0.17750264 | Y954: 7.4128378 | Z954: 0.43947722 | AA954: =SUM(O954:Z954) -> 53.377637 | AB954: Pay-as-you-go | AD954: 80.55 | AE954: 125.23 | AF954: 45.71 | AG954: 34.36 | AH954: 8.15 | AI954: 109.49 | AJ954: 12.03 | AK954: 44.26 | AL954: 21.23 | AM954: 63.86 | AN954: 91.25 | AO954: =SUM(AC954:AN954) -> 636.12
A955: SUB-653039003 | C955: 3189.7245 | D955: 0 | E955: 112.8603 | F955: 2318.5949 | G955: 982.75861 | H955: 6309.3869 | I955: 1647.3242 | J955: 14310.024 | K955: 4528.1777 | L955: 0 | M955: 1466.6296 | N955: =SUM(B955:M955) -> 34865.48 | P955: 1.1055033 | Q955: 1.0292283 | R955: 0.93950206 | S955: 4.580459 | T955: 2.0656366 | U955: 10.435644 | V955: 3.3742802 | W955: 19.297175 | X955: 8.8811675 | Y955: 0.74800421 | Z955: 9.9542266 | AA955: =SUM(O955:Z955) -> 62.410827 | AB955: Pay-as-you-go | AD955: 63.98 | AE955: 0.18 | AF955: 2.35 | AG955: 46.83 | AH955: 19.93 | AI955: 127.19 | AJ955: 33.32 | AK955: 288.02 | AL955: 91.39 | AM955: 0.09 | AN955: 30.24 | AO955: =SUM(AC955:AN955) -> 703.52
A956: SUB-975460557 | C956: 3175.6351 | D956: 3969.0512 | E956: 3242.8825 | F956: 1650.7161 | G956: 882.34254 | H956: 1825.312 | I956: 1533.6087 | J956: 0 | K956: 6793.5769 | L956: 1678.0995 | M956: 9342.7452 | N956: =SUM(B956:M956) -> 34093.97 | P956: 0 | Q956: 9.6370732 | R956: 10.64425 | S956: 0 | T956: 0.081302693 | U956: 5.4159945 | V956: 5.9521681 | W956: 1.6006319 | X956: 2.1384092 | Y956: 3.3199289 | Z956: 1.6563321 | AA956: =SUM(O956:Z956) -> 40.446091 | AB956: Pay-as-you-go | AD956: 63.52 | AE956: 80.3 | AF956: 65.85 | AG956: 33.02 | AH956: 17.75 | AI956: 37.06 | AJ956: 31.22 | AK956: 0.18 | AL956: 136.15 | AM956: 33.94 | AN956: 187.04 | AO956: =SUM(AC956:AN956) -> 686.03
A957: SUB-212766319 | C957: 2664.0766 | D957: 3063.4038 | E957: 1876.2939 | F957: 3048.4531 | G957: 704.35463 | H957: 1069.3947 | I957: 2704.1742 | J957: 7947.6785 | K957: 718.9787 | L957: 2939.4832 | M957: 329.93919 | N957: =SUM(B957:M957) -> 27066.231 | P957: 0 | Q957: 0.1572559 | R957: 0 | S957: 0.86068745 | T957: 7.3222978 | U957: 0 | V957: 5.7821693 | W957: 0.74302977 | X957: 8.9192903 | Y957: 2.734986 | Z957: 0.53455324 | AA957: =SUM(O957:Z957) -> 27.05427 | AB957: Pay-as-you-go | AD957: 53.3 | AE957: 61.37 | AF957: 37.54 | AG957: 61.07 | AH957: 14.82 | AI957: 21.4 | AJ957: 54.64 | AK957: 159.05 | AL957: 15.19 | AM957: 59.07 | AN957: 6.69 | AO957: =SUM(AC957:AN957) -> 544.14
A958: SUB-870929960 | C958: 2636.1001 | D958: 1486.3876 | E958: 1138.903 | F958: 1835.641 | G958: 8355.0227 | H958: 1157.5736 | I958: 2444.256 | J958: 1734.0729 | K958: 6675.6734 | L958: 4454.3878 | M958: 1365.1809 | N958: =SUM(B958:M958) -> 33283.199 | P958: 2.2518953 | Q958: 3.189509 | R958: 0.7455847 | S958: 0.43493429 | T958: 1.9274864 | U958: 12.801688 | V958: 2.8094651 | W958: 3.5574777 | X958: 0.023876729 | Y958: 4.6678844 | Z958: 0 | AA958: =SUM(O958:Z958) -> 32.409802 | AB958: Pay-as-you-go | AD958: 53.01 | AE958: 30.1 | AF958: 22.87 | AG958: 36.81 | AH958: 167.3 | AI958: 24.33 | AJ958: 49.17 | AK958: 35.06 | AL958: 133.61 | AM958: 89.55 | AN958: 27.32 | AO958: =SUM(AC958:AN958) -> 669.13
A959: SUB-605140762 | C959: 1874.8962 | D959: 2535.8605 | E959: 7573.5526 | F959: 387.26148 | G959: 1293.4684 | H959: 4496.8223 | I959: 1184.6783 | J959: 76.804746 | K959: 430.50335 | L959: 2247.5569 | M959: 1288.6227 | N959: =SUM(B959:M959) -> 23390.027 | P959: 1.8191291 | Q959: 1.1113984 | R959: 22.054053 | S959: 0.12048098 | T959: 0.30258593 | U959: 1.9838423 | V959: 0 | W959: 2.9712848 | X959: 5.4293227 | Y959: 2.6966735 | Z959: 2.7226041 | AA959: =SUM(O959:Z959) -> 41.211375 | AB959: Pay-as-you-go | AD959: 37.68 | AE959: 50.9 | AF959: 153.55 | AG959: 7.85 | AH959: 25.97 | AI959: 90.12 | AJ959: 23.7 | AK959: 1.81 | AL959: 9.16 | AM959: 45.23 | AN959: 26.05 | AO959: =SUM(AC959:AN959) -> 472.02
A960: SUB-162918606 | C960: 8764.8149 | D960: 4585.265 | E960: 1090.1465 | F960: 4356.3976 | G960: 4737.1403 | H960: 7862.4939 | I960: 500.4949 | J960: 16874.162 | K960: 1171.6693 | L960: 3878.8276 | M960: 3706.2544 | N960: =SUM(B960:M960) -> 57527.667 | P960: 0.87343148 | Q960: 5.7559365 | R960: 3.2752497 | S960: 7.5015064 | T960: 8.2129189 | U960: 0.010183022 | V960: 5.8983896 | W960: 3.6956888 | X960: 9.4496318 | Y960: 0.40611294 | Z960: 4.6492673 | AA960: =SUM(O960:Z960) -> 49.728316 | AB960: Reduced rate | AC960: 9.99 | AD960: 97.69 | AE960: 56.15 | AF960: 21.1 | AG960: 53.96 | AH960: 57.82 | AI960: 88.67 | AJ960: 15.3 | AK960: 178.94 | AL960: 22.21 | AM960: 48.83 | AN960: 47.31 | AO960: =SUM(AC960:AN960) -> 697.97
A961: SUB-376230082 | C961: 988.45024 | D961: 318.30055 | E961: 7831.4693 | F961: 760.03235 | G961: 1744.1764 | H961: 1114.0945 | I961: 1494.6515 | J961: 1165.8746 | K961: 3625.494 | L961: 46.564796 | M961: 11910.921 | N961: =SUM(B961:M961) -> 31000.03 | P961: 0.85016394 | Q961: 3.8402153 | R961: 0.83456381 | S961: 4.7491266 | T961: 2.1612175 | U961: 1.9306975 | V961: 1.5274745 | W961: 0.035786541 | X961: 3.6668138 | Y961: 2.2476794 | Z961: 3.8387455 | AA961: =SUM(O961:Z961) -> 25.682484 | AB961: Pay-as-you-go | AD961: 19.87 | AE961: 6.74 | AF961: 156.73 | AG961: 15.67 | AH961: 35.17 | AI961: 22.48 | AJ961: 30.08 | AK961: 23.41 | AL961: 72.88 | AM961: 1.21 | AN961: 238.58 | AO961: =SUM(AC961:AN961) -> 622.82
A962: SUB-699098544 | C962: 90.032981 | D962: 1686.2898 | E962: 6327.7142 | F962: 2156.3746 | G962: 5022.599 | H962: 2352.098 | I962: 1653.8323 | J962: 12555.927 | K962: 2989.9656 | L962: 94.978989 | M962: 1648.0126 | N962: =SUM(B962:M962) -> 36577.825 | P962: 1.9189694 | Q962: 10.457428 | R962: 5.4632691 | S962: 6.5190734 | T962: 9.0323485 | U962: 1.6422456 | V962: 6.2097074 | W962: 0.87952996 | X962: 2.5903516 | Y962: 2.8940317 | Z962: 14.042824 | AA962: =SUM(O962:Z962) -> 61.649778 | AB962: Pay-as-you-go | AD962: 2 | AE962: 34.73 | AF962: 127.1 | AG962: 43.77 | AH962: 101.36 | AI962: 47.24 | AJ962: 33.71 | AK962: 251.21 | AL962: 60.07 | AM962: 2.17 | AN962: 34.33 | AO962: =SUM(AC962:AN962) -> 737.69
A963: SUB-369268820 | C963: 60.224574 | D963: 495.89834 | E963: 2516.2029 | F963: 1798.8901 | G963: 2099.3756 | H963: 3404.3117 | I963: 3749.7965 | J963: 464.85999 | K963: 4852.8956 | L963: 0 | M963: 523.33107 | N963: =SUM(B963:M963) -> 19965.786 | P963: 1.660891 | Q963: 2.9108169 | R963: 1.2669768 | S963: 2.993152 | T963: 1.6090967 | U963: 1.3238139 | V963: 1.1956651 | W963: 2.6874451 | X963: 12.939451 | Y963: 0.69371713 | Z963: 11.21282 | AA963: =SUM(O963:Z963) -> 40.493846 | AB963: Pay-as-you-go | AD963: 1.4 | AE963: 10.19 | AF963: 50.52 | AG963: 36.25 | AH963: 42.18 | AI963: 68.28 | AJ963: 75.18 | AK963: 9.57 | AL963: 98.23 | AM963: 0.09 | AN963: 11.56 | AO963: =SUM(AC963:AN963) -> 403.45
A964: SUB-638705243 | C964: 0 | D964: 1441.1024 | E964: 9947.1758 | F964: 1388.3932 | G964: 2987.1882 | H964: 575.13733 | I964: 372.6927 | J964: 1640.5071 | K964: 2966.1005 | L964: 8723.2689 | M964: 1842.6508 | N964: =SUM(B964:M964) -> 31884.217 | P964: 2.740594 | Q964: 1.3998838 | R964: 3.0043475 | S964: 3.6862835 | T964: 2.3796133 | U964: 3.8131644 | V964: 4.1781127 | W964: 1.2000685 | X964: 3.3450135 | Y964: 0 | Z964: 0.65642178 | AA964: =SUM(O964:Z964) -> 26.403503 | AB964: Pay-as-you-go | AD964: 0.27 | AE964: 29.02 | AF964: 199.32 | AG964: 28.14 | AH964: 60.03 | AI964: 11.88 | AJ964: 7.91 | AK964: 33 | AL964: 59.7 | AM964: 174.48 | AN964: 36.95 | AO964: =SUM(AC964:AN964) -> 640.7
A965: SUB-173504200 | C965: 4017.2784 | D965: 2287.7203 | E965: 5695.7097 | F965: 4627.8056 | G965: 7728.1512 | H965: 7327.9363 | I965: 2213.6807 | J965: 1050.8028 | K965: 4239.0901 | L965: 6991.4106 | M965: 0 | N965: =SUM(B965:M965) -> 46179.586 | P965: 5.5449207 | Q965: 6.7440983 | R965: 15.221127 | S965: 2.5876984 | T965: 4.1541357 | U965: 0.92317384 | V965: 5.1755001 | W965: 4.1748252 | X965: 21.148692 | Y965: 4.5030374 | Z965: 11.920554 | AA965: =SUM(O965:Z965) -> 82.097763 | AB965: Reduced rate | AC965: 9.99 | AD965: 50.47 | AE965: 33.22 | AF965: 67.75 | AG965: 56.42 | AH965: 87.53 | AI965: 83.32 | AJ965: 32.43 | AK965: 20.75 | AL965: 53.49 | AM965: 80.16 | AN965: 10.59 | AO965: =SUM(AC965:AN965) -> 586.12
A966: SUB-993528494 | C966: 0 | D966: 36.104536 | E966: 1075.5018 | F966: 456.82999 | G966: 7578.4063 | H966: 3612.0741 | I966: 4403.8319 | J966: 2685.0495 | K966: 1180.894 | L966: 1149.8414 | M966: 8772.3484 | N966: =SUM(B966:M966) -> 30950.882 | P966: 5.4454101 | Q966: 1.2995183 | R966: 14.314688 | S966: 0.12283638 | T966: 10.563501 | U966: 9.2161216 | V966: 2.7529455 | W966: 5.3469453 | X966: 2.9724674 | Y966: 8.8312261 | Z966: 2.5258966 | AA966: =SUM(O966:Z966) -> 63.391557 | AB966: Pay-as-you-go | AD966: 0.54 | AE966: 0.92 | AF966: 22.87 | AG966: 9.23 | AH966: 152.57 | AI966: 73.16 | AJ966: 88.35 | AK966: 54.26 | AL966: 23.89 | AM966: 23.81 | AN966: 175.73 | AO966: =SUM(AC966:AN966) -> 625.33
A967: SUB-237756053 | C967: 0 | D967: 0 | E967: 3607.8872 | F967: 12669.25 | G967: 6628.4143 | H967: 1000.0299 | I967: 1209.6002 | J967: 3089.0828 | K967: 5380.2817 | L967: 1463.5465 | M967: 1160.1836 | N967: =SUM(B967:M967) -> 36208.276 | P967: 4.4364208 | Q967: 6.1420522 | R967: 2.6626815 | S967: 2.4978102 | T967: 0.86178365 | U967: 12.016088 | V967: 4.9592416 | W967: 0 | X967: 9.5448468 | Y967: 9.0432895 | Z967: 17.0297 | AA967: =SUM(O967:Z967) -> 69.193915 | AB967: Reduced rate | AC967: 9.99 | AD967: 10.24 | AE967: 10.34 | AF967: 46.22 | AG967: 136.84 | AH967: 76.33 | AI967: 20.65 | AJ967: 22.34 | AK967: 40.89 | AL967: 64.3 | AM967: 25.13 | AN967: 22.5 | AO967: =SUM(AC967:AN967) -> 485.77
A968: SUB-311733132 | E968: 9779.3819 | F968: 5968.9119 | G968: 10881.703 | H968: 1532.3406 | I968: 6167.3733 | J968: 2368.9275 | K968: 1393.2044 | L968: 4378.588 | M968: 4853.1126 | N968: =SUM(B968:M968) -> 47323.543 | R968: 6.9956646 | S968: 2.871494 | T968: 1.9380464 | U968: 0 | V968: 1.7845094 | W968: 2.1818883 | X968: 1.0704538 | Y968: 13.900826 | Z968: 0.60539329 | AA968: =SUM(O968:Z968) -> 31.348276 | AB968: Reduced rate | AC968: 9.99 | AD968: 9.99 | AE968: 9.99 | AF968: 108.14 | AG968: 69.83 | AH968: 118.91 | AI968: 25.32 | AJ968: 71.77 | AK968: 33.83 | AL968: 24.03 | AM968: 54.48 | AN968: 58.58 | AO968: =SUM(AC968:AN968) -> 594.86
A969: SUB-345750604 | C969: 4216.491 | D969: 2067.7804 | E969: 1667.0272 | F969: 2023.3718 | G969: 934.78438 | H969: 6349.096 | I969: 3807.583 | J969: 3681.212 | K969: 933.45123 | L969: 11751.176 | M969: 3084.7998 | N969: =SUM(B969:M969) -> 40516.773 | P969: 2.9810886 | Q969: 1.7863657 | R969: 6.9032995 | S969: 1.9181631 | T969: 2.6007777 | U969: 4.5039466 | V969: 2.7762477 | W969: 6.8233727 | X969: 1.443259 | Y969: 3.0884761 | Z969: 0.6876039 | AA969: =SUM(O969:Z969) -> 35.512601 | AB969: Reduced rate | AC969: 9.99 | AD969: 52.31 | AE969: 30.77 | AF969: 27.02 | AG969: 30.33 | AH969: 19.49 | AI969: 73.74 | AJ969: 48.22 | AK969: 47.16 | AL969: 19.43 | AM969: 127.71 | AN969: 40.89 | AO969: =SUM(AC969:AN969) -> 527.06
A970: SUB-144997740 | E970: 6903.9364 | F970: 789.94314 | G970: 3472.6034 | H970: 843.96726 | I970: 4010.6092 | J970: 12776.962 | K970: 6602.6563 | L970: 2700.8921 | M970: 4643.5241 | N970: =SUM(B970:M970) -> 42745.094 | R970: 12.484103 | S970: 3.1674348 | T970: 4.4077986 | U970: 4.9382297 | V970: 0 | W970: 3.2429322 | X970: 9.1620586 | Y970: 1.6161363 | Z970: 10.032349 | AA970: =SUM(O970:Z970) -> 49.051043 | AB970: Pay-as-you-go | AF970: 139.25 | AG970: 16.16 | AH970: 69.91 | AI970: 17.33 | AJ970: 80.22 | AK970: 255.9 | AL970: 132.96 | AM970: 54.2 | AN970: 93.87 | AO970: =SUM(AC970:AN970) -> 859.8
A971: SUB-373082538 | C971: 13306.63 | D971: 1890.0098 | E971: 791.59958 | F971: 2359.5981 | G971: 183.00176 | H971: 509.5655 | I971: 4690.1917 | J971: 5269.5971 | K971: 2858.6917 | L971: 3596.6663 | M971: 3134.5477 | N971: =SUM(B971:M971) -> 38590.099 | P971: 6.4177783 | Q971: 1.1946534 | R971: 7.8659942 | S971: 0 | T971: 1.6124162 | U971: 6.2768148 | V971: 0.38098662 | W971: 0 | X971: 6.5389394 | Y971: 5.9667806 | Z971: 4.0372296 | AA971: =SUM(O971:Z971) -> 40.291593 | AB971: Reduced rate | AC971: 9.99 | AD971: 143.41 | AE971: 29 | AF971: 18.31 | AG971: 33.59 | AH971: 11.93 | AI971: 15.44 | AJ971: 56.95 | AK971: 62.69 | AL971: 38.93 | AM971: 46.26 | AN971: 41.59 | AO971: =SUM(AC971:AN971) -> 508.09
A972: SUB-385309023 | C972: 4437.5255 | D972: 11370.063 | E972: 4013.9454 | F972: 7256.908 | G972: 3637.2047 | H972: 2604.7964 | I972: 371.23609 | J972: 285.73068 | K972: 3309.2487 | L972: 1532.1802 | M972: 6172.1448 | N972: =SUM(B972:M972) -> 44990.984 | P972: 3.5031694 | Q972: 9.7288588 | R972: 5.2642777 | S972: 7.6543439 | T972: 1.1352475 | U972: 4.6622969 | V972: 2.31147 | W972: 6.4039685 | X972: 1.2682425 | Y972: 2.3505944 | Z972: 4.7934006 | AA972: =SUM(O972:Z972) -> 49.07587 | AB972: Reduced rate | AC972: 9.99 | AD972: 54.57 | AE972: 124.2 | AF972: 50.43 | AG972: 82.96 | AH972: 46.47 | AI972: 36.29 | AJ972: 13.86 | AK972: 13.2 | AL972: 43.19 | AM972: 25.47 | AN972: 71.97 | AO972: =SUM(AC972:AN972) -> 572.6
A973: SUB-402214203 | C973: 7160.7046 | D973: 7620.5246 | E973: 2371.7399 | F973: 0 | G973: 761.17378 | H973: 391.72524 | I973: 689.10169 | J973: 8336.4677 | K973: 14744.5 | L973: 5856.9909 | M973: 5258.0703 | N973: =SUM(B973:M973) -> 53190.999 | P973: 1.9715474 | Q973: 10.404866 | R973: 1.9550208 | S973: 1.0367785 | T973: 3.7899856 | U973: 1.1717483 | V973: 12.407448 | W973: 2.5215884 | X973: 0.95968374 | Y973: 2.0088394 | Z973: 4.8935986 | AA973: =SUM(O973:Z973) -> 43.121104 | AB973: Reduced rate | AC973: 9.99 | AD973: 81.7 | AE973: 86.75 | AF973: 33.81 | AG973: 10.09 | AH973: 17.81 | AI973: 14.01 | AJ973: 17.54 | AK973: 93.51 | AL973: 157.49 | AM973: 68.71 | AN973: 62.83 | AO973: =SUM(AC973:AN973) -> 654.24
A974: SUB-202670917 | E974: 4910.3658 | F974: 569.04844 | G974: 9043.0404 | H974: 192.93132 | I974: 3475.1494 | J974: 0 | K974: 924.48594 | L974: 0 | M974: 3512.2282 | N974: =SUM(B974:M974) -> 22627.25 | R974: 4.7480252 | S974: 0.88880818 | T974: 3.3006663 | U974: 4.462712 | V974: 8.2001107 | W974: 1.198031 | X974: 10.12506 | Y974: 1.8659811 | Z974: 5.4406645 | AA974: =SUM(O974:Z974) -> 40.230059 | AB974: Pay-as-you-go | AF974: 98.67 | AG974: 11.49 | AH974: 181.24 | AI974: 4.31 | AJ974: 70.33 | AK974: 0.18 | AL974: 19.49 | AM974: 0.18 | AN974: 70.8 | AO974: =SUM(AC974:AN974) -> 456.69
A975: SUB-249687352 | E975: 2389.4174 | F975: 943.31711 | G975: 2173.9529 | H975: 539.33346 | I975: 2257.4947 | J975: 2447.4317 | K975: 703.97935 | L975: 2226.7012 | M975: 2034.3496 | N975: =SUM(B975:M975) -> 15715.977 | R975: 7.3458073 | S975: 0 | T975: 3.4798642 | U975: 6.2778176 | V975: 2.1782733 | W975: 2.6714091 | X975: 3.3360436 | Y975: 8.5448818 | Z975: 6.6981618 | AA975: =SUM(O975:Z975) -> 40.532259 | AB975: Pay-as-you-go | AF975: 48.52 | AG975: 18.88 | AH975: 43.84 | AI975: 11.43 | AJ975: 45.43 | AK975: 49.23 | AL975: 14.44 | AM975: 45.35 | AN975: 41.33 | AO975: =SUM(AC975:AN975) -> 318.45
A976: SUB-460252473 | C976: 3152.322 | D976: 4603.4834 | E976: 13472.614 | F976: 1735.8468 | G976: 5174.8675 | H976: 1509.2911 | I976: 6944.7339 | J976: 6970.6357 | K976: 8119.3801 | L976: 0 | M976: 539.30212 | N976: =SUM(B976:M976) -> 52222.477 | P976: 1.6224999 | Q976: 0.34962165 | R976: 0.69980552 | S976: 2.2936654 | T976: 3.9521259 | U976: 2.0026378 | V976: 0.43743882 | W976: 0 | X976: 5.2136145 | Y976: 1.5459579 | Z976: 0 | AA976: =SUM(O976:Z976) -> 18.117367 | AB976: Reduced rate | AC976: 9.99 | AD976: 41.62 | AE976: 56.08 | AF976: 144.77 | AG976: 27.5 | AH976: 61.94 | AI976: 25.24 | AJ976: 79.49 | AK976: 79.7 | AL976: 91.49 | AM976: 10.09 | AN976: 15.39 | AO976: =SUM(AC976:AN976) -> 643.3
A977: SUB-378062748 | E977: 8355.7715 | F977: 4832.5458 | G977: 0 | H977: 1008.8784 | I977: 4053.2023 | J977: 2167.2873 | K977: 3290.1145 | L977: 2059.2279 | M977: 5196.4781 | N977: =SUM(B977:M977) -> 30963.506 | R977: 3.2233684 | S977: 0 | T977: 5.3605234 | U977: 10.189755 | V977: 3.1569305 | W977: 0.5673197 | X977: 1.0697748 | Y977: 9.2006918 | Z977: 1.5656615 | AA977: =SUM(O977:Z977) -> 34.334026 | AB977: Pay-as-you-go | AF977: 167.48 | AG977: 96.66 | AH977: 0.54 | AI977: 21.17 | AJ977: 81.44 | AK977: 43.45 | AL977: 66 | AM977: 42.1 | AN977: 104.12 | AO977: =SUM(AC977:AN977) -> 622.96
A978: SUB-472333112 | E978: 6750.3357 | F978: 8023.6749 | G978: 1238.3353 | H978: 1324.1682 | I978: 2839.9952 | J978: 11925.708 | K978: 2196.3231 | L978: 7755.9495 | M978: 2531.0842 | N978: =SUM(B978:M978) -> 44585.574 | R978: 4.0532067 | S978: 2.2023846 | T978: 10.287589 | U978: 9.6573339 | V978: 0.97481997 | W978: 5.4826344 | X978: 0.45736792 | Y978: 1.7698489 | Z978: 4.7193583 | AA978: =SUM(O978:Z978) -> 39.604544 | AB978: Reduced rate | AC978: 9.99 | AD978: 9.99 | AE978: 9.99 | AF978: 77.75 | AG978: 90.38 | AH978: 22.93 | AI978: 23.74 | AJ978: 38.44 | AK978: 129.55 | AL978: 32.01 | AM978: 87.65 | AN978: 35.56 | AO978: =SUM(AC978:AN978) -> 567.98
A979: SUB-426183240 | E979: 1128.761 | F979: 2038.7661 | G979: 1682.2894 | H979: 1715.6895 | I979: 1009.3803 | J979: 3169.9192 | K979: 1101.0794 | L979: 5751.6563 | M979: 4151.1372 | N979: =SUM(B979:M979) -> 21748.678 | R979: 0.57433549 | S979: 3.7596927 | T979: 4.011852 | U979: 1.0770638 | V979: 3.3484701 | W979: 14.055491 | X979: 2.3024473 | Y979: 2.1632566 | Z979: 8.7133259 | AA979: =SUM(O979:Z979) -> 40.005934 | AB979: Pay-as-you-go | AF979: 22.67 | AG979: 41.14 | AH979: 34.11 | AI979: 34.5 | AJ979: 20.56 | AK979: 64.75 | AL979: 22.31 | AM979: 115.31 | AN979: 83.85 | AO979: =SUM(AC979:AN979) -> 439.2
A980: SUB-602653752 | E980: 5440.3773 | F980: 6713.1323 | G980: 6936.2553 | H980: 2685.5118 | I980: 2337.4147 | J980: 0 | K980: 9782.6451 | L980: 229.04627 | M980: 5706.9266 | N980: =SUM(B980:M980) -> 39831.309 | R980: 5.6630056 | S980: 0 | T980: 2.3678838 | U980: 8.7703923 | V980: 0.38688826 | W980: 4.2907721 | X980: 4.2871134 | Y980: 2.3622104 | Z980: 3.2348485 | AA980: =SUM(O980:Z980) -> 31.363114 | AB980: Reduced rate | AC980: 9.99 | AD980: 9.99 | AE980: 9.99 | AF980: 64.7 | AG980: 77.13 | AH980: 79.51 | AI980: 37.3 | AJ980: 33.42 | AK980: 10.24 | AL980: 108.07 | AM980: 12.44 | AN980: 67.26 | AO980: =SUM(AC980:AN980) -> 520.04
A981: SUB-438453562 | D981: 6263.6017 | E981: 6504.993 | F981: 2129.9083 | G981: 759.94717 | H981: 4663.146 | I981: 972.27559 | J981: 364.73432 | K981: 1418.5512 | L981: 1676.704 | M981: 376.38917 | N981: =SUM(B981:M981) -> 25130.25 | Q981: 2.4930334 | R981: 1.7721866 | S981: 0.95636867 | T981: 9.3268411 | U981: 3.8494296 | V981: 1.8065424 | W981: 4.8814709 | X981: 2.135263 | Y981: 3.7028068 | Z981: 3.3171239 | AA981: =SUM(O981:Z981) -> 34.241066 | AB981: Pay-as-you-go | AE981: 125.55 | AF981: 130.28 | AG981: 42.69 | AH981: 16.1 | AI981: 93.64 | AJ981: 19.64 | AK981: 7.75 | AL981: 28.65 | AM981: 33.9 | AN981: 7.9 | AO981: =SUM(AC981:AN981) -> 506.1
A982: SUB-606554691 | D982: 13258.531 | E982: 1847.6905 | F982: 11360.356 | G982: 2777.0246 | H982: 2139.0353 | I982: 5669.1713 | J982: 5490.1447 | K982: 2975.4232 | L982: 1633.782 | M982: 4728.3067 | N982: =SUM(B982:M982) -> 51879.465 | Q982: 0.95070175 | R982: 0 | S982: 3.6853861 | T982: 3.5945415 | U982: 9.4321258 | V982: 3.9760669 | W982: 5.1859751 | X982: 1.9727226 | Y982: 0.8420426 | Z982: 0.56304225 | AA982: =SUM(O982:Z982) -> 30.202605 | AB982: Reduced rate | AC982: 9.99 | AD982: 9.99 | AE982: 142.63 | AF982: 28.47 | AG982: 123.8 | AH982: 37.97 | AI982: 31.89 | AJ982: 66.89 | AK982: 65.2 | AL982: 39.85 | AM982: 26.38 | AN982: 57.33 | AO982: =SUM(AC982:AN982) -> 640.39
A983: SUB-623596001 | D983: 10682.98 | E983: 2722.7385 | F983: 11630.393 | G983: 10779.185 | H983: 8651.873 | I983: 8061.4454 | J983: 7538.0408 | K983: 5894.3864 | L983: 3956.5787 | M983: 0 | N983: =SUM(B983:M983) -> 69917.62 | Q983: 2.36978 | R983: 1.155684 | S983: 1.507211 | T983: 0.31330081 | U983: 2.2095983 | V983: 1.7221699 | W983: 3.0133152 | X983: 1.0551767 | Y983: 6.7757988 | Z983: 4.939369 | AA983: =SUM(O983:Z983) -> 25.061404 | AB983: Reduced rate | AC983: 9.99 | AD983: 9.99 | AE983: 116.97 | AF983: 37.32 | AG983: 126.4 | AH983: 117.84 | AI983: 96.66 | AJ983: 90.71 | AK983: 85.58 | AL983: 69.04 | AM983: 49.91 | AN983: 10.24 | AO983: =SUM(AC983:AN983) -> 820.65
A984: SUB-508589057 | E984: 3890.7556 | F984: 5360.0065 | G984: 1021.9799 | H984: 4341.0086 | I984: 2253.217 | J984: 3237.1804 | K984: 1621.1376 | L984: 11062.499 | M984: 343.43955 | N984: =SUM(B984:M984) -> 33131.224 | R984: 0 | S984: 3.2385103 | T984: 1.9777267 | U984: 0.23145243 | V984: 2.8153223 | W984: 1.9233445 | X984: 4.8670007 | Y984: 2.8855198 | Z984: 1.1519435 | AA984: =SUM(O984:Z984) -> 19.09082 | AB984: Pay-as-you-go | AF984: 77.82 | AG984: 107.58 | AH984: 20.62 | AI984: 86.93 | AJ984: 45.35 | AK984: 64.94 | AL984: 32.89 | AM984: 221.53 | AN984: 7.06 | AO984: =SUM(AC984:AN984) -> 664.72
A985: SUB-638553771 | C985: 4127.7511 | D985: 3117.1265 | E985: 1305.007 | F985: 3914.9845 | G985: 1732.1969 | H985: 6725.9243 | I985: 3979.9497 | J985: 2864.6062 | K985: 8315.7157 | L985: 7093.301 | M985: 3408.2132 | N985: =SUM(B985:M985) -> 46584.776 | P985: 4.9152761 | Q985: 3.712382 | R985: 3.3055753 | S985: 16.010214 | T985: 2.1173768 | U985: 0 | V985: 6.1380616 | W985: 0.60299706 | X985: 4.4463157 | Y985: 12.955876 | Z985: 5.0027258 | AA985: =SUM(O985:Z985) -> 59.206801 | AB985: Reduced rate | AC985: 9.99 | AD985: 51.52 | AE985: 41.37 | AF985: 23.25 | AG985: 49.99 | AH985: 27.47 | AI985: 77.25 | AJ985: 50.14 | AK985: 38.69 | AL985: 93.4 | AM985: 81.58 | AN985: 44.38 | AO985: =SUM(AC985:AN985) -> 589.03
A986: SUB-607872431 | D986: 1203.8867 | E986: 555.64045 | F986: 0 | G986: 4088.9723 | H986: 3531.1062 | I986: 2036.3036 | J986: 3728.8347 | K986: 5971.9532 | L986: 9645.0405 | M986: 2434.42 | N986: =SUM(B986:M986) -> 33196.158 | Q986: 0 | R986: 10.448555 | S986: 0 | T986: 0.55720107 | U986: 0.93632842 | V986: 1.7260414 | W986: 0 | X986: 1.7545651 | Y986: 0 | Z986: 7.0573238 | AA986: =SUM(O986:Z986) -> 22.480014 | AB986: Pay-as-you-go | AE986: 24.08 | AF986: 12.11 | AG986: 0 | AH986: 81.87 | AI986: 70.73 | AJ986: 40.92 | AK986: 74.58 | AL986: 119.62 | AM986: 192.92 | AN986: 49.42 | AO986: =SUM(AC986:AN986) -> 666.25
A987: SUB-610186341 | D987: 4023.3276 | E987: 0 | F987: 2675.7633 | G987: 3990.8546 | H987: 1950.7378 | I987: 4007.1977 | J987: 2366.2823 | K987: 860.45928 | L987: 2009.2707 | M987: 9072.5366 | N987: =SUM(B987:M987) -> 30956.43 | Q987: 1.1921813 | R987: 0.18404898 | S987: 0.018812569 | T987: 12.605335 | U987: 2.6195432 | V987: 0.69102739 | W987: 8.1502599 | X987: 8.6290961 | Y987: 2.2297881 | Z987: 4.6246662 | AA987: =SUM(O987:Z987) -> 40.944759 | AB987: Pay-as-you-go | AE987: 80.66 | AF987: 0.09 | AG987: 53.61 | AH987: 80.99 | AI987: 39.29 | AJ987: 80.25 | AK987: 48.15 | AL987: 18.03 | AM987: 40.47 | AN987: 181.91 | AO987: =SUM(AC987:AN987) -> 623.45
A988: SUB-631958192 | E988: 4386.7233 | F988: 446.73172 | G988: 0 | H988: 1156.4317 | I988: 6323.4721 | J988: 2612.0407 | K988: 1696.4563 | L988: 4724.0731 | M988: 866.39143 | N988: =SUM(B988:M988) -> 22212.32 | R988: 4.7224681 | S988: 8.0486553 | T988: 0.80877096 | U988: 7.1044052 | V988: 10.07929 | W988: 7.1997716 | X988: 0 | Y988: 0 | Z988: 0 | AA988: =SUM(O988:Z988) -> 37.963361 | AB988: Pay-as-you-go | AF988: 88.19 | AG988: 9.75 | AH988: 0.09 | AI988: 23.86 | AJ988: 127.47 | AK988: 52.98 | AL988: 33.94 | AM988: 94.5 | AN988: 17.34 | AO988: =SUM(AC988:AN988) -> 448.12
A989: SUB-653128956 | C989: 8174.5725 | D989: 407.54448 | E989: 1877.0981 | F989: 1106.6526 | G989: 1557.3695 | H989: 8748.2665 | I989: 5739.5184 | J989: 4265.0286 | K989: 3677.4788 | L989: 8438.6083 | M989: 1741.3615 | N989: =SUM(B989:M989) -> 45733.499 | P989: 0 | Q989: 6.2322515 | R989: 0.97124312 | S989: 0.60105526 | T989: 4.1814635 | U989: 3.8330529 | V989: 18.697565 | W989: 1.9509719 | X989: 1.7036987 | Y989: 5.0106462 | Z989: 3.1576687 | AA989: =SUM(O989:Z989) -> 46.339617 | AB989: Reduced rate | AC989: 9.99 | AD989: 91.74 | AE989: 14.42 | AF989: 28.82 | AG989: 21.11 | AH989: 25.82 | AI989: 97.68 | AJ989: 68.34 | AK989: 52.75 | AL989: 46.87 | AM989: 94.68 | AN989: 27.61 | AO989: =SUM(AC989:AN989) -> 579.83
A990: SUB-680490196 | D990: 3681.8036 | E990: 3819.2007 | F990: 2527.4095 | G990: 915.12674 | H990: 1491.5169 | I990: 7501.2139 | J990: 6015.4529 | K990: 11026.107 | L990: 1570.175 | M990: 1348.1992 | N990: =SUM(B990:M990) -> 39896.205 | Q990: 0.2204535 | R990: 2.4322692 | S990: 0.047680318 | T990: 5.722722 | U990: 0.39248978 | V990: 10.214541 | W990: 8.0655916 | X990: 2.6025135 | Y990: 10.649866 | Z990: 22.005022 | AA990: =SUM(O990:Z990) -> 62.353149 | AB990: Reduced rate | AC990: 9.99 | AD990: 9.99 | AE990: 46.86 | AF990: 48.34 | AG990: 35.32 | AH990: 19.45 | AI990: 24.96 | AJ990: 85.56 | AK990: 70.6 | AL990: 120.41 | AM990: 26.25 | AN990: 24.63 | AO990: =SUM(AC990:AN990) -> 522.36
A991: SUB-733191758 | D991: 814.09936 | E991: 820.76491 | F991: 339.89067 | G991: 7711.9103 | H991: 4123.5884 | I991: 6127.6685 | J991: 2622.5545 | K991: 1069.6564 | L991: 647.47412 | M991: 1256.2084 | N991: =SUM(B991:M991) -> 25533.816 | Q991: 1.2419074 | R991: 5.2111377 | S991: 1.4273525 | T991: 2.9869738 | U991: 2.9418722 | V991: 7.9460993 | W991: 0.9505867 | X991: 9.9723255 | Y991: 6.5355361 | Z991: 0.28146509 | AA991: =SUM(O991:Z991) -> 39.495256 | AB991: Pay-as-you-go | AE991: 16.48 | AF991: 16.96 | AG991: 6.98 | AH991: 154.51 | AI991: 82.75 | AJ991: 123.28 | AK991: 52.55 | AL991: 22.3 | AM991: 13.59 | AN991: 25.23 | AO991: =SUM(AC991:AN991) -> 514.63
A992: SUB-791237831 | D992: 255.72426 | E992: 0 | F992: 4189.9199 | G992: 4703.2997 | H992: 5060.3645 | I992: 8074.4796 | J992: 1616.511 | K992: 2553.4237 | L992: 3789.8758 | M992: 14025.602 | N992: =SUM(B992:M992) -> 44269.2 | Q992: 2.1239144 | R992: 6.9073778 | S992: 3.5155533 | T992: 1.8002026 | U992: 2.1805138 | V992: 6.0623838 | W992: 3.7266888 | X992: 1.5915675 | Y992: 13.791339 | Z992: 4.1460073 | AA992: =SUM(O992:Z992) -> 45.845549 | AB992: Pay-as-you-go | AE992: 5.39 | AF992: 0.63 | AG992: 84.16 | AH992: 94.26 | AI992: 101.49 | AJ992: 162.13 | AK992: 32.7 | AL992: 51.26 | AM992: 77.06 | AN992: 280.97 | AO992: =SUM(AC992:AN992) -> 890.05
A993: SUB-736720302 | D993: 6941.8284 | E993: 4312.2524 | F993: 11429.194 | G993: 8676.7665 | H993: 886.52061 | I993: 0 | J993: 1562.3515 | K993: 1935.0535 | L993: 3427.4513 | M993: 953.28131 | N993: =SUM(B993:M993) -> 40124.7 | Q993: 1.7789761 | R993: 3.6285989 | S993: 3.7301527 | T993: 4.8882047 | U993: 4.8768255 | V993: 1.4185253 | W993: 6.9293659 | X993: 1.1952878 | Y993: 0 | Z993: 15.291623 | AA993: =SUM(O993:Z993) -> 43.73756 | AB993: Reduced rate | AC993: 9.99 | AD993: 9.99 | AE993: 79.51 | AF993: 53.32 | AG993: 124.49 | AH993: 97.01 | AI993: 19.11 | AJ993: 10.09 | AK993: 25.97 | AL993: 29.45 | AM993: 44.27 | AN993: 20.33 | AO993: =SUM(AC993:AN993) -> 523.53
A994: SUB-773089586 | C994: 2987.3232 | D994: 415.52158 | E994: 2258.5214 | F994: 6663.8525 | G994: 5862.4798 | H994: 5216.9896 | I994: 1060.9429 | J994: 4747.3753 | K994: 5415.1662 | L994: 3883.092 | M994: 8373.5238 | N994: =SUM(B994:M994) -> 46884.788 | P994: 1.1100061 | Q994: 0.52578137 | R994: 1.3209191 | S994: 0.18496299 | T994: 0.50129403 | U994: 2.0948559 | V994: 2.693578 | W994: 11.249344 | X994: 1.4687896 | Y994: 2.4500867 | Z994: 3.2373056 | AA994: =SUM(O994:Z994) -> 26.836924 | AB994: Reduced rate | AC994: 9.99 | AD994: 39.97 | AE994: 14.2 | AF994: 32.68 | AG994: 76.68 | AH994: 68.67 | AI994: 62.31 | AJ994: 20.75 | AK994: 58.07 | AL994: 64.25 | AM994: 48.98 | AN994: 93.93 | AO994: =SUM(AC994:AN994) -> 590.48
A995: SUB-801402119 | D995: 3118.3987 | E995: 492.74279 | F995: 1044.6285 | G995: 1939.5461 | H995: 2011.5416 | I995: 542.20675 | J995: 11915.767 | K995: 1593.6022 | L995: 1374.1747 | M995: 0 | N995: =SUM(B995:M995) -> 24032.608 | Q995: 1.9209662 | R995: 0.96624623 | S995: 2.0653132 | T995: 5.5888182 | U995: 10.76107 | V995: 24.478142 | W995: 0.50063462 | X995: 2.7171941 | Y995: 7.5731056 | Z995: 2.1451386 | AA995: =SUM(O995:Z995) -> 58.716629 | AB995: Pay-as-you-go | AE995: 62.56 | AF995: 9.95 | AG995: 21.17 | AH995: 39.34 | AI995: 41.23 | AJ995: 13.11 | AK995: 238.41 | AL995: 32.15 | AM995: 28.22 | AN995: 0.27 | AO995: =SUM(AC995:AN995) -> 486.41
A996: SUB-847298568 | C996: 1033.4407 | D996: 217.01613 | E996: 3943.8404 | F996: 803.07238 | G996: 2975.0271 | H996: 4973.8302 | I996: 935.476 | J996: 2900.2161 | K996: 10142.19 | L996: 3191.0874 | M996: 20451.855 | N996: =SUM(B996:M996) -> 51567.052 | P996: 0.72221182 | Q996: 5.1594717 | R996: 4.1011538 | S996: 5.985012 | T996: 2.4719451 | U996: 1.4313845 | V996: 2.6920276 | W996: 5.3432786 | X996: 2.3002041 | Y996: 7.2565524 | Z996: 8.0854351 | AA996: =SUM(O996:Z996) -> 45.548677 | AB996: Reduced rate | AC996: 9.99 | AD996: 20.38 | AE996: 12.47 | AF996: 49.68 | AG996: 18.33 | AH996: 39.9 | AI996: 59.83 | AJ996: 19.5 | AK996: 39.3 | AL996: 111.57 | AM996: 42.31 | AN996: 214.96 | AO996: =SUM(AC996:AN996) -> 638.22
A997: SUB-865366877 | D997: 0 | E997: 392.83063 | F997: 4517.1397 | G997: 297.83318 | H997: 3075.4996 | I997: 3681.7916 | J997: 938.30842 | K997: 1805.4276 | L997: 1375.7549 | M997: 10465.055 | N997: =SUM(B997:M997) -> 26549.641 | Q997: 3.8365186 | R997: 2.053853 | S997: 1.7424952 | T997: 4.8823349 | U997: 5.6186934 | V997: 0 | W997: 2.2283205 | X997: 0.32240258 | Y997: 1.7007535 | Z997: 0.63719945 | AA997: =SUM(O997:Z997) -> 23.022571 | AB997: Pay-as-you-go | AE997: 0.36 | AF997: 8.13 | AG997: 90.54 | AH997: 6.41 | AI997: 62.06 | AJ997: 73.64 | AK997: 19.05 | AL997: 36.21 | AM997: 27.7 | AN997: 209.41 | AO997: =SUM(AC997:AN997) -> 533.51
A998: SUB-912241823 | E998: 1688.1176 | F998: 1915.3542 | G998: 4577.164 | H998: 1938.4156 | I998: 15239.532 | J998: 4449.2364 | K998: 2643.3774 | L998: 1133.7111 | M998: 24.32194 | N998: =SUM(B998:M998) -> 33609.23 | R998: 2.063544 | S998: 0 | T998: 2.080731 | U998: 3.4298578 | V998: 10.055471 | W998: 1.0228432 | X998: 5.3951114 | Y998: 0 | Z998: 2.1562704 | AA998: =SUM(O998:Z998) -> 26.203829 | AB998: Pay-as-you-go | AF998: 34.05 | AG998: 38.32 | AH998: 91.83 | AI998: 39.14 | AJ998: 305.79 | AK998: 89.18 | AL998: 53.42 | AM998: 22.68 | AN998: 0.77 | AO998: =SUM(AC998:AN998) -> 675.18
A999: SUB-926962600 | C999: 1685.8654 | D999: 5930.993 | E999: 8605.0423 | F999: 3533.7632 | G999: 4238.7376 | H999: 740.72108 | I999: 2954.5423 | J999: 4237.8641 | K999: 2709.1501 | L999: 3361.897 | M999: 7899.7253 | N999: =SUM(B999:M999) -> 45898.301 | P999: 2.1916258 | Q999: 0 | R999: 6.6474254 | S999: 6.9438612 | T999: 0.22958024 | U999: 2.6086708 | V999: 1.9425018 | W999: 0 | X999: 17.294463 | Y999: 1.9621136 | Z999: 0.14023366 | AA999: =SUM(O999:Z999) -> 39.960475 | AB999: Reduced rate | AC999: 9.99 | AD999: 27 | AE999: 69.3 | AF999: 96.4 | AG999: 45.68 | AH999: 52.43 | AI999: 17.55 | AJ999: 39.64 | AK999: 52.37 | AL999: 37.99 | AM999: 43.71 | AN999: 89.04 | AO999: =SUM(AC999:AN999) -> 581.1
A1000: SUB-954126260 | D1000: 4651.7739 | E1000: 4345.4898 | F1000: 10325.428 | G1000: 1717.6506 | H1000: 6679.4967 | I1000: 8284.0808 | J1000: 3294.7967 | K1000: 4549.3943 | L1000: 1443.8724 | M1000: 1415.2207 | N1000: =SUM(B1000:M1000) -> 46707.204 | Q1000: 0 | R1000: 2.6807801 | S1000: 0.75227637 | T1000: 16.766483 | U1000: 1.8871112 | V1000: 7.6126322 | W1000: 2.9825828 | X1000: 4.945598 | Y1000: 3.3346537 | Z1000: 2.3146157 | AA1000: =SUM(O1000:Z1000) -> 43.276733 | AB1000: Reduced rate | AC1000: 9.99 | AD1000: 9.99 | AE1000: 56.51 | AF1000: 53.6 | AG1000: 113.3 | AH1000: 28.02 | AI1000: 76.89 | AJ1000: 93.24 | AK1000: 43.09 | AL1000: 55.74 | AM1000: 24.63 | AN1000: 24.3 | AO1000: =SUM(AC1000:AN1000) -> 589.3
A1001: SUB-927638913 | E1001: 11563.679 | F1001: 2409.6575 | G1001: 3905.7421 | H1001: 1222.899 | I1001: 2737.7533 | J1001: 3444.6563 | K1001: 2312.8753 | L1001: 2005.8777 | M1001: 1052.3506 | N1001: =SUM(B1001:M1001) -> 30655.491 | R1001: 0 | S1001: 1.2402137 | T1001: 17.905133 | U1001: 0.352715 | V1001: 3.9437556 | W1001: 4.7561362 | X1001: 3.3977784 | Y1001: 3.6844807 | Z1001: 0 | AA1001: =SUM(O1001:Z1001) -> 35.280212 | AB1001: Pay-as-you-go | AF1001: 231.28 | AG1001: 48.38 | AH1001: 79.74 | AI1001: 24.55 | AJ1001: 55.12 | AK1001: 69.35 | AL1001: 46.62 | AM1001: 40.48 | AN1001: 21.06 | AO1001: =SUM(AC1001:AN1001) -> 616.58
A1002: SUB-961271099 | D1002: 0 | E1002: 17077.526 | F1002: 4294.2083 | G1002: 1360.2084 | H1002: 0 | I1002: 331.75868 | J1002: 3313.9716 | K1002: 1496.4623 | L1002: 1378.2627 | M1002: 1781.4896 | N1002: =SUM(B1002:M1002) -> 31033.887 | Q1002: 2.5918444 | R1002: 3.4205007 | S1002: 1.8769143 | T1002: 0.86638909 | U1002: 0 | V1002: 7.3888319 | W1002: 3.055777 | X1002: 2.25174 | Y1002: 0 | Z1002: 2.1230985 | AA1002: =SUM(O1002:Z1002) -> 23.575096 | AB1002: Pay-as-you-go | AE1002: 0.27 | AF1002: 341.92 | AG1002: 86.08 | AH1002: 27.31 | AI1002: 0 | AJ1002: 7.36 | AK1002: 66.64 | AL1002: 30.21 | AM1002: 27.58 | AN1002: 35.91 | AO1002: =SUM(AC1002:AN1002) -> 623.28
A1005: Total_Data_Usage | B1005: Sum of the data usage of each customer for 12 months
A1006: Total_Talktime | B1006: Sum of the talktime (number of minutes) usage of each customer for 12 months
A1007: Total billing amount | B1007: Sum of the bill of each customer for 12 months
A1008: Plan | B1008: Which plan is the customer currently using?

Sheet S Size Pack
A1: S sized pack
A2: Tariff: 4.99 Euros
A3: Plan: 1GB of data, No free calls
A4: Assuming call rate to be 10 cents/min
A6: Customer_ID | B6: Excess_Data_Jan | C6: Excess_Data_Feb | D6: Excess_Data_Mar | E6: Excess_Data_Apr | F6: Excess_Data_May | G6: Excess_Data_Jun | H6: Excess_Data_Jul | I6: Excess_Data_Aug | J6: Excess_Data_Sep | K6: Excess_Data_Oct | L6: Excess_Data_Nov | M6: Excess_Data_Dec | N6: Total_Excess_data_S
A7: SUB-729143503 | B7: =IF(Combined_Data!B3> 1000, Combined_Data!B3 - 1000, 0) -> 27053.56 | C7: =IF(Combined_Data!C3> 1000, Combined_Data!C3 - 1000, 0) -> 1895.5485 | D7: =IF(Combined_Data!D3> 1000, Combined_Data!D3 - 1000, 0) -> 351.69367 | E7: =IF(Combined_Data!E3> 1000, Combined_Data!E3 - 1000, 0) -> 2756.5219 | F7: =IF(Combined_Data!F3> 1000, Combined_Data!F3 - 1000, 0) -> 0 | G7: =IF(Combined_Data!G3> 1000, Combined_Data!G3 - 1000, 0) -> 3012.203 | H7: =IF(Combined_Data!H3> 1000, Combined_Data!H3 - 1000, 0) -> 8166.6329 | I7: =IF(Combined_Data!I3> 1000, Combined_Data!I3 - 1000, 0) -> 4241.1959 | ... M7: =IF(Combined_Data!M3> 1000, Combined_Data!M3 - 1000, 0) -> 0 | N7: =SUM(B7:M7) -> 48073.827
A8: SUB-327259441 | B8: =IF(Combined_Data!B4> 1000, Combined_Data!B4 - 1000, 0) -> 26981.652 | C8: =IF(Combined_Data!C4> 1000, Combined_Data!C4 - 1000, 0) -> 0 | D8: =IF(Combined_Data!D4> 1000, Combined_Data!D4 - 1000, 0) -> 0 | E8: =IF(Combined_Data!E4> 1000, Combined_Data!E4 - 1000, 0) -> 0 | F8: =IF(Combined_Data!F4> 1000, Combined_Data!F4 - 1000, 0) -> 0 | G8: =IF(Combined_Data!G4> 1000, Combined_Data!G4 - 1000, 0) -> 3986.3074 | H8: =IF(Combined_Data!H4> 1000, Combined_Data!H4 - 1000, 0) -> 854.48703 | I8: =IF(Combined_Data!I4> 1000, Combined_Data!I4 - 1000, 0) -> 5695.5891 | ... M8: =IF(Combined_Data!M4> 1000, Combined_Data!M4 - 1000, 0) -> 1697.434 | N8: =SUM(B8:M8) -> 40107.469
A9: SUB-720199369 | B9: =IF(Combined_Data!B5> 1000, Combined_Data!B5 - 1000, 0) -> 23077.595 | C9: =IF(Combined_Data!C5> 1000, Combined_Data!C5 - 1000, 0) -> 1040.3707 | D9: =IF(Combined_Data!D5> 1000, Combined_Data!D5 - 1000, 0) -> 0 | E9: =IF(Combined_Data!E5> 1000, Combined_Data!E5 - 1000, 0) -> 1976.9148 | F9: =IF(Combined_Data!F5> 1000, Combined_Data!F5 - 1000, 0) -> 2284.5485 | G9: =IF(Combined_Data!G5> 1000, Combined_Data!G5 - 1000, 0) -> 0 | H9: =IF(Combined_Data!H5> 1000, Combined_Data!H5 - 1000, 0) -> 0 | I9: =IF(Combined_Data!I5> 1000, Combined_Data!I5 - 1000, 0) -> 4062.1182 | ... M9: =IF(Combined_Data!M5> 1000, Combined_Data!M5 - 1000, 0) -> 0 | N9: =SUM(B9:M9) -> 34420.384
A10: SUB-115774364 | B10: =IF(Combined_Data!B6> 1000, Combined_Data!B6 - 1000, 0) -> 22074.756 | C10: =IF(Combined_Data!C6> 1000, Combined_Data!C6 - 1000, 0) -> 1785.5024 | D10: =IF(Combined_Data!D6> 1000, Combined_Data!D6 - 1000, 0) -> 0 | E10: =IF(Combined_Data!E6> 1000, Combined_Data!E6 - 1000, 0) -> 2283.7711 | F10: =IF(Combined_Data!F6> 1000, Combined_Data!F6 - 1000, 0) -> 6459.8083 | G10: =IF(Combined_Data!G6> 1000, Combined_Data!G6 - 1000, 0) -> 2168.5675 | H10: =IF(Combined_Data!H6> 1000, Combined_Data!H6 - 1000, 0) -> 907.47372 | I10: =IF(Combined_Data!I6> 1000, Combined_Data!I6 - 1000, 0) -> 0 | ... M10: =IF(Combined_Data!M6> 1000, Combined_Data!M6 - 1000, 0) -> 6622.4986 | N10: =SUM(B10:M10) -> 45387.462
A11: SUB-687511952 | B11: =IF(Combined_Data!B7> 1000, Combined_Data!B7 - 1000, 0) -> 21979.493 | C11: =IF(Combined_Data!C7> 1000, Combined_Data!C7 - 1000, 0) -> 1122.315 | D11: =IF(Combined_Data!D7> 1000, Combined_Data!D7 - 1000, 0) -> 0 | E11: =IF(Combined_Data!E7> 1000, Combined_Data!E7 - 1000, 0) -> 4628.9233 | F11: =IF(Combined_Data!F7> 1000, Combined_Data!F7 - 1000, 0) -> 0 | G11: =IF(Combined_Data!G7> 1000, Combined_Data!G7 - 1000, 0) -> 865.49224 | H11: =IF(Combined_Data!H7> 1000, Combined_Data!H7 - 1000, 0) -> 0 | I11: =IF(Combined_Data!I7> 1000, Combined_Data!I7 - 1000, 0) -> 8671.7792 | ... M11: =IF(Combined_Data!M7> 1000, Combined_Data!M7 - 1000, 0) -> 642.51217 | N11: =SUM(B11:M11) -> 47666.923
A12: SUB-884111294 | B12: =IF(Combined_Data!B8> 1000, Combined_Data!B8 - 1000, 0) -> 20172.886 | C12: =IF(Combined_Data!C8> 1000, Combined_Data!C8 - 1000, 0) -> 523.68765 | D12: =IF(Combined_Data!D8> 1000, Combined_Data!D8 - 1000, 0) -> 485.30579 | E12: =IF(Combined_Data!E8> 1000, Combined_Data!E8 - 1000, 0) -> 3193.1236 | F12: =IF(Combined_Data!F8> 1000, Combined_Data!F8 - 1000, 0) -> 956.61231 | G12: =IF(Combined_Data!G8> 1000, Combined_Data!G8 - 1000, 0) -> 901.25347 | H12: =IF(Combined_Data!H8> 1000, Combined_Data!H8 - 1000, 0) -> 2119.8269 | I12: =IF(Combined_Data!I8> 1000, Combined_Data!I8 - 1000, 0) -> 1239.8238 | ... M12: =IF(Combined_Data!M8> 1000, Combined_Data!M8 - 1000, 0) -> 5059.3035 | N12: =SUM(B12:M12) -> 48452.956
A13: SUB-754009185 | B13: =IF(Combined_Data!B9> 1000, Combined_Data!B9 - 1000, 0) -> 16677.832 | C13: =IF(Combined_Data!C9> 1000, Combined_Data!C9 - 1000, 0) -> 3761.3302 | D13: =IF(Combined_Data!D9> 1000, Combined_Data!D9 - 1000, 0) -> 2058.4981 | E13: =IF(Combined_Data!E9> 1000, Combined_Data!E9 - 1000, 0) -> 8399.811 | F13: =IF(Combined_Data!F9> 1000, Combined_Data!F9 - 1000, 0) -> 7675.879 | G13: =IF(Combined_Data!G9> 1000, Combined_Data!G9 - 1000, 0) -> 4734.8376 | H13: =IF(Combined_Data!H9> 1000, Combined_Data!H9 - 1000, 0) -> 2587.2216 | I13: =IF(Combined_Data!I9> 1000, Combined_Data!I9 - 1000, 0) -> 2564.4166 | ... M13: =IF(Combined_Data!M9> 1000, Combined_Data!M9 - 1000, 0) -> 1312.6221 | N13: =SUM(B13:M13) -> 51078.505
A14: SUB-907933772 | B14: =IF(Combined_Data!B10> 1000, Combined_Data!B10 - 1000, 0) -> 16562.336 | C14: =IF(Combined_Data!C10> 1000, Combined_Data!C10 - 1000, 0) -> 588.66946 | D14: =IF(Combined_Data!D10> 1000, Combined_Data!D10 - 1000, 0) -> 873.92561 | E14: =IF(Combined_Data!E10> 1000, Combined_Data!E10 - 1000, 0) -> 11191.94 | F14: =IF(Combined_Data!F10> 1000, Combined_Data!F10 - 1000, 0) -> 2104.8013 | G14: =IF(Combined_Data!G10> 1000, Combined_Data!G10 - 1000, 0) -> 559.31436 | H14: =IF(Combined_Data!H10> 1000, Combined_Data!H10 - 1000, 0) -> 3198.5673 | I14: =IF(Combined_Data!I10> 1000, Combined_Data!I10 - 1000, 0) -> 0 | ... M14: =IF(Combined_Data!M10> 1000, Combined_Data!M10 - 1000, 0) -> 0 | N14: =SUM(B14:M14) -> 35785.623
A15: SUB-219686190 | B15: =IF(Combined_Data!B11> 1000, Combined_Data!B11 - 1000, 0) -> 16310.819 | C15: =IF(Combined_Data!C11> 1000, Combined_Data!C11 - 1000, 0) -> 600.9242 | D15: =IF(Combined_Data!D11> 1000, Combined_Data!D11 - 1000, 0) -> 3071.8053 | E15: =IF(Combined_Data!E11> 1000, Combined_Data!E11 - 1000, 0) -> 0 | F15: =IF(Combined_Data!F11> 1000, Combined_Data!F11 - 1000, 0) -> 0 | G15: =IF(Combined_Data!G11> 1000, Combined_Data!G11 - 1000, 0) -> 5817.1882 | H15: =IF(Combined_Data!H11> 1000, Combined_Data!H11 - 1000, 0) -> 511.49085 | I15: =IF(Combined_Data!I11> 1000, Combined_Data!I11 - 1000, 0) -> 614.10888 | ... M15: =IF(Combined_Data!M11> 1000, Combined_Data!M11 - 1000, 0) -> 4663.6196 | N15: =SUM(B15:M15) -> 42921.91
A16: SUB-275406642 | B16: =IF(Combined_Data!B12> 1000, Combined_Data!B12 - 1000, 0) -> 15752.503 | C16: =IF(Combined_Data!C12> 1000, Combined_Data!C12 - 1000, 0) -> 5126.3628 | D16: =IF(Combined_Data!D12> 1000, Combined_Data!D12 - 1000, 0) -> 1972.6152 | E16: =IF(Combined_Data!E12> 1000, Combined_Data!E12 - 1000, 0) -> 3473.5263 | F16: =IF(Combined_Data!F12> 1000, Combined_Data!F12 - 1000, 0) -> 4774.8251 | G16: =IF(Combined_Data!G12> 1000, Combined_Data!G12 - 1000, 0) -> 1388.7042 | H16: =IF(Combined_Data!H12> 1000, Combined_Data!H12 - 1000, 0) -> 5406.1825 | I16: =IF(Combined_Data!I12> 1000, Combined_Data!I12 - 1000, 0) -> 414.01455 | ... M16: =IF(Combined_Data!M12> 1000, Combined_Data!M12 - 1000, 0) -> 3306.3377 | N16: =SUM(B16:M16) -> 46732.684
A17: SUB-475178203 | B17: =IF(Combined_Data!B13> 1000, Combined_Data!B13 - 1000, 0) -> 15234.974 | C17: =IF(Combined_Data!C13> 1000, Combined_Data!C13 - 1000, 0) -> 2934.7617 | D17: =IF(Combined_Data!D13> 1000, Combined_Data!D13 - 1000, 0) -> 4727.4151 | E17: =IF(Combined_Data!E13> 1000, Combined_Data!E13 - 1000, 0) -> 0 | F17: =IF(Combined_Data!F13> 1000, Combined_Data!F13 - 1000, 0) -> 6942.5962 | G17: =IF(Combined_Data!G13> 1000, Combined_Data!G13 - 1000, 0) -> 10273.978 | H17: =IF(Combined_Data!H13> 1000, Combined_Data!H13 - 1000, 0) -> 1245.1036 | I17: =IF(Combined_Data!I13> 1000, Combined_Data!I13 - 1000, 0) -> 4506.8814 | ... M17: =IF(Combined_Data!M13> 1000, Combined_Data!M13 - 1000, 0) -> 2442.1968 | N17: =SUM(B17:M17) -> 55897.179
A18: SUB-384428935 | B18: =IF(Combined_Data!B14> 1000, Combined_Data!B14 - 1000, 0) -> 15201.279 | C18: =IF(Combined_Data!C14> 1000, Combined_Data!C14 - 1000, 0) -> 976.36773 | D18: =IF(Combined_Data!D14> 1000, Combined_Data!D14 - 1000, 0) -> 334.06983 | E18: =IF(Combined_Data!E14> 1000, Combined_Data!E14 - 1000, 0) -> 5880.8346 | F18: =IF(Combined_Data!F14> 1000, Combined_Data!F14 - 1000, 0) -> 1098.5512 | G18: =IF(Combined_Data!G14> 1000, Combined_Data!G14 - 1000, 0) -> 613.6047 | H18: =IF(Combined_Data!H14> 1000, Combined_Data!H14 - 1000, 0) -> 941.86939 | I18: =IF(Combined_Data!I14> 1000, Combined_Data!I14 - 1000, 0) -> 2510.1076 | ... M18: =IF(Combined_Data!M14> 1000, Combined_Data!M14 - 1000, 0) -> 134.30073 | N18: =SUM(B18:M18) -> 29643.934
... A1006: SUB-961271099 | B1006: =IF(Combined_Data!B1002> 1000, Combined_Data!B1002 - 1000, 0) -> 0 | C1006: =IF(Combined_Data!C1002> 1000, Combined_Data!C1002 - 1000, 0) -> 0 | D1006: =IF(Combined_Data!D1002> 1000, Combined_Data!D1002 - 1000, 0) -> 0 | E1006: =IF(Combined_Data!E1002> 1000, Combined_Data!E1002 - 1000, 0) -> 16077.526 | F1006: =IF(Combined_Data!F1002> 1000, Combined_Data!F1002 - 1000, 0) -> 3294.2083 | G1006: =IF(Combined_Data!G1002> 1000, Combined_Data!G1002 - 1000, 0) -> 360.20841 | H1006: =IF(Combined_Data!H1002> 1000, Combined_Data!H1002 - 1000, 0) -> 0 | I1006: =IF(Combined_Data!I1002> 1000, Combined_Data!I1002 - 1000, 0) -> 0 | ... M1006: =IF(Combined_Data!M1002> 1000, Combined_Data!M1002 - 1000, 0) -> 781.48964 | N1006: =SUM(B1006:M1006) -> 23702.129

Sheet Excess data S Pack
A1: Excess pack details: 1GB for 5 Euros
A2: No. of customers Change | B2: =COUNTIFS(T8:T1007,">0") -> 1000
A3: No. of customer do not change | B3: =COUNTIFS(T8:T1008,"<0") -> 0
A5: Total revenue | B5: =SUM(R8:R1007) -> 247407.15 | C5: Assuming that all customers would choose this package
A7: Customer_ID | B7: Plan | C7: Excess_Data_jan | D7: Excess_Data_Feb | E7: Excess_Data_Mar | F7: Excess_Data_Apr | G7: Excess_Data_May | H7: Excess_Data_Jun | I7: Excess_Data_Jul | J7: Excess_Data_Aug | K7: Excess_Data_Sep | L7: Excess_Data_Oct | M7: Excess_Data_Nov | N7: Excess_Data_Dec | O7: Total Excess Data Purchased | P7: Cost of excess data purchased | Q7: Cost_Total_Talktime_S | R7: Total Billing S package | S7: Total billing current tariff | T7: Difference between Current and S pack
A8: SUB-729143503 | B8: Reduced rate | C8: =CEILING('S Size Pack'!B7/1000,1) -> 28 | D8: =CEILING('S Size Pack'!C7/1000,1) -> 2 | E8: =CEILING('S Size Pack'!D7/1000,1) -> 1 | F8: =CEILING('S Size Pack'!E7/1000,1) -> 3 | G8: =CEILING('S Size Pack'!F7/1000,1) -> 0 | H8: =CEILING('S Size Pack'!G7/1000,1) -> 4 | I8: =CEILING('S Size Pack'!H7/1000,1) -> 9 | J8: =CEILING('S Size Pack'!I7/1000,1) -> 5 | ... N8: =CEILING('S Size Pack'!M7/1000,1) -> 0 | O8: =SUM(C8:N8) -> 53 | P8: =O8*5 -> 265 | Q8: 6.0885491 | R8: =P8+Q8+4.99*12 -> 330.96855 | S8: 700.39 | T8: =S8-R8 -> 369.42145
A9: SUB-327259441 | B9: Reduced rate | C9: =CEILING('S Size Pack'!B8/1000,1) -> 27 | D9: =CEILING('S Size Pack'!C8/1000,1) -> 0 | E9: =CEILING('S Size Pack'!D8/1000,1) -> 0 | F9: =CEILING('S Size Pack'!E8/1000,1) -> 0 | G9: =CEILING('S Size Pack'!F8/1000,1) -> 0 | H9: =CEILING('S Size Pack'!G8/1000,1) -> 4 | I9: =CEILING('S Size Pack'!H8/1000,1) -> 1 | J9: =CEILING('S Size Pack'!I8/1000,1) -> 6 | ... N9: =CEILING('S Size Pack'!M8/1000,1) -> 2 | O9: =SUM(C9:N9) -> 41 | P9: =O9*5 -> 205 | Q9: 3.563493 | R9: =P9+Q9+4.99*12 -> 268.44349 | S9: 625.11 | T9: =S9-R9 -> 356.66651
A10: SUB-720199369 | B10: Reduced rate | C10: =CEILING('S Size Pack'!B9/1000,1) -> 24 | D10: =CEILING('S Size Pack'!C9/1000,1) -> 2 | E10: =CEILING('S Size Pack'!D9/1000,1) -> 0 | F10: =CEILING('S Size Pack'!E9/1000,1) -> 2 | G10: =CEILING('S Size Pack'!F9/1000,1) -> 3 | H10: =CEILING('S Size Pack'!G9/1000,1) -> 0 | I10: =CEILING('S Size Pack'!H9/1000,1) -> 0 | J10: =CEILING('S Size Pack'!I9/1000,1) -> 5 | ... N10: =CEILING('S Size Pack'!M9/1000,1) -> 0 | O10: =SUM(C10:N10) -> 39 | P10: =O10*5 -> 195 | Q10: 4.4183788 | R10: =P10+Q10+4.99*12 -> 259.29838 | S10: 560.48 | T10: =S10-R10 -> 301.18162
A11: SUB-115774364 | B11: Reduced rate | C11: =CEILING('S Size Pack'!B10/1000,1) -> 23 | D11: =CEILING('S Size Pack'!C10/1000,1) -> 2 | E11: =CEILING('S Size Pack'!D10/1000,1) -> 0 | F11: =CEILING('S Size Pack'!E10/1000,1) -> 3 | G11: =CEILING('S Size Pack'!F10/1000,1) -> 7 | H11: =CEILING('S Size Pack'!G10/1000,1) -> 3 | I11: =CEILING('S Size Pack'!H10/1000,1) -> 1 | J11: =CEILING('S Size Pack'!I10/1000,1) -> 0 | ... N11: =CEILING('S Size Pack'!M10/1000,1) -> 7 | O11: =SUM(C11:N11) -> 51 | P11: =O11*5 -> 255 | Q11: 4.3565315 | R11: =P11+Q11+4.99*12 -> 319.23653 | S11: 682.55 | T11: =S11-R11 -> 363.31347
A12: SUB-687511952 | B12: Reduced rate | C12: =CEILING('S Size Pack'!B11/1000,1) -> 22 | D12: =CEILING('S Size Pack'!C11/1000,1) -> 2 | E12: =CEILING('S Size Pack'!D11/1000,1) -> 0 | F12: =CEILING('S Size Pack'!E11/1000,1) -> 5 | G12: =CEILING('S Size Pack'!F11/1000,1) -> 0 | H12: =CEILING('S Size Pack'!G11/1000,1) -> 1 | I12: =CEILING('S Size Pack'!H11/1000,1) -> 0 | J12: =CEILING('S Size Pack'!I11/1000,1) -> 9 | ... N12: =CEILING('S Size Pack'!M11/1000,1) -> 1 | O12: =SUM(C12:N12) -> 50 | P12: =O12*5 -> 250 | Q12: 3.6037017 | R12: =P12+Q12+4.99*12 -> 313.4837 | S12: 705.08 | T12: =S12-R12 -> 391.5963
A13: SUB-884111294 | B13: Reduced rate | C13: =CEILING('S Size Pack'!B12/1000,1) -> 21 | D13: =CEILING('S Size Pack'!C12/1000,1) -> 1 | E13: =CEILING('S Size Pack'!D12/1000,1) -> 1 | F13: =CEILING('S Size Pack'!E12/1000,1) -> 4 | G13: =CEILING('S Size Pack'!F12/1000,1) -> 1 | H13: =CEILING('S Size Pack'!G12/1000,1) -> 1 | I13: =CEILING('S Size Pack'!H12/1000,1) -> 3 | J13: =CEILING('S Size Pack'!I12/1000,1) -> 2 | ... N13: =CEILING('S Size Pack'!M12/1000,1) -> 6 | O13: =SUM(C13:N13) -> 55 | P13: =O13*5 -> 275 | Q13: 7.6831726 | R13: =P13+Q13+4.99*12 -> 342.56317 | S13: 728.61 | T13: =S13-R13 -> 386.04683
A14: SUB-754009185 | B14: Reduced rate | C14: =CEILING('S Size Pack'!B13/1000,1) -> 17 | D14: =CEILING('S Size Pack'!C13/1000,1) -> 4 | E14: =CEILING('S Size Pack'!D13/1000,1) -> 3 | F14: =CEILING('S Size Pack'!E13/1000,1) -> 9 | G14: =CEILING('S Size Pack'!F13/1000,1) -> 8 | H14: =CEILING('S Size Pack'!G13/1000,1) -> 5 | I14: =CEILING('S Size Pack'!H13/1000,1) -> 3 | J14: =CEILING('S Size Pack'!I13/1000,1) -> 3 | ... N14: =CEILING('S Size Pack'!M13/1000,1) -> 2 | O14: =SUM(C14:N14) -> 57 | P14: =O14*5 -> 285 | Q14: 3.4988229 | R14: =P14+Q14+4.99*12 -> 348.37882 | S14: 744.32 | T14: =S14-R14 -> 395.94118
A15: SUB-907933772 | B15: Reduced rate | C15: =CEILING('S Size Pack'!B14/1000,1) -> 17 | D15: =CEILING('S Size Pack'!C14/1000,1) -> 1 | E15: =CEILING('S Size Pack'!D14/1000,1) -> 1 | F15: =CEILING('S Size Pack'!E14/1000,1) -> 12 | G15: =CEILING('S Size Pack'!F14/1000,1) -> 3 | H15: =CEILING('S Size Pack'!G14/1000,1) -> 1 | I15: =CEILING('S Size Pack'!H14/1000,1) -> 4 | J15: =CEILING('S Size Pack'!I14/1000,1) -> 0 | ... N15: =CEILING('S Size Pack'!M14/1000,1) -> 0 | O15: =SUM(C15:N15) -> 40 | P15: =O15*5 -> 200 | Q15: 3.4044027 | R15: =P15+Q15+4.99*12 -> 263.2844 | S15: 570.48 | T15: =S15-R15 -> 307.1956
A16: SUB-219686190 | B16: Reduced rate | C16: =CEILING('S Size Pack'!B15/1000,1) -> 17 | D16: =CEILING('S Size Pack'!C15/1000,1) -> 1 | E16: =CEILING('S Size Pack'!D15/1000,1) -> 4 | F16: =CEILING('S Size Pack'!E15/1000,1) -> 0 | G16: =CEILING('S Size Pack'!F15/1000,1) -> 0 | H16: =CEILING('S Size Pack'!G15/1000,1) -> 6 | I16: =CEILING('S Size Pack'!H15/1000,1) -> 1 | J16: =CEILING('S Size Pack'!I15/1000,1) -> 1 | ... N16: =CEILING('S Size Pack'!M15/1000,1) -> 5 | O16: =SUM(C16:N16) -> 47 | P16: =O16*5 -> 235 | Q16: 3.9516809 | R16: =P16+Q16+4.99*12 -> 298.83168 | S16: 651.52 | T16: =S16-R16 -> 352.68832
A17: SUB-275406642 | B17: Reduced rate | C17: =CEILING('S Size Pack'!B16/1000,1) -> 16 | D17: =CEILING('S Size Pack'!C16/1000,1) -> 6 | E17: =CEILING('S Size Pack'!D16/1000,1) -> 2 | F17: =CEILING('S Size Pack'!E16/1000,1) -> 4 | G17: =CEILING('S Size Pack'!F16/1000,1) -> 5 | H17: =CEILING('S Size Pack'!G16/1000,1) -> 2 | I17: =CEILING('S Size Pack'!H16/1000,1) -> 6 | J17: =CEILING('S Size Pack'!I16/1000,1) -> 1 | ... N17: =CEILING('S Size Pack'!M16/1000,1) -> 4 | O17: =SUM(C17:N17) -> 53 | P17: =O17*5 -> 265 | Q17: 5.7768352 | R17: =P17+Q17+4.99*12 -> 330.65684 | S17: 710.47 | T17: =S17-R17 -> 379.81316
A18: SUB-475178203 | B18: Reduced rate | C18: =CEILING('S Size Pack'!B17/1000,1) -> 16 | D18: =CEILING('S Size Pack'!C17/1000,1) -> 3 | E18: =CEILING('S Size Pack'!D17/1000,1) -> 5 | F18: =CEILING('S Size Pack'!E17/1000,1) -> 0 | G18: =CEILING('S Size Pack'!F17/1000,1) -> 7 | H18: =CEILING('S Size Pack'!G17/1000,1) -> 11 | I18: =CEILING('S Size Pack'!H17/1000,1) -> 2 | J18: =CEILING('S Size Pack'!I17/1000,1) -> 5 | ... N18: =CEILING('S Size Pack'!M17/1000,1) -> 3 | O18: =SUM(C18:N18) -> 60 | P18: =O18*5 -> 300 | Q18: 5.3524702 | R18: =P18+Q18+4.99*12 -> 365.23247 | S18: 788.21 | T18: =S18-R18 -> 422.97753
A19: SUB-384428935 | B19: Reduced rate | C19: =CEILING('S Size Pack'!B18/1000,1) -> 16 | D19: =CEILING('S Size Pack'!C18/1000,1) -> 1 | E19: =CEILING('S Size Pack'!D18/1000,1) -> 1 | F19: =CEILING('S Size Pack'!E18/1000,1) -> 6 | G19: =CEILING('S Size Pack'!F18/1000,1) -> 2 | H19: =CEILING('S Size Pack'!G18/1000,1) -> 1 | I19: =CEILING('S Size Pack'!H18/1000,1) -> 1 | J19: =CEILING('S Size Pack'!I18/1000,1) -> 3 | ... N19: =CEILING('S Size Pack'!M18/1000,1) -> 1 | O19: =SUM(C19:N19) -> 35 | P19: =O19*5 -> 175 | Q19: 8.6843491 | R19: =P19+Q19+4.99*12 -> 243.56435 | S19: 530.98 | T19: =S19-R19 -> 287.41565
... A1007: SUB-961271099 | B1007: Pay-as-you-go | C1007: =CEILING('S Size Pack'!B1006/1000,1) -> 0 | D1007: =CEILING('S Size Pack'!C1006/1000,1) -> 0 | E1007: =CEILING('S Size Pack'!D1006/1000,1) -> 0 | F1007: =CEILING('S Size Pack'!E1006/1000,1) -> 17 | G1007: =CEILING('S Size Pack'!F1006/1000,1) -> 4 | H1007: =CEILING('S Size Pack'!G1006/1000,1) -> 1 | I1007: =CEILING('S Size Pack'!H1006/1000,1) -> 0 | J1007: =CEILING('S Size Pack'!I1006/1000,1) -> 0 | ... N1007: =CEILING('S Size Pack'!M1006/1000,1) -> 1 | O1007: =SUM(C1007:N1007) -> 28 | P1007: =O1007*5 -> 140 | Q1007: 2.3575096 | R1007: =P1007+Q1007+4.99*12 -> 202.23751 | S1007: 623.28 | T1007: =S1007-R1007 -> 421.04249

Sheet M Size Pack
A1: M sized pack
A2: Tariff: 9.99 Euros
A3: Plan: 5GB of data, 60 Mins free calls
A4: Assuming call rate to be 10 cents/min
A7: Customer_ID | B7: Excess_Data_jan | C7: Excess_Data_Feb | D7: Excess_Data_Mar | E7: Excess_Data_Apr | F7: Excess_Data_May | G7: Excess_Data_Jun | H7: Excess_Data_Jul | I7: Excess_Data_Aug | J7: Excess_Data_Sep | K7: Excess_Data_Oct | L7: Excess_Data_Nov | M7: Excess_Data_Dec | N7: Total_Excess_data_S
A8: SUB-729143503 | B8: =IF(Combined_Data!B3 > 5000, Combined_Data!B3 - 5000, 0) -> 23053.56 | C8: =IF(Combined_Data!C3 > 5000, Combined_Data!C3 - 5000, 0) -> 0 | D8: =IF(Combined_Data!D3 > 5000, Combined_Data!D3 - 5000, 0) -> 0 | E8: =IF(Combined_Data!E3 > 5000, Combined_Data!E3 - 5000, 0) -> 0 | F8: =IF(Combined_Data!F3 > 5000, Combined_Data!F3 - 5000, 0) -> 0 | G8: =IF(Combined_Data!G3 > 5000, Combined_Data!G3 - 5000, 0) -> 0 | H8: =IF(Combined_Data!H3 > 5000, Combined_Data!H3 - 5000, 0) -> 4166.6329 | I8: =IF(Combined_Data!I3 > 5000, Combined_Data!I3 - 5000, 0) -> 241.19595 | ... M8: =IF(Combined_Data!M3 > 5000, Combined_Data!M3 - 5000, 0) -> 0 | N8: =SUM(B8:M8) -> 27461.389
A9: SUB-327259441 | B9: =IF(Combined_Data!B4 > 5000, Combined_Data!B4 - 5000, 0) -> 22981.652 | C9: =IF(Combined_Data!C4 > 5000, Combined_Data!C4 - 5000, 0) -> 0 | D9: =IF(Combined_Data!D4 > 5000, Combined_Data!D4 - 5000, 0) -> 0 | E9: =IF(Combined_Data!E4 > 5000, Combined_Data!E4 - 5000, 0) -> 0 | F9: =IF(Combined_Data!F4 > 5000, Combined_Data!F4 - 5000, 0) -> 0 | G9: =IF(Combined_Data!G4 > 5000, Combined_Data!G4 - 5000, 0) -> 0 | H9: =IF(Combined_Data!H4 > 5000, Combined_Data!H4 - 5000, 0) -> 0 | I9: =IF(Combined_Data!I4 > 5000, Combined_Data!I4 - 5000, 0) -> 1695.5891 | ... M9: =IF(Combined_Data!M4 > 5000, Combined_Data!M4 - 5000, 0) -> 0 | N9: =SUM(B9:M9) -> 24677.241
A10: SUB-720199369 | B10: =IF(Combined_Data!B5 > 5000, Combined_Data!B5 - 5000, 0) -> 19077.595 | C10: =IF(Combined_Data!C5 > 5000, Combined_Data!C5 - 5000, 0) -> 0 | D10: =IF(Combined_Data!D5 > 5000, Combined_Data!D5 - 5000, 0) -> 0 | E10: =IF(Combined_Data!E5 > 5000, Combined_Data!E5 - 5000, 0) -> 0 | F10: =IF(Combined_Data!F5 > 5000, Combined_Data!F5 - 5000, 0) -> 0 | G10: =IF(Combined_Data!G5 > 5000, Combined_Data!G5 - 5000, 0) -> 0 | H10: =IF(Combined_Data!H5 > 5000, Combined_Data!H5 - 5000, 0) -> 0 | I10: =IF(Combined_Data!I5 > 5000, Combined_Data!I5 - 5000, 0) -> 62.11823 | ... M10: =IF(Combined_Data!M5 > 5000, Combined_Data!M5 - 5000, 0) -> 0 | N10: =SUM(B10:M10) -> 19139.713
A11: SUB-115774364 | B11: =IF(Combined_Data!B6 > 5000, Combined_Data!B6 - 5000, 0) -> 18074.756 | C11: =IF(Combined_Data!C6 > 5000, Combined_Data!C6 - 5000, 0) -> 0 | D11: =IF(Combined_Data!D6 > 5000, Combined_Data!D6 - 5000, 0) -> 0 | E11: =IF(Combined_Data!E6 > 5000, Combined_Data!E6 - 5000, 0) -> 0 | F11: =IF(Combined_Data!F6 > 5000, Combined_Data!F6 - 5000, 0) -> 2459.8083 | G11: =IF(Combined_Data!G6 > 5000, Combined_Data!G6 - 5000, 0) -> 0 | H11: =IF(Combined_Data!H6 > 5000, Combined_Data!H6 - 5000, 0) -> 0 | I11: =IF(Combined_Data!I6 > 5000, Combined_Data!I6 - 5000, 0) -> 0 | ... M11: =IF(Combined_Data!M6 > 5000, Combined_Data!M6 - 5000, 0) -> 2622.4986 | N11: =SUM(B11:M11) -> 23157.063
A12: SUB-687511952 | B12: =IF(Combined_Data!B7 > 5000, Combined_Data!B7 - 5000, 0) -> 17979.493 | C12: =IF(Combined_Data!C7 > 5000, Combined_Data!C7 - 5000, 0) -> 0 | D12: =IF(Combined_Data!D7 > 5000, Combined_Data!D7 - 5000, 0) -> 0 | E12: =IF(Combined_Data!E7 > 5000, Combined_Data!E7 - 5000, 0) -> 628.92328 | F12: =IF(Combined_Data!F7 > 5000, Combined_Data!F7 - 5000, 0) -> 0 | G12: =IF(Combined_Data!G7 > 5000, Combined_Data!G7 - 5000, 0) -> 0 | H12: =IF(Combined_Data!H7 > 5000, Combined_Data!H7 - 5000, 0) -> 0 | I12: =IF(Combined_Data!I7 > 5000, Combined_Data!I7 - 5000, 0) -> 4671.7792 | ... M12: =IF(Combined_Data!M7 > 5000, Combined_Data!M7 - 5000, 0) -> 0 | N12: =SUM(B12:M12) -> 26108.872
A13: SUB-884111294 | B13: =IF(Combined_Data!B8 > 5000, Combined_Data!B8 - 5000, 0) -> 16172.886 | C13: =IF(Combined_Data!C8 > 5000, Combined_Data!C8 - 5000, 0) -> 0 | D13: =IF(Combined_Data!D8 > 5000, Combined_Data!D8 - 5000, 0) -> 0 | E13: =IF(Combined_Data!E8 > 5000, Combined_Data!E8 - 5000, 0) -> 0 | F13: =IF(Combined_Data!F8 > 5000, Combined_Data!F8 - 5000, 0) -> 0 | G13: =IF(Combined_Data!G8 > 5000, Combined_Data!G8 - 5000, 0) -> 0 | H13: =IF(Combined_Data!H8 > 5000, Combined_Data!H8 - 5000, 0) -> 0 | I13: =IF(Combined_Data!I8 > 5000, Combined_Data!I8 - 5000, 0) -> 0 | ... M13: =IF(Combined_Data!M8 > 5000, Combined_Data!M8 - 5000, 0) -> 1059.3035 | N13: =SUM(B13:M13) -> 22384.356
A14: SUB-754009185 | B14: =IF(Combined_Data!B9 > 5000, Combined_Data!B9 - 5000, 0) -> 12677.832 | C14: =IF(Combined_Data!C9 > 5000, Combined_Data!C9 - 5000, 0) -> 0 | D14: =IF(Combined_Data!D9 > 5000, Combined_Data!D9 - 5000, 0) -> 0 | E14: =IF(Combined_Data!E9 > 5000, Combined_Data!E9 - 5000, 0) -> 4399.811 | F14: =IF(Combined_Data!F9 > 5000, Combined_Data!F9 - 5000, 0) -> 3675.879 | G14: =IF(Combined_Data!G9 > 5000, Combined_Data!G9 - 5000, 0) -> 734.83765 | H14: =IF(Combined_Data!H9 > 5000, Combined_Data!H9 - 5000, 0) -> 0 | I14: =IF(Combined_Data!I9 > 5000, Combined_Data!I9 - 5000, 0) -> 0 | ... M14: =IF(Combined_Data!M9 > 5000, Combined_Data!M9 - 5000, 0) -> 0 | N14: =SUM(B14:M14) -> 21488.36
A15: SUB-907933772 | B15: =IF(Combined_Data!B10 > 5000, Combined_Data!B10 - 5000, 0) -> 12562.336 | C15: =IF(Combined_Data!C10 > 5000, Combined_Data!C10 - 5000, 0) -> 0 | D15: =IF(Combined_Data!D10 > 5000, Combined_Data!D10 - 5000, 0) -> 0 | E15: =IF(Combined_Data!E10 > 5000, Combined_Data!E10 - 5000, 0) -> 7191.9403 | F15: =IF(Combined_Data!F10 > 5000, Combined_Data!F10 - 5000, 0) -> 0 | G15: =IF(Combined_Data!G10 > 5000, Combined_Data!G10 - 5000, 0) -> 0 | H15: =IF(Combined_Data!H10 > 5000, Combined_Data!H10 - 5000, 0) -> 0 | I15: =IF(Combined_Data!I10 > 5000, Combined_Data!I10 - 5000, 0) -> 0 | ... M15: =IF(Combined_Data!M10 > 5000, Combined_Data!M10 - 5000, 0) -> 0 | N15: =SUM(B15:M15) -> 19754.276
A16: SUB-219686190 | B16: =IF(Combined_Data!B11 > 5000, Combined_Data!B11 - 5000, 0) -> 12310.819 | C16: =IF(Combined_Data!C11 > 5000, Combined_Data!C11 - 5000, 0) -> 0 | D16: =IF(Combined_Data!D11 > 5000, Combined_Data!D11 - 5000, 0) -> 0 | E16: =IF(Combined_Data!E11 > 5000, Combined_Data!E11 - 5000, 0) -> 0 | F16: =IF(Combined_Data!F11 > 5000, Combined_Data!F11 - 5000, 0) -> 0 | G16: =IF(Combined_Data!G11 > 5000, Combined_Data!G11 - 5000, 0) -> 1817.1882 | H16: =IF(Combined_Data!H11 > 5000, Combined_Data!H11 - 5000, 0) -> 0 | I16: =IF(Combined_Data!I11 > 5000, Combined_Data!I11 - 5000, 0) -> 0 | ... M16: =IF(Combined_Data!M11 > 5000, Combined_Data!M11 - 5000, 0) -> 663.61962 | N16: =SUM(B16:M16) -> 21400.348
A17: SUB-275406642 | B17: =IF(Combined_Data!B12 > 5000, Combined_Data!B12 - 5000, 0) -> 11752.503 | C17: =IF(Combined_Data!C12 > 5000, Combined_Data!C12 - 5000, 0) -> 1126.3628 | D17: =IF(Combined_Data!D12 > 5000, Combined_Data!D12 - 5000, 0) -> 0 | E17: =IF(Combined_Data!E12 > 5000, Combined_Data!E12 - 5000, 0) -> 0 | F17: =IF(Combined_Data!F12 > 5000, Combined_Data!F12 - 5000, 0) -> 774.82511 | G17: =IF(Combined_Data!G12 > 5000, Combined_Data!G12 - 5000, 0) -> 0 | H17: =IF(Combined_Data!H12 > 5000, Combined_Data!H12 - 5000, 0) -> 1406.1825 | I17: =IF(Combined_Data!I12 > 5000, Combined_Data!I12 - 5000, 0) -> 0 | ... M17: =IF(Combined_Data!M12 > 5000, Combined_Data!M12 - 5000, 0) -> 0 | N17: =SUM(B17:M17) -> 15059.873
A18: SUB-475178203 | B18: =IF(Combined_Data!B13 > 5000, Combined_Data!B13 - 5000, 0) -> 11234.974 | C18: =IF(Combined_Data!C13 > 5000, Combined_Data!C13 - 5000, 0) -> 0 | D18: =IF(Combined_Data!D13 > 5000, Combined_Data!D13 - 5000, 0) -> 727.41509 | E18: =IF(Combined_Data!E13 > 5000, Combined_Data!E13 - 5000, 0) -> 0 | F18: =IF(Combined_Data!F13 > 5000, Combined_Data!F13 - 5000, 0) -> 2942.5962 | G18: =IF(Combined_Data!G13 > 5000, Combined_Data!G13 - 5000, 0) -> 6273.978 | H18: =IF(Combined_Data!H13 > 5000, Combined_Data!H13 - 5000, 0) -> 0 | I18: =IF(Combined_Data!I13 > 5000, Combined_Data!I13 - 5000, 0) -> 506.88135 | ... M18: =IF(Combined_Data!M13 > 5000, Combined_Data!M13 - 5000, 0) -> 0 | N18: =SUM(B18:M18) -> 23655.171
A19: SUB-384428935 | B19: =IF(Combined_Data!B14 > 5000, Combined_Data!B14 - 5000, 0) -> 11201.279 | C19: =IF(Combined_Data!C14 > 5000, Combined_Data!C14 - 5000, 0) -> 0 | D19: =IF(Combined_Data!D14 > 5000, Combined_Data!D14 - 5000, 0) -> 0 | E19: =IF(Combined_Data!E14 > 5000, Combined_Data!E14 - 5000, 0) -> 1880.8346 | F19: =IF(Combined_Data!F14 > 5000, Combined_Data!F14 - 5000, 0) -> 0 | G19: =IF(Combined_Data!G14 > 5000, Combined_Data!G14 - 5000, 0) -> 0 | H19: =IF(Combined_Data!H14 > 5000, Combined_Data!H14 - 5000, 0) -> 0 | I19: =IF(Combined_Data!I14 > 5000, Combined_Data!I14 - 5000, 0) -> 0 | ... M19: =IF(Combined_Data!M14 > 5000, Combined_Data!M14 - 5000, 0) -> 0 | N19: =SUM(B19:M19) -> 13082.114
... A1007: SUB-961271099 | B1007: =IF(Combined_Data!B1002 > 5000, Combined_Data!B1002 - 5000, 0) -> 0 | C1007: =IF(Combined_Data!C1002 > 5000, Combined_Data!C1002 - 5000, 0) -> 0 | D1007: =IF(Combined_Data!D1002 > 5000, Combined_Data!D1002 - 5000, 0) -> 0 | E1007: =IF(Combined_Data!E1002 > 5000, Combined_Data!E1002 - 5000, 0) -> 12077.526 | F1007: =IF(Combined_Data!F1002 > 5000, Combined_Data!F1002 - 5000, 0) -> 0 | G1007: =IF(Combined_Data!G1002 > 5000, Combined_Data!G1002 - 5000, 0) -> 0 | H1007: =IF(Combined_Data!H1002 > 5000, Combined_Data!H1002 - 5000, 0) -> 0 | I1007: =IF(Combined_Data!I1002 > 5000, Combined_Data!I1002 - 5000, 0) -> 0 | ... M1007: =IF(Combined_Data!M1002 > 5000, Combined_Data!M1002 - 5000, 0) -> 0 | N1007: =SUM(B1007:M1007) -> 12077.526

Sheet Excess data M Pack
A1: Excess pack details: | C1: 1GB for 5 Euros
C2: 5GB for 10 Euros
A3: No. of customers Change | C3: =COUNTIF(AF10:AF1009,">0") -> 1000
A4: No. of customer do not change | C4: =COUNTIF(AF10:AF1009,"<0") -> 0
A6: Total revenue | B6: =SUM(AF10:AF1009) -> 157120 | C6: Assuming that all customers would choose this package
D8: If the customers buy 1 GB extra for all their excess data | R8: If the customers buy 5 GB extra for all their excess data | AF8: Comparing both the packs which is cheaper for the customer
A9: Customer_ID | B9: Plan | D9: Excess_Data_jan | E9: Excess_Data_Feb | F9: Excess_Data_Mar | G9: Excess_Data_Apr | H9: Excess_Data_May | I9: Excess_Data_Jun | J9: Excess_Data_Jul | K9: Excess_Data_Aug | L9: Excess_Data_Sep | M9: Excess_Data_Oct | N9: Excess_Data_Nov | O9: Excess_Data_Dec | P9: Total_Excess_data_Purchaed | R9: Excess_Data_jan | S9: Excess_Data_Feb | T9: Excess_Data_Mar | U9: Excess_Data_Apr | V9: Excess_Data_May | W9: Excess_Data_Jun | X9: Excess_Data_Jul | Y9: Excess_Data_Aug | Z9: Excess_Data_Sep | AA9: Excess_Data_Oct | AB9: Excess_Data_Nov | AC9: Excess_Data_Dec | AD9: Total_Excess_data_Purchaed | AF9: Min of the 2 packs
A10: SUB-729143503 | B10: Reduced rate | D10: =CEILING('M Size Pack'!B8/1000,1) -> 24 | E10: =CEILING('M Size Pack'!C8/1000,1) -> 0 | F10: =CEILING('M Size Pack'!D8/1000,1) -> 0 | G10: =CEILING('M Size Pack'!E8/1000,1) -> 0 | H10: =CEILING('M Size Pack'!F8/1000,1) -> 0 | I10: =CEILING('M Size Pack'!G8/1000,1) -> 0 | J10: =CEILING('M Size Pack'!H8/1000,1) -> 5 | K10: =CEILING('M Size Pack'!I8/1000,1) -> 1 | ... O10: =CEILING('M Size Pack'!M8/1000,1) -> 0 | P10: =SUM(D10:O10)*5 -> 150 | R10: =CEILING('M Size Pack'!B8/5000,1) -> 5 | S10: =CEILING('M Size Pack'!C8/5000,1) -> 0 | T10: =CEILING('M Size Pack'!D8/5000,1) -> 0 | U10: =CEILING('M Size Pack'!E8/5000,1) -> 0 | V10: =CEILING('M Size Pack'!F8/5000,1) -> 0 | W10: =CEILING('M Size Pack'!G8/5000,1) -> 0 | X10: =CEILING('M Size Pack'!H8/5000,1) -> 1 | Y10: =CEILING('M Size Pack'!I8/5000,1) -> 1 | ... AC10: =CEILING('M Size Pack'!M8/5000,1) -> 0 | AD10: =SUM(R10:AC10)*10 -> 70 | AF10: =MIN(P10,AD10)+9.99*12 -> 189.88
A11: SUB-327259441 | B11: Reduced rate | D11: =CEILING('M Size Pack'!B9/1000,1) -> 23 | E11: =CEILING('M Size Pack'!C9/1000,1) -> 0 | F11: =CEILING('M Size Pack'!D9/1000,1) -> 0 | G11: =CEILING('M Size Pack'!E9/1000,1) -> 0 | H11: =CEILING('M Size Pack'!F9/1000,1) -> 0 | I11: =CEILING('M Size Pack'!G9/1000,1) -> 0 | J11: =CEILING('M Size Pack'!H9/1000,1) -> 0 | K11: =CEILING('M Size Pack'!I9/1000,1) -> 2 | ... O11: =CEILING('M Size Pack'!M9/1000,1) -> 0 | P11: =SUM(D11:O11)*5 -> 125 | R11: =CEILING('M Size Pack'!B9/5000,1) -> 5 | S11: =CEILING('M Size Pack'!C9/5000,1) -> 0 | T11: =CEILING('M Size Pack'!D9/5000,1) -> 0 | U11: =CEILING('M Size Pack'!E9/5000,1) -> 0 | V11: =CEILING('M Size Pack'!F9/5000,1) -> 0 | W11: =CEILING('M Size Pack'!G9/5000,1) -> 0 | X11: =CEILING('M Size Pack'!H9/5000,1) -> 0 | Y11: =CEILING('M Size Pack'!I9/5000,1) -> 1 | ... AC11: =CEILING('M Size Pack'!M9/5000,1) -> 0 | AD11: =SUM(R11:AC11)*10 -> 60 | AF11: =MIN(P11,AD11)+9.99*12 -> 179.88
A12: SUB-720199369 | B12: Reduced rate | D12: =CEILING('M Size Pack'!B10/1000,1) -> 20 | E12: =CEILING('M Size Pack'!C10/1000,1) -> 0 | F12: =CEILING('M Size Pack'!D10/1000,1) -> 0 | G12: =CEILING('M Size Pack'!E10/1000,1) -> 0 | H12: =CEILING('M Size Pack'!F10/1000,1) -> 0 | I12: =CEILING('M Size Pack'!G10/1000,1) -> 0 | J12: =CEILING('M Size Pack'!H10/1000,1) -> 0 | K12: =CEILING('M Size Pack'!I10/1000,1) -> 1 | ... O12: =CEILING('M Size Pack'!M10/1000,1) -> 0 | P12: =SUM(D12:O12)*5 -> 105 | R12: =CEILING('M Size Pack'!B10/5000,1) -> 4 | S12: =CEILING('M Size Pack'!C10/5000,1) -> 0 | T12: =CEILING('M Size Pack'!D10/5000,1) -> 0 | U12: =CEILING('M Size Pack'!E10/5000,1) -> 0 | V12: =CEILING('M Size Pack'!F10/5000,1) -> 0 | W12: =CEILING('M Size Pack'!G10/5000,1) -> 0 | X12: =CEILING('M Size Pack'!H10/5000,1) -> 0 | Y12: =CEILING('M Size Pack'!I10/5000,1) -> 1 | ... AC12: =CEILING('M Size Pack'!M10/5000,1) -> 0 | AD12: =SUM(R12:AC12)*10 -> 50 | AF12: =MIN(P12,AD12)+9.99*12 -> 169.88
A13: SUB-115774364 | B13: Reduced rate | D13: =CEILING('M Size Pack'!B11/1000,1) -> 19 | E13: =CEILING('M Size Pack'!C11/1000,1) -> 0 | F13: =CEILING('M Size Pack'!D11/1000,1) -> 0 | G13: =CEILING('M Size Pack'!E11/1000,1) -> 0 | H13: =CEILING('M Size Pack'!F11/1000,1) -> 3 | I13: =CEILING('M Size Pack'!G11/1000,1) -> 0 | J13: =CEILING('M Size Pack'!H11/1000,1) -> 0 | K13: =CEILING('M Size Pack'!I11/1000,1) -> 0 | ... O13: =CEILING('M Size Pack'!M11/1000,1) -> 3 | P13: =SUM(D13:O13)*5 -> 125 | R13: =CEILING('M Size Pack'!B11/5000,1) -> 4 | S13: =CEILING('M Size Pack'!C11/5000,1) -> 0 | T13: =CEILING('M Size Pack'!D11/5000,1) -> 0 | U13: =CEILING('M Size Pack'!E11/5000,1) -> 0 | V13: =CEILING('M Size Pack'!F11/5000,1) -> 1 | W13: =CEILING('M Size Pack'!G11/5000,1) -> 0 | X13: =CEILING('M Size Pack'!H11/5000,1) -> 0 | Y13: =CEILING('M Size Pack'!I11/5000,1) -> 0 | ... AC13: =CEILING('M Size Pack'!M11/5000,1) -> 1 | AD13: =SUM(R13:AC13)*10 -> 60 | AF13: =MIN(P13,AD13)+9.99*12 -> 179.88
A14: SUB-687511952 | B14: Reduced rate | D14: =CEILING('M Size Pack'!B12/1000,1) -> 18 | E14: =CEILING('M Size Pack'!C12/1000,1) -> 0 | F14: =CEILING('M Size Pack'!D12/1000,1) -> 0 | G14: =CEILING('M Size Pack'!E12/1000,1) -> 1 | H14: =CEILING('M Size Pack'!F12/1000,1) -> 0 | I14: =CEILING('M Size Pack'!G12/1000,1) -> 0 | J14: =CEILING('M Size Pack'!H12/1000,1) -> 0 | K14: =CEILING('M Size Pack'!I12/1000,1) -> 5 | ... O14: =CEILING('M Size Pack'!M12/1000,1) -> 0 | P14: =SUM(D14:O14)*5 -> 135 | R14: =CEILING('M Size Pack'!B12/5000,1) -> 4 | S14: =CEILING('M Size Pack'!C12/5000,1) -> 0 | T14: =CEILING('M Size Pack'!D12/5000,1) -> 0 | U14: =CEILING('M Size Pack'!E12/5000,1) -> 1 | V14: =CEILING('M Size Pack'!F12/5000,1) -> 0 | W14: =CEILING('M Size Pack'!G12/5000,1) -> 0 | X14: =CEILING('M Size Pack'!H12/5000,1) -> 0 | Y14: =CEILING('M Size Pack'!I12/5000,1) -> 1 | ... AC14: =CEILING('M Size Pack'!M12/5000,1) -> 0 | AD14: =SUM(R14:AC14)*10 -> 70 | AF14: =MIN(P14,AD14)+9.99*12 -> 189.88
A15: SUB-884111294 | B15: Reduced rate | D15: =CEILING('M Size Pack'!B13/1000,1) -> 17 | E15: =CEILING('M Size Pack'!C13/1000,1) -> 0 | F15: =CEILING('M Size Pack'!D13/1000,1) -> 0 | G15: =CEILING('M Size Pack'!E13/1000,1) -> 0 | H15: =CEILING('M Size Pack'!F13/1000,1) -> 0 | I15: =CEILING('M Size Pack'!G13/1000,1) -> 0 | J15: =CEILING('M Size Pack'!H13/1000,1) -> 0 | K15: =CEILING('M Size Pack'!I13/1000,1) -> 0 | ... O15: =CEILING('M Size Pack'!M13/1000,1) -> 2 | P15: =SUM(D15:O15)*5 -> 125 | R15: =CEILING('M Size Pack'!B13/5000,1) -> 4 | S15: =CEILING('M Size Pack'!C13/5000,1) -> 0 | T15: =CEILING('M Size Pack'!D13/5000,1) -> 0 | U15: =CEILING('M Size Pack'!E13/5000,1) -> 0 | V15: =CEILING('M Size Pack'!F13/5000,1) -> 0 | W15: =CEILING('M Size Pack'!G13/5000,1) -> 0 | X15: =CEILING('M Size Pack'!H13/5000,1) -> 0 | Y15: =CEILING('M Size Pack'!I13/5000,1) -> 0 | ... AC15: =CEILING('M Size Pack'!M13/5000,1) -> 1 | AD15: =SUM(R15:AC15)*10 -> 70 | AF15: =MIN(P15,AD15)+9.99*12 -> 189.88
A16: SUB-754009185 | B16: Reduced rate | D16: =CEILING('M Size Pack'!B14/1000,1) -> 13 | E16: =CEILING('M Size Pack'!C14/1000,1) -> 0 | F16: =CEILING('M Size Pack'!D14/1000,1) -> 0 | G16: =CEILING('M Size Pack'!E14/1000,1) -> 5 | H16: =CEILING('M Size Pack'!F14/1000,1) -> 4 | I16: =CEILING('M Size Pack'!G14/1000,1) -> 1 | J16: =CEILING('M Size Pack'!H14/1000,1) -> 0 | K16: =CEILING('M Size Pack'!I14/1000,1) -> 0 | ... O16: =CEILING('M Size Pack'!M14/1000,1) -> 0 | P16: =SUM(D16:O16)*5 -> 115 | R16: =CEILING('M Size Pack'!B14/5000,1) -> 3 | S16: =CEILING('M Size Pack'!C14/5000,1) -> 0 | T16: =CEILING('M Size Pack'!D14/5000,1) -> 0 | U16: =CEILING('M Size Pack'!E14/5000,1) -> 1 | V16: =CEILING('M Size Pack'!F14/5000,1) -> 1 | W16: =CEILING('M Size Pack'!G14/5000,1) -> 1 | X16: =CEILING('M Size Pack'!H14/5000,1) -> 0 | Y16: =CEILING('M Size Pack'!I14/5000,1) -> 0 | ... AC16: =CEILING('M Size Pack'!M14/5000,1) -> 0 | AD16: =SUM(R16:AC16)*10 -> 60 | AF16: =MIN(P16,AD16)+9.99*12 -> 179.88
A17: SUB-907933772 | B17: Reduced rate | D17: =CEILING('M Size Pack'!B15/1000,1) -> 13 | E17: =CEILING('M Size Pack'!C15/1000,1) -> 0 | F17: =CEILING('M Size Pack'!D15/1000,1) -> 0 | G17: =CEILING('M Size Pack'!E15/1000,1) -> 8 | H17: =CEILING('M Size Pack'!F15/1000,1) -> 0 | I17: =CEILING('M Size Pack'!G15/1000,1) -> 0 | J17: =CEILING('M Size Pack'!H15/1000,1) -> 0 | K17: =CEILING('M Size Pack'!I15/1000,1) -> 0 | ... O17: =CEILING('M Size Pack'!M15/1000,1) -> 0 | P17: =SUM(D17:O17)*5 -> 105 | R17: =CEILING('M Size Pack'!B15/5000,1) -> 3 | S17: =CEILING('M Size Pack'!C15/5000,1) -> 0 | T17: =CEILING('M Size Pack'!D15/5000,1) -> 0 | U17: =CEILING('M Size Pack'!E15/5000,1) -> 2 | V17: =CEILING('M Size Pack'!F15/5000,1) -> 0 | W17: =CEILING('M Size Pack'!G15/5000,1) -> 0 | X17: =CEILING('M Size Pack'!H15/5000,1) -> 0 | Y17: =CEILING('M Size Pack'!I15/5000,1) -> 0 | ... AC17: =CEILING('M Size Pack'!M15/5000,1) -> 0 | AD17: =SUM(R17:AC17)*10 -> 50 | AF17: =MIN(P17,AD17)+9.99*12 -> 169.88
A18: SUB-219686190 | B18: Reduced rate | D18: =CEILING('M Size Pack'!B16/1000,1) -> 13 | E18: =CEILING('M Size Pack'!C16/1000,1) -> 0 | F18: =CEILING('M Size Pack'!D16/1000,1) -> 0 | G18: =CEILING('M Size Pack'!E16/1000,1) -> 0 | H18: =CEILING('M Size Pack'!F16/1000,1) -> 0 | I18: =CEILING('M Size Pack'!G16/1000,1) -> 2 | J18: =CEILING('M Size Pack'!H16/1000,1) -> 0 | K18: =CEILING('M Size Pack'!I16/1000,1) -> 0 | ... O18: =CEILING('M Size Pack'!M16/1000,1) -> 1 | P18: =SUM(D18:O18)*5 -> 115 | R18: =CEILING('M Size Pack'!B16/5000,1) -> 3 | S18: =CEILING('M Size Pack'!C16/5000,1) -> 0 | T18: =CEILING('M Size Pack'!D16/5000,1) -> 0 | U18: =CEILING('M Size Pack'!E16/5000,1) -> 0 | V18: =CEILING('M Size Pack'!F16/5000,1) -> 0 | W18: =CEILING('M Size Pack'!G16/5000,1) -> 1 | X18: =CEILING('M Size Pack'!H16/5000,1) -> 0 | Y18: =CEILING('M Size Pack'!I16/5000,1) -> 0 | ... AC18: =CEILING('M Size Pack'!M16/5000,1) -> 1 | AD18: =SUM(R18:AC18)*10 -> 70 | AF18: =MIN(P18,AD18)+9.99*12 -> 189.88
A19: SUB-275406642 | B19: Reduced rate | D19: =CEILING('M Size Pack'!B17/1000,1) -> 12 | E19: =CEILING('M Size Pack'!C17/1000,1) -> 2 | F19: =CEILING('M Size Pack'!D17/1000,1) -> 0 | G19: =CEILING('M Size Pack'!E17/1000,1) -> 0 | H19: =CEILING('M Size Pack'!F17/1000,1) -> 1 | I19: =CEILING('M Size Pack'!G17/1000,1) -> 0 | J19: =CEILING('M Size Pack'!H17/1000,1) -> 2 | K19: =CEILING('M Size Pack'!I17/1000,1) -> 0 | ... O19: =CEILING('M Size Pack'!M17/1000,1) -> 0 | P19: =SUM(D19:O19)*5 -> 85 | R19: =CEILING('M Size Pack'!B17/5000,1) -> 3 | S19: =CEILING('M Size Pack'!C17/5000,1) -> 1 | T19: =CEILING('M Size Pack'!D17/5000,1) -> 0 | U19: =CEILING('M Size Pack'!E17/5000,1) -> 0 | V19: =CEILING('M Size Pack'!F17/5000,1) -> 1 | W19: =CEILING('M Size Pack'!G17/5000,1) -> 0 | X19: =CEILING('M Size Pack'!H17/5000,1) -> 1 | Y19: =CEILING('M Size Pack'!I17/5000,1) -> 0 | ... AC19: =CEILING('M Size Pack'!M17/5000,1) -> 0 | AD19: =SUM(R19:AC19)*10 -> 60 | AF19: =MIN(P19,AD19)+9.99*12 -> 179.88
A20: SUB-475178203 | B20: Reduced rate | D20: =CEILING('M Size Pack'!B18/1000,1) -> 12 | E20: =CEILING('M Size Pack'!C18/1000,1) -> 0 | F20: =CEILING('M Size Pack'!D18/1000,1) -> 1 | G20: =CEILING('M Size Pack'!E18/1000,1) -> 0 | H20: =CEILING('M Size Pack'!F18/1000,1) -> 3 | I20: =CEILING('M Size Pack'!G18/1000,1) -> 7 | J20: =CEILING('M Size Pack'!H18/1000,1) -> 0 | K20: =CEILING('M Size Pack'!I18/1000,1) -> 1 | ... O20: =CEILING('M Size Pack'!M18/1000,1) -> 0 | P20: =SUM(D20:O20)*5 -> 130 | R20: =CEILING('M Size Pack'!B18/5000,1) -> 3 | S20: =CEILING('M Size Pack'!C18/5000,1) -> 0 | T20: =CEILING('M Size Pack'!D18/5000,1) -> 1 | U20: =CEILING('M Size Pack'!E18/5000,1) -> 0 | V20: =CEILING('M Size Pack'!F18/5000,1) -> 1 | W20: =CEILING('M Size Pack'!G18/5000,1) -> 2 | X20: =CEILING('M Size Pack'!H18/5000,1) -> 0 | Y20: =CEILING('M Size Pack'!I18/5000,1) -> 1 | ... AC20: =CEILING('M Size Pack'!M18/5000,1) -> 0 | AD20: =SUM(R20:AC20)*10 -> 90 | AF20: =MIN(P20,AD20)+9.99*12 -> 209.88
A21: SUB-384428935 | B21: Reduced rate | D21: =CEILING('M Size Pack'!B19/1000,1) -> 12 | E21: =CEILING('M Size Pack'!C19/1000,1) -> 0 | F21: =CEILING('M Size Pack'!D19/1000,1) -> 0 | G21: =CEILING('M Size Pack'!E19/1000,1) -> 2 | H21: =CEILING('M Size Pack'!F19/1000,1) -> 0 | I21: =CEILING('M Size Pack'!G19/1000,1) -> 0 | J21: =CEILING('M Size Pack'!H19/1000,1) -> 0 | K21: =CEILING('M Size Pack'!I19/1000,1) -> 0 | ... O21: =CEILING('M Size Pack'!M19/1000,1) -> 0 | P21: =SUM(D21:O21)*5 -> 70 | R21: =CEILING('M Size Pack'!B19/5000,1) -> 3 | S21: =CEILING('M Size Pack'!C19/5000,1) -> 0 | T21: =CEILING('M Size Pack'!D19/5000,1) -> 0 | U21: =CEILING('M Size Pack'!E19/5000,1) -> 1 | V21: =CEILING('M Size Pack'!F19/5000,1) -> 0 | W21: =CEILING('M Size Pack'!G19/5000,1) -> 0 | X21: =CEILING('M Size Pack'!H19/5000,1) -> 0 | Y21: =CEILING('M Size Pack'!I19/5000,1) -> 0 | ... AC21: =CEILING('M Size Pack'!M19/5000,1) -> 0 | AD21: =SUM(R21:AC21)*10 -> 40 | AF21: =MIN(P21,AD21)+9.99*12 -> 159.88
... A1009: SUB-961271099 | B1009: Pay-as-you-go | D1009: =CEILING('M Size Pack'!B1007/1000,1) -> 0 | E1009: =CEILING('M Size Pack'!C1007/1000,1) -> 0 | F1009: =CEILING('M Size Pack'!D1007/1000,1) -> 0 | G1009: =CEILING('M Size Pack'!E1007/1000,1) -> 13 | H1009: =CEILING('M Size Pack'!F1007/1000,1) -> 0 | I1009: =CEILING('M Size Pack'!G1007/1000,1) -> 0 | J1009: =CEILING('M Size Pack'!H1007/1000,1) -> 0 | K1009: =CEILING('M Size Pack'!I1007/1000,1) -> 0 | ... O1009: =CEILING('M Size Pack'!M1007/1000,1) -> 0 | P1009: =SUM(D1009:O1009)*5 -> 65 | R1009: =CEILING('M Size Pack'!B1007/5000,1) -> 0 | S1009: =CEILING('M Size Pack'!C1007/5000,1) -> 0 | T1009: =CEILING('M Size Pack'!D1007/5000,1) -> 0 | U1009: =CEILING('M Size Pack'!E1007/5000,1) -> 3 | V1009: =CEILING('M Size Pack'!F1007/5000,1) -> 0 | W1009: =CEILING('M Size Pack'!G1007/5000,1) -> 0 | X1009: =CEILING('M Size Pack'!H1007/5000,1) -> 0 | Y1009: =CEILING('M Size Pack'!I1007/5000,1) -> 0 | ... AC1009: =CEILING('M Size Pack'!M1007/5000,1) -> 0 | AD1009: =SUM(R1009:AC1009)*10 -> 30 | AF1009: =MIN(P1009,AD1009)+9.99*12 -> 149.88

Sheet L Sized Pack
A1: L sized pack
A2: Tariff: 14.99 Euros
A3: Plan: 10GB of data, Unlimited calls
A6: Customer_ID | B6: Excess_Data_jan | C6: Excess_Data_Feb | D6: Excess_Data_Mar | E6: Excess_Data_Apr | F6: Excess_Data_May | G6: Excess_Data_Jun | H6: Excess_Data_Jul | I6: Excess_Data_Aug | J6: Excess_Data_Sep | K6: Excess_Data_Oct | L6: Excess_Data_Nov | M6: Excess_Data_Dec | N6: Total_Excess_data_S
A7: SUB-729143503 | B7: =IF(Combined_Data!B3> 10000, Combined_Data!B3 - 10000, 0) -> 18053.56 | C7: =IF(Combined_Data!C3> 10000, Combined_Data!C3 - 10000, 0) -> 0 | D7: =IF(Combined_Data!D3> 10000, Combined_Data!D3 - 10000, 0) -> 0 | E7: =IF(Combined_Data!E3> 10000, Combined_Data!E3 - 10000, 0) -> 0 | F7: =IF(Combined_Data!F3> 10000, Combined_Data!F3 - 10000, 0) -> 0 | G7: =IF(Combined_Data!G3> 10000, Combined_Data!G3 - 10000, 0) -> 0 | H7: =IF(Combined_Data!H3> 10000, Combined_Data!H3 - 10000, 0) -> 0 | I7: =IF(Combined_Data!I3> 10000, Combined_Data!I3 - 10000, 0) -> 0 | ... M7: =IF(Combined_Data!M3> 10000, Combined_Data!M3 - 10000, 0) -> 0 | N7: =SUM(B7:M7) -> 18053.56
A8: SUB-327259441 | B8: =IF(Combined_Data!B4> 10000, Combined_Data!B4 - 10000, 0) -> 17981.652 | C8: =IF(Combined_Data!C4> 10000, Combined_Data!C4 - 10000, 0) -> 0 | D8: =IF(Combined_Data!D4> 10000, Combined_Data!D4 - 10000, 0) -> 0 | E8: =IF(Combined_Data!E4> 10000, Combined_Data!E4 - 10000, 0) -> 0 | F8: =IF(Combined_Data!F4> 10000, Combined_Data!F4 - 10000, 0) -> 0 | G8: =IF(Combined_Data!G4> 10000, Combined_Data!G4 - 10000, 0) -> 0 | H8: =IF(Combined_Data!H4> 10000, Combined_Data!H4 - 10000, 0) -> 0 | I8: =IF(Combined_Data!I4> 10000, Combined_Data!I4 - 10000, 0) -> 0 | ... M8: =IF(Combined_Data!M4> 10000, Combined_Data!M4 - 10000, 0) -> 0 | N8: =SUM(B8:M8) -> 17981.652
A9: SUB-720199369 | B9: =IF(Combined_Data!B5> 10000, Combined_Data!B5 - 10000, 0) -> 14077.595 | C9: =IF(Combined_Data!C5> 10000, Combined_Data!C5 - 10000, 0) -> 0 | D9: =IF(Combined_Data!D5> 10000, Combined_Data!D5 - 10000, 0) -> 0 | E9: =IF(Combined_Data!E5> 10000, Combined_Data!E5 - 10000, 0) -> 0 | F9: =IF(Combined_Data!F5> 10000, Combined_Data!F5 - 10000, 0) -> 0 | G9: =IF(Combined_Data!G5> 10000, Combined_Data!G5 - 10000, 0) -> 0 | H9: =IF(Combined_Data!H5> 10000, Combined_Data!H5 - 10000, 0) -> 0 | I9: =IF(Combined_Data!I5> 10000, Combined_Data!I5 - 10000, 0) -> 0 | ... M9: =IF(Combined_Data!M5> 10000, Combined_Data!M5 - 10000, 0) -> 0 | N9: =SUM(B9:M9) -> 14077.595
A10: SUB-115774364 | B10: =IF(Combined_Data!B6> 10000, Combined_Data!B6 - 10000, 0) -> 13074.756 | C10: =IF(Combined_Data!C6> 10000, Combined_Data!C6 - 10000, 0) -> 0 | D10: =IF(Combined_Data!D6> 10000, Combined_Data!D6 - 10000, 0) -> 0 | E10: =IF(Combined_Data!E6> 10000, Combined_Data!E6 - 10000, 0) -> 0 | F10: =IF(Combined_Data!F6> 10000, Combined_Data!F6 - 10000, 0) -> 0 | G10: =IF(Combined_Data!G6> 10000, Combined_Data!G6 - 10000, 0) -> 0 | H10: =IF(Combined_Data!H6> 10000, Combined_Data!H6 - 10000, 0) -> 0 | I10: =IF(Combined_Data!I6> 10000, Combined_Data!I6 - 10000, 0) -> 0 | ... M10: =IF(Combined_Data!M6> 10000, Combined_Data!M6 - 10000, 0) -> 0 | N10: =SUM(B10:M10) -> 13074.756
A11: SUB-687511952 | B11: =IF(Combined_Data!B7> 10000, Combined_Data!B7 - 10000, 0) -> 12979.493 | C11: =IF(Combined_Data!C7> 10000, Combined_Data!C7 - 10000, 0) -> 0 | D11: =IF(Combined_Data!D7> 10000, Combined_Data!D7 - 10000, 0) -> 0 | E11: =IF(Combined_Data!E7> 10000, Combined_Data!E7 - 10000, 0) -> 0 | F11: =IF(Combined_Data!F7> 10000, Combined_Data!F7 - 10000, 0) -> 0 | G11: =IF(Combined_Data!G7> 10000, Combined_Data!G7 - 10000, 0) -> 0 | H11: =IF(Combined_Data!H7> 10000, Combined_Data!H7 - 10000, 0) -> 0 | I11: =IF(Combined_Data!I7> 10000, Combined_Data!I7 - 10000, 0) -> 0 | ... M11: =IF(Combined_Data!M7> 10000, Combined_Data!M7 - 10000, 0) -> 0 | N11: =SUM(B11:M11) -> 12979.493
A12: SUB-884111294 | B12: =IF(Combined_Data!B8> 10000, Combined_Data!B8 - 10000, 0) -> 11172.886 | C12: =IF(Combined_Data!C8> 10000, Combined_Data!C8 - 10000, 0) -> 0 | D12: =IF(Combined_Data!D8> 10000, Combined_Data!D8 - 10000, 0) -> 0 | E12: =IF(Combined_Data!E8> 10000, Combined_Data!E8 - 10000, 0) -> 0 | F12: =IF(Combined_Data!F8> 10000, Combined_Data!F8 - 10000, 0) -> 0 | G12: =IF(Combined_Data!G8> 10000, Combined_Data!G8 - 10000, 0) -> 0 | H12: =IF(Combined_Data!H8> 10000, Combined_Data!H8 - 10000, 0) -> 0 | I12: =IF(Combined_Data!I8> 10000, Combined_Data!I8 - 10000, 0) -> 0 | ... M12: =IF(Combined_Data!M8> 10000, Combined_Data!M8 - 10000, 0) -> 0 | N12: =SUM(B12:M12) -> 11172.886
A13: SUB-754009185 | B13: =IF(Combined_Data!B9> 10000, Combined_Data!B9 - 10000, 0) -> 7677.8322 | C13: =IF(Combined_Data!C9> 10000, Combined_Data!C9 - 10000, 0) -> 0 | D13: =IF(Combined_Data!D9> 10000, Combined_Data!D9 - 10000, 0) -> 0 | E13: =IF(Combined_Data!E9> 10000, Combined_Data!E9 - 10000, 0) -> 0 | F13: =IF(Combined_Data!F9> 10000, Combined_Data!F9 - 10000, 0) -> 0 | G13: =IF(Combined_Data!G9> 10000, Combined_Data!G9 - 10000, 0) -> 0 | H13: =IF(Combined_Data!H9> 10000, Combined_Data!H9 - 10000, 0) -> 0 | I13: =IF(Combined_Data!I9> 10000, Combined_Data!I9 - 10000, 0) -> 0 | ... M13: =IF(Combined_Data!M9> 10000, Combined_Data!M9 - 10000, 0) -> 0 | N13: =SUM(B13:M13) -> 7677.8322
A14: SUB-907933772 | B14: =IF(Combined_Data!B10> 10000, Combined_Data!B10 - 10000, 0) -> 7562.3356 | C14: =IF(Combined_Data!C10> 10000, Combined_Data!C10 - 10000, 0) -> 0 | D14: =IF(Combined_Data!D10> 10000, Combined_Data!D10 - 10000, 0) -> 0 | E14: =IF(Combined_Data!E10> 10000, Combined_Data!E10 - 10000, 0) -> 2191.9403 | F14: =IF(Combined_Data!F10> 10000, Combined_Data!F10 - 10000, 0) -> 0 | G14: =IF(Combined_Data!G10> 10000, Combined_Data!G10 - 10000, 0) -> 0 | H14: =IF(Combined_Data!H10> 10000, Combined_Data!H10 - 10000, 0) -> 0 | I14: =IF(Combined_Data!I10> 10000, Combined_Data!I10 - 10000, 0) -> 0 | ... M14: =IF(Combined_Data!M10> 10000, Combined_Data!M10 - 10000, 0) -> 0 | N14: =SUM(B14:M14) -> 9754.276
A15: SUB-219686190 | B15: =IF(Combined_Data!B11> 10000, Combined_Data!B11 - 10000, 0) -> 7310.8189 | C15: =IF(Combined_Data!C11> 10000, Combined_Data!C11 - 10000, 0) -> 0 | D15: =IF(Combined_Data!D11> 10000, Combined_Data!D11 - 10000, 0) -> 0 | E15: =IF(Combined_Data!E11> 10000, Combined_Data!E11 - 10000, 0) -> 0 | F15: =IF(Combined_Data!F11> 10000, Combined_Data!F11 - 10000, 0) -> 0 | G15: =IF(Combined_Data!G11> 10000, Combined_Data!G11 - 10000, 0) -> 0 | H15: =IF(Combined_Data!H11> 10000, Combined_Data!H11 - 10000, 0) -> 0 | I15: =IF(Combined_Data!I11> 10000, Combined_Data!I11 - 10000, 0) -> 0 | ... M15: =IF(Combined_Data!M11> 10000, Combined_Data!M11 - 10000, 0) -> 0 | N15: =SUM(B15:M15) -> 8919.5399
A16: SUB-275406642 | B16: =IF(Combined_Data!B12> 10000, Combined_Data!B12 - 10000, 0) -> 6752.5028 | C16: =IF(Combined_Data!C12> 10000, Combined_Data!C12 - 10000, 0) -> 0 | D16: =IF(Combined_Data!D12> 10000, Combined_Data!D12 - 10000, 0) -> 0 | E16: =IF(Combined_Data!E12> 10000, Combined_Data!E12 - 10000, 0) -> 0 | F16: =IF(Combined_Data!F12> 10000, Combined_Data!F12 - 10000, 0) -> 0 | G16: =IF(Combined_Data!G12> 10000, Combined_Data!G12 - 10000, 0) -> 0 | H16: =IF(Combined_Data!H12> 10000, Combined_Data!H12 - 10000, 0) -> 0 | I16: =IF(Combined_Data!I12> 10000, Combined_Data!I12 - 10000, 0) -> 0 | ... M16: =IF(Combined_Data!M12> 10000, Combined_Data!M12 - 10000, 0) -> 0 | N16: =SUM(B16:M16) -> 6752.5028
A17: SUB-475178203 | B17: =IF(Combined_Data!B13> 10000, Combined_Data!B13 - 10000, 0) -> 6234.9742 | C17: =IF(Combined_Data!C13> 10000, Combined_Data!C13 - 10000, 0) -> 0 | D17: =IF(Combined_Data!D13> 10000, Combined_Data!D13 - 10000, 0) -> 0 | E17: =IF(Combined_Data!E13> 10000, Combined_Data!E13 - 10000, 0) -> 0 | F17: =IF(Combined_Data!F13> 10000, Combined_Data!F13 - 10000, 0) -> 0 | G17: =IF(Combined_Data!G13> 10000, Combined_Data!G13 - 10000, 0) -> 1273.978 | H17: =IF(Combined_Data!H13> 10000, Combined_Data!H13 - 10000, 0) -> 0 | I17: =IF(Combined_Data!I13> 10000, Combined_Data!I13 - 10000, 0) -> 0 | ... M17: =IF(Combined_Data!M13> 10000, Combined_Data!M13 - 10000, 0) -> 0 | N17: =SUM(B17:M17) -> 7508.9522
A18: SUB-384428935 | B18: =IF(Combined_Data!B14> 10000, Combined_Data!B14 - 10000, 0) -> 6201.2789 | C18: =IF(Combined_Data!C14> 10000, Combined_Data!C14 - 10000, 0) -> 0 | D18: =IF(Combined_Data!D14> 10000, Combined_Data!D14 - 10000, 0) -> 0 | E18: =IF(Combined_Data!E14> 10000, Combined_Data!E14 - 10000, 0) -> 0 | F18: =IF(Combined_Data!F14> 10000, Combined_Data!F14 - 10000, 0) -> 0 | G18: =IF(Combined_Data!G14> 10000, Combined_Data!G14 - 10000, 0) -> 0 | H18: =IF(Combined_Data!H14> 10000, Combined_Data!H14 - 10000, 0) -> 0 | I18: =IF(Combined_Data!I14> 10000, Combined_Data!I14 - 10000, 0) -> 0 | ... M18: =IF(Combined_Data!M14> 10000, Combined_Data!M14 - 10000, 0) -> 0 | N18: =SUM(B18:M18) -> 6201.2789
... A1004: SUB-954126260 | B1004: =IF(Combined_Data!B1000> 10000, Combined_Data!B1000 - 10000, 0) -> 0 | C1004: =IF(Combined_Data!C1000> 10000, Combined_Data!C1000 - 10000, 0) -> 0 | D1004: =IF(Combined_Data!D1000> 10000, Combined_Data!D1000 - 10000, 0) -> 0 | E1004: =IF(Combined_Data!E1000> 10000, Combined_Data!E1000 - 10000, 0) -> 0 | F1004: =IF(Combined_Data!F1000> 10000, Combined_Data!F1000 - 10000, 0) -> 325.4285 | G1004: =IF(Combined_Data!G1000> 10000, Combined_Data!G1000 - 10000, 0) -> 0 | H1004: =IF(Combined_Data!H1000> 10000, Combined_Data!H1000 - 10000, 0) -> 0 | I1004: =IF(Combined_Data!I1000> 10000, Combined_Data!I1000 - 10000, 0) -> 0 | ... M1004: =IF(Combined_Data!M1000> 10000, Combined_Data!M1000 - 10000, 0) -> 0 | N1004: =SUM(B1004:M1004) -> 325.4285
A1005: SUB-927638913 | B1005: =IF(Combined_Data!B1002> 10000, Combined_Data!B1001 - 10000, 0) -> 0 | C1005: =IF(Combined_Data!C1001> 10000, Combined_Data!C1001 - 10000, 0) -> 0 | D1005: =IF(Combined_Data!D1001> 10000, Combined_Data!D1001 - 10000, 0) -> 0 | E1005: =IF(Combined_Data!E1001> 10000, Combined_Data!E1001 - 10000, 0) -> 1563.6791 | F1005: =IF(Combined_Data!F1001> 10000, Combined_Data!F1001 - 10000, 0) -> 0 | G1005: =IF(Combined_Data!G1001> 10000, Combined_Data!G1001 - 10000, 0) -> 0 | H1005: =IF(Combined_Data!H1001> 10000, Combined_Data!H1001 - 10000, 0) -> 0 | I1005: =IF(Combined_Data!I1001> 10000, Combined_Data!I1001 - 10000, 0) -> 0 | J1005: =IF(Combined_Data!J1001> 10000, Combined_Data!J1001 - 10000, 0) -> 0 | ... M1005: =IF(Combined_Data!M1001> 10000, Combined_Data!M1001 - 10000, 0) -> 0 | N1005: =SUM(B1005:M1005) -> 1563.6791
A1006: SUB-961271099 | B1006: =IF(Combined_Data!B1002> 10000,Combined_Data!B1002- 10000, 0) -> 0 | C1006: =IF(Combined_Data!C1002> 10000,Combined_Data!C1002- 10000, 0) -> 0 | D1006: =IF(Combined_Data!D1002> 10000,Combined_Data!D1002- 10000, 0) -> 0 | E1006: =IF(Combined_Data!E1002> 10000,Combined_Data!E1002- 10000, 0) -> 7077.5258 | F1006: =IF(Combined_Data!F1002> 10000,Combined_Data!F1002- 10000, 0) -> 0 | G1006: =IF(Combined_Data!G1002> 10000,Combined_Data!G1002- 10000, 0) -> 0 | H1006: =IF(Combined_Data!H1002> 10000,Combined_Data!H1002- 10000, 0) -> 0 | I1006: =IF(Combined_Data!I1002> 10000,Combined_Data!I1002- 10000, 0) -> 0 | ... M1006: =IF(Combined_Data!M1002> 10000,Combined_Data!M1002- 10000, 0) -> 0 | N1006: =SUM(B1006:M1006) -> 7077.5258

Sheet Excess data L Pack
A1: Excess pack details: | C1: 1GB for 5 Euros
C2: 5GB for 10 Euros
C3: 8GB for 15 Euros
A4: No. of customers Change | C4: =COUNTIF(AV10:AV1009,">0") -> 1000
A5: No. of customer do not change | C5: =COUNTIF(AF10:AF1009,"<0") -> 0
A7: Total Revenue | B7: =SUM(AV10:AV1009) -> 188420 | C7: Assuming that all customers would choose this package
D8: If the customers buy 1 GB extra for all their excess data | R8: If the customers buy 5 GB extra for all their excess data | AH8: If the customers buy 10 GB extra for all their excess data | AV8: Comparing both the packs which is cheaper for the customer
A9: Customer_ID | B9: Plan | D9: Excess_Data_jan | E9: Excess_Data_Feb | F9: Excess_Data_Mar | G9: Excess_Data_Apr | H9: Excess_Data_May | I9: Excess_Data_Jun | J9: Excess_Data_Jul | K9: Excess_Data_Aug | L9: Excess_Data_Sep | M9: Excess_Data_Oct | N9: Excess_Data_Nov | O9: Excess_Data_Dec | P9: Total_Excess_data_Purchaed | T9: Excess_Data_jan | U9: Excess_Data_Feb | V9: Excess_Data_Mar | W9: Excess_Data_Apr | X9: Excess_Data_May | Y9: Excess_Data_Jun | Z9: Excess_Data_Jul | AA9: Excess_Data_Aug | AB9: Excess_Data_Sep | AC9: Excess_Data_Oct | AD9: Excess_Data_Nov | AE9: Excess_Data_Dec | AF9: Total_Excess_data_Purchaed | AH9: Excess_Data_jan | AI9: Excess_Data_Feb | AJ9: Excess_Data_Mar | AK9: Excess_Data_Apr | AL9: Excess_Data_May | AM9: Excess_Data_Jun | AN9: Excess_Data_Jul | AO9: Excess_Data_Aug | AP9: Excess_Data_Sep | AQ9: Excess_Data_Oct | AR9: Excess_Data_Nov | AS9: Excess_Data_Dec | AT9: Total_Excess_data_Purchaed | AV9: Min of the 3 packs
A10: SUB-729143503 | B10: Reduced rate | D10: =CEILING('L Sized Pack'!B7/1000,1) -> 19 | E10: =CEILING('L Sized Pack'!C7/1000,1) -> 0 | F10: =CEILING('L Sized Pack'!D7/1000,1) -> 0 | G10: =CEILING('L Sized Pack'!E7/1000,1) -> 0 | H10: =CEILING('L Sized Pack'!F7/1000,1) -> 0 | I10: =CEILING('L Sized Pack'!G7/1000,1) -> 0 | J10: =CEILING('L Sized Pack'!H7/1000,1) -> 0 | K10: =CEILING('L Sized Pack'!I7/1000,1) -> 0 | ... O10: =CEILING('L Sized Pack'!M7/1000,1) -> 0 | P10: =SUM(D10:O10)*5 -> 95 | T10: =CEILING('L Sized Pack'!B7/5000,1) -> 4 | U10: =CEILING('L Sized Pack'!C7/5000,1) -> 0 | V10: =CEILING('L Sized Pack'!D7/5000,1) -> 0 | W10: =CEILING('L Sized Pack'!E7/5000,1) -> 0 | X10: =CEILING('L Sized Pack'!F7/5000,1) -> 0 | Y10: =CEILING('L Sized Pack'!G7/5000,1) -> 0 | Z10: =CEILING('L Sized Pack'!H7/5000,1) -> 0 | AA10: =CEILING('L Sized Pack'!I7/5000,1) -> 0 | ... AE10: =CEILING('L Sized Pack'!M7/5000,1) -> 0 | AF10: =SUM(T10:AE10)*10 -> 40 | AH10: =CEILING('L Sized Pack'!B7/8000,1) -> 3 | AI10: =CEILING('L Sized Pack'!C7/8000,1) -> 0 | AJ10: =CEILING('L Sized Pack'!D7/8000,1) -> 0 | AK10: =CEILING('L Sized Pack'!E7/8000,1) -> 0 | AL10: =CEILING('L Sized Pack'!F7/8000,1) -> 0 | AM10: =CEILING('L Sized Pack'!G7/8000,1) -> 0 | AN10: =CEILING('L Sized Pack'!H7/8000,1) -> 0 | AO10: =CEILING('L Sized Pack'!I7/8000,1) -> 0 | ... AS10: =CEILING('L Sized Pack'!M7/8000,1) -> 0 | AT10: =SUM(AH10:AS10)*15 -> 45 | AV10: =MIN(AT10,AF10,P10)+14.99*12 -> 219.88
A11: SUB-327259441 | B11: Reduced rate | D11: =CEILING('L Sized Pack'!B8/1000,1) -> 18 | E11: =CEILING('L Sized Pack'!C8/1000,1) -> 0 | F11: =CEILING('L Sized Pack'!D8/1000,1) -> 0 | G11: =CEILING('L Sized Pack'!E8/1000,1) -> 0 | H11: =CEILING('L Sized Pack'!F8/1000,1) -> 0 | I11: =CEILING('L Sized Pack'!G8/1000,1) -> 0 | J11: =CEILING('L Sized Pack'!H8/1000,1) -> 0 | K11: =CEILING('L Sized Pack'!I8/1000,1) -> 0 | ... O11: =CEILING('L Sized Pack'!M8/1000,1) -> 0 | P11: =SUM(D11:O11)*5 -> 90 | T11: =CEILING('L Sized Pack'!B8/5000,1) -> 4 | U11: =CEILING('L Sized Pack'!C8/5000,1) -> 0 | V11: =CEILING('L Sized Pack'!D8/5000,1) -> 0 | W11: =CEILING('L Sized Pack'!E8/5000,1) -> 0 | X11: =CEILING('L Sized Pack'!F8/5000,1) -> 0 | Y11: =CEILING('L Sized Pack'!G8/5000,1) -> 0 | Z11: =CEILING('L Sized Pack'!H8/5000,1) -> 0 | AA11: =CEILING('L Sized Pack'!I8/5000,1) -> 0 | ... AE11: =CEILING('L Sized Pack'!M8/5000,1) -> 0 | AF11: =SUM(T11:AE11)*10 -> 40 | AH11: =CEILING('L Sized Pack'!B8/8000,1) -> 3 | AI11: =CEILING('L Sized Pack'!C8/8000,1) -> 0 | AJ11: =CEILING('L Sized Pack'!D8/8000,1) -> 0 | AK11: =CEILING('L Sized Pack'!E8/8000,1) -> 0 | AL11: =CEILING('L Sized Pack'!F8/8000,1) -> 0 | AM11: =CEILING('L Sized Pack'!G8/8000,1) -> 0 | AN11: =CEILING('L Sized Pack'!H8/8000,1) -> 0 | AO11: =CEILING('L Sized Pack'!I8/8000,1) -> 0 | ... AS11: =CEILING('L Sized Pack'!M8/8000,1) -> 0 | AT11: =SUM(AH11:AS11)*15 -> 45 | AV11: =MIN(AT11,AF11,P11)+14.99*12 -> 219.88
A12: SUB-720199369 | B12: Reduced rate | D12: =CEILING('L Sized Pack'!B9/1000,1) -> 15 | E12: =CEILING('L Sized Pack'!C9/1000,1) -> 0 | F12: =CEILING('L Sized Pack'!D9/1000,1) -> 0 | G12: =CEILING('L Sized Pack'!E9/1000,1) -> 0 | H12: =CEILING('L Sized Pack'!F9/1000,1) -> 0 | I12: =CEILING('L Sized Pack'!G9/1000,1) -> 0 | J12: =CEILING('L Sized Pack'!H9/1000,1) -> 0 | K12: =CEILING('L Sized Pack'!I9/1000,1) -> 0 | ... O12: =CEILING('L Sized Pack'!M9/1000,1) -> 0 | P12: =SUM(D12:O12)*5 -> 75 | T12: =CEILING('L Sized Pack'!B9/5000,1) -> 3 | U12: =CEILING('L Sized Pack'!C9/5000,1) -> 0 | V12: =CEILING('L Sized Pack'!D9/5000,1) -> 0 | W12: =CEILING('L Sized Pack'!E9/5000,1) -> 0 | X12: =CEILING('L Sized Pack'!F9/5000,1) -> 0 | Y12: =CEILING('L Sized Pack'!G9/5000,1) -> 0 | Z12: =CEILING('L Sized Pack'!H9/5000,1) -> 0 | AA12: =CEILING('L Sized Pack'!I9/5000,1) -> 0 | ... AE12: =CEILING('L Sized Pack'!M9/5000,1) -> 0 | AF12: =SUM(T12:AE12)*10 -> 30 | AH12: =CEILING('L Sized Pack'!B9/8000,1) -> 2 | AI12: =CEILING('L Sized Pack'!C9/8000,1) -> 0 | AJ12: =CEILING('L Sized Pack'!D9/8000,1) -> 0 | AK12: =CEILING('L Sized Pack'!E9/8000,1) -> 0 | AL12: =CEILING('L Sized Pack'!F9/8000,1) -> 0 | AM12: =CEILING('L Sized Pack'!G9/8000,1) -> 0 | AN12: =CEILING('L Sized Pack'!H9/8000,1) -> 0 | AO12: =CEILING('L Sized Pack'!I9/8000,1) -> 0 | ... AS12: =CEILING('L Sized Pack'!M9/8000,1) -> 0 | AT12: =SUM(AH12:AS12)*15 -> 30 | AV12: =MIN(AT12,AF12,P12)+14.99*12 -> 209.88
A13: SUB-115774364 | B13: Reduced rate | D13: =CEILING('L Sized Pack'!B10/1000,1) -> 14 | E13: =CEILING('L Sized Pack'!C10/1000,1) -> 0 | F13: =CEILING('L Sized Pack'!D10/1000,1) -> 0 | G13: =CEILING('L Sized Pack'!E10/1000,1) -> 0 | H13: =CEILING('L Sized Pack'!F10/1000,1) -> 0 | I13: =CEILING('L Sized Pack'!G10/1000,1) -> 0 | J13: =CEILING('L Sized Pack'!H10/1000,1) -> 0 | K13: =CEILING('L Sized Pack'!I10/1000,1) -> 0 | ... O13: =CEILING('L Sized Pack'!M10/1000,1) -> 0 | P13: =SUM(D13:O13)*5 -> 70 | T13: =CEILING('L Sized Pack'!B10/5000,1) -> 3 | U13: =CEILING('L Sized Pack'!C10/5000,1) -> 0 | V13: =CEILING('L Sized Pack'!D10/5000,1) -> 0 | W13: =CEILING('L Sized Pack'!E10/5000,1) -> 0 | X13: =CEILING('L Sized Pack'!F10/5000,1) -> 0 | Y13: =CEILING('L Sized Pack'!G10/5000,1) -> 0 | Z13: =CEILING('L Sized Pack'!H10/5000,1) -> 0 | AA13: =CEILING('L Sized Pack'!I10/5000,1) -> 0 | ... AE13: =CEILING('L Sized Pack'!M10/5000,1) -> 0 | AF13: =SUM(T13:AE13)*10 -> 30 | AH13: =CEILING('L Sized Pack'!B10/8000,1) -> 2 | AI13: =CEILING('L Sized Pack'!C10/8000,1) -> 0 | AJ13: =CEILING('L Sized Pack'!D10/8000,1) -> 0 | AK13: =CEILING('L Sized Pack'!E10/8000,1) -> 0 | AL13: =CEILING('L Sized Pack'!F10/8000,1) -> 0 | AM13: =CEILING('L Sized Pack'!G10/8000,1) -> 0 | AN13: =CEILING('L Sized Pack'!H10/8000,1) -> 0 | AO13: =CEILING('L Sized Pack'!I10/8000,1) -> 0 | ... AS13: =CEILING('L Sized Pack'!M10/8000,1) -> 0 | AT13: =SUM(AH13:AS13)*15 -> 30 | AV13: =MIN(AT13,AF13,P13)+14.99*12 -> 209.88
A14: SUB-687511952 | B14: Reduced rate | D14: =CEILING('L Sized Pack'!B11/1000,1) -> 13 | E14: =CEILING('L Sized Pack'!C11/1000,1) -> 0 | F14: =CEILING('L Sized Pack'!D11/1000,1) -> 0 | G14: =CEILING('L Sized Pack'!E11/1000,1) -> 0 | H14: =CEILING('L Sized Pack'!F11/1000,1) -> 0 | I14: =CEILING('L Sized Pack'!G11/1000,1) -> 0 | J14: =CEILING('L Sized Pack'!H11/1000,1) -> 0 | K14: =CEILING('L Sized Pack'!I11/1000,1) -> 0 | ... O14: =CEILING('L Sized Pack'!M11/1000,1) -> 0 | P14: =SUM(D14:O14)*5 -> 65 | T14: =CEILING('L Sized Pack'!B11/5000,1) -> 3 | U14: =CEILING('L Sized Pack'!C11/5000,1) -> 0 | V14: =CEILING('L Sized Pack'!D11/5000,1) -> 0 | W14: =CEILING('L Sized Pack'!E11/5000,1) -> 0 | X14: =CEILING('L Sized Pack'!F11/5000,1) -> 0 | Y14: =CEILING('L Sized Pack'!G11/5000,1) -> 0 | Z14: =CEILING('L Sized Pack'!H11/5000,1) -> 0 | AA14: =CEILING('L Sized Pack'!I11/5000,1) -> 0 | ... AE14: =CEILING('L Sized Pack'!M11/5000,1) -> 0 | AF14: =SUM(T14:AE14)*10 -> 30 | AH14: =CEILING('L Sized Pack'!B11/8000,1) -> 2 | AI14: =CEILING('L Sized Pack'!C11/8000,1) -> 0 | AJ14: =CEILING('L Sized Pack'!D11/8000,1) -> 0 | AK14: =CEILING('L Sized Pack'!E11/8000,1) -> 0 | AL14: =CEILING('L Sized Pack'!F11/8000,1) -> 0 | AM14: =CEILING('L Sized Pack'!G11/8000,1) -> 0 | AN14: =CEILING('L Sized Pack'!H11/8000,1) -> 0 | AO14: =CEILING('L Sized Pack'!I11/8000,1) -> 0 | ... AS14: =CEILING('L Sized Pack'!M11/8000,1) -> 0 | AT14: =SUM(AH14:AS14)*15 -> 30 | AV14: =MIN(AT14,AF14,P14)+14.99*12 -> 209.88
A15: SUB-884111294 | B15: Reduced rate | D15: =CEILING('L Sized Pack'!B12/1000,1) -> 12 | E15: =CEILING('L Sized Pack'!C12/1000,1) -> 0 | F15: =CEILING('L Sized Pack'!D12/1000,1) -> 0 | G15: =CEILING('L Sized Pack'!E12/1000,1) -> 0 | H15: =CEILING('L Sized Pack'!F12/1000,1) -> 0 | I15: =CEILING('L Sized Pack'!G12/1000,1) -> 0 | J15: =CEILING('L Sized Pack'!H12/1000,1) -> 0 | K15: =CEILING('L Sized Pack'!I12/1000,1) -> 0 | ... O15: =CEILING('L Sized Pack'!M12/1000,1) -> 0 | P15: =SUM(D15:O15)*5 -> 60 | T15: =CEILING('L Sized Pack'!B12/5000,1) -> 3 | U15: =CEILING('L Sized Pack'!C12/5000,1) -> 0 | V15: =CEILING('L Sized Pack'!D12/5000,1) -> 0 | W15: =CEILING('L Sized Pack'!E12/5000,1) -> 0 | X15: =CEILING('L Sized Pack'!F12/5000,1) -> 0 | Y15: =CEILING('L Sized Pack'!G12/5000,1) -> 0 | Z15: =CEILING('L Sized Pack'!H12/5000,1) -> 0 | AA15: =CEILING('L Sized Pack'!I12/5000,1) -> 0 | ... AE15: =CEILING('L Sized Pack'!M12/5000,1) -> 0 | AF15: =SUM(T15:AE15)*10 -> 30 | AH15: =CEILING('L Sized Pack'!B12/8000,1) -> 2 | AI15: =CEILING('L Sized Pack'!C12/8000,1) -> 0 | AJ15: =CEILING('L Sized Pack'!D12/8000,1) -> 0 | AK15: =CEILING('L Sized Pack'!E12/8000,1) -> 0 | AL15: =CEILING('L Sized Pack'!F12/8000,1) -> 0 | AM15: =CEILING('L Sized Pack'!G12/8000,1) -> 0 | AN15: =CEILING('L Sized Pack'!H12/8000,1) -> 0 | AO15: =CEILING('L Sized Pack'!I12/8000,1) -> 0 | ... AS15: =CEILING('L Sized Pack'!M12/8000,1) -> 0 | AT15: =SUM(AH15:AS15)*15 -> 30 | AV15: =MIN(AT15,AF15,P15)+14.99*12 -> 209.88
A16: SUB-754009185 | B16: Reduced rate | D16: =CEILING('L Sized Pack'!B13/1000,1) -> 8 | E16: =CEILING('L Sized Pack'!C13/1000,1) -> 0 | F16: =CEILING('L Sized Pack'!D13/1000,1) -> 0 | G16: =CEILING('L Sized Pack'!E13/1000,1) -> 0 | H16: =CEILING('L Sized Pack'!F13/1000,1) -> 0 | I16: =CEILING('L Sized Pack'!G13/1000,1) -> 0 | J16: =CEILING('L Sized Pack'!H13/1000,1) -> 0 | K16: =CEILING('L Sized Pack'!I13/1000,1) -> 0 | ... O16: =CEILING('L Sized Pack'!M13/1000,1) -> 0 | P16: =SUM(D16:O16)*5 -> 40 | T16: =CEILING('L Sized Pack'!B13/5000,1) -> 2 | U16: =CEILING('L Sized Pack'!C13/5000,1) -> 0 | V16: =CEILING('L Sized Pack'!D13/5000,1) -> 0 | W16: =CEILING('L Sized Pack'!E13/5000,1) -> 0 | X16: =CEILING('L Sized Pack'!F13/5000,1) -> 0 | Y16: =CEILING('L Sized Pack'!G13/5000,1) -> 0 | Z16: =CEILING('L Sized Pack'!H13/5000,1) -> 0 | AA16: =CEILING('L Sized Pack'!I13/5000,1) -> 0 | ... AE16: =CEILING('L Sized Pack'!M13/5000,1) -> 0 | AF16: =SUM(T16:AE16)*10 -> 20 | AH16: =CEILING('L Sized Pack'!B13/8000,1) -> 1 | AI16: =CEILING('L Sized Pack'!C13/8000,1) -> 0 | AJ16: =CEILING('L Sized Pack'!D13/8000,1) -> 0 | AK16: =CEILING('L Sized Pack'!E13/8000,1) -> 0 | AL16: =CEILING('L Sized Pack'!F13/8000,1) -> 0 | AM16: =CEILING('L Sized Pack'!G13/8000,1) -> 0 | AN16: =CEILING('L Sized Pack'!H13/8000,1) -> 0 | AO16: =CEILING('L Sized Pack'!I13/8000,1) -> 0 | ... AS16: =CEILING('L Sized Pack'!M13/8000,1) -> 0 | AT16: =SUM(AH16:AS16)*15 -> 15 | AV16: =MIN(AT16,AF16,P16)+14.99*12 -> 194.88
A17: SUB-907933772 | B17: Reduced rate | D17: =CEILING('L Sized Pack'!B14/1000,1) -> 8 | E17: =CEILING('L Sized Pack'!C14/1000,1) -> 0 | F17: =CEILING('L Sized Pack'!D14/1000,1) -> 0 | G17: =CEILING('L Sized Pack'!E14/1000,1) -> 3 | H17: =CEILING('L Sized Pack'!F14/1000,1) -> 0 | I17: =CEILING('L Sized Pack'!G14/1000,1) -> 0 | J17: =CEILING('L Sized Pack'!H14/1000,1) -> 0 | K17: =CEILING('L Sized Pack'!I14/1000,1) -> 0 | ... O17: =CEILING('L Sized Pack'!M14/1000,1) -> 0 | P17: =SUM(D17:O17)*5 -> 55 | T17: =CEILING('L Sized Pack'!B14/5000,1) -> 2 | U17: =CEILING('L Sized Pack'!C14/5000,1) -> 0 | V17: =CEILING('L Sized Pack'!D14/5000,1) -> 0 | W17: =CEILING('L Sized Pack'!E14/5000,1) -> 1 | X17: =CEILING('L Sized Pack'!F14/5000,1) -> 0 | Y17: =CEILING('L Sized Pack'!G14/5000,1) -> 0 | Z17: =CEILING('L Sized Pack'!H14/5000,1) -> 0 | AA17: =CEILING('L Sized Pack'!I14/5000,1) -> 0 | ... AE17: =CEILING('L Sized Pack'!M14/5000,1) -> 0 | AF17: =SUM(T17:AE17)*10 -> 30 | AH17: =CEILING('L Sized Pack'!B14/8000,1) -> 1 | AI17: =CEILING('L Sized Pack'!C14/8000,1) -> 0 | AJ17: =CEILING('L Sized Pack'!D14/8000,1) -> 0 | AK17: =CEILING('L Sized Pack'!E14/8000,1) -> 1 | AL17: =CEILING('L Sized Pack'!F14/8000,1) -> 0 | AM17: =CEILING('L Sized Pack'!G14/8000,1) -> 0 | AN17: =CEILING('L Sized Pack'!H14/8000,1) -> 0 | AO17: =CEILING('L Sized Pack'!I14/8000,1) -> 0 | ... AS17: =CEILING('L Sized Pack'!M14/8000,1) -> 0 | AT17: =SUM(AH17:AS17)*15 -> 30 | AV17: =MIN(AT17,AF17,P17)+14.99*12 -> 209.88
A18: SUB-219686190 | B18: Reduced rate | D18: =CEILING('L Sized Pack'!B15/1000,1) -> 8 | E18: =CEILING('L Sized Pack'!C15/1000,1) -> 0 | F18: =CEILING('L Sized Pack'!D15/1000,1) -> 0 | G18: =CEILING('L Sized Pack'!E15/1000,1) -> 0 | H18: =CEILING('L Sized Pack'!F15/1000,1) -> 0 | I18: =CEILING('L Sized Pack'!G15/1000,1) -> 0 | J18: =CEILING('L Sized Pack'!H15/1000,1) -> 0 | K18: =CEILING('L Sized Pack'!I15/1000,1) -> 0 | ... O18: =CEILING('L Sized Pack'!M15/1000,1) -> 0 | P18: =SUM(D18:O18)*5 -> 50 | T18: =CEILING('L Sized Pack'!B15/5000,1) -> 2 | U18: =CEILING('L Sized Pack'!C15/5000,1) -> 0 | V18: =CEILING('L Sized Pack'!D15/5000,1) -> 0 | W18: =CEILING('L Sized Pack'!E15/5000,1) -> 0 | X18: =CEILING('L Sized Pack'!F15/5000,1) -> 0 | Y18: =CEILING('L Sized Pack'!G15/5000,1) -> 0 | Z18: =CEILING('L Sized Pack'!H15/5000,1) -> 0 | AA18: =CEILING('L Sized Pack'!I15/5000,1) -> 0 | ... AE18: =CEILING('L Sized Pack'!M15/5000,1) -> 0 | AF18: =SUM(T18:AE18)*10 -> 30 | AH18: =CEILING('L Sized Pack'!B15/8000,1) -> 1 | AI18: =CEILING('L Sized Pack'!C15/8000,1) -> 0 | AJ18: =CEILING('L Sized Pack'!D15/8000,1) -> 0 | AK18: =CEILING('L Sized Pack'!E15/8000,1) -> 0 | AL18: =CEILING('L Sized Pack'!F15/8000,1) -> 0 | AM18: =CEILING('L Sized Pack'!G15/8000,1) -> 0 | AN18: =CEILING('L Sized Pack'!H15/8000,1) -> 0 | AO18: =CEILING('L Sized Pack'!I15/8000,1) -> 0 | ... AS18: =CEILING('L Sized Pack'!M15/8000,1) -> 0 | AT18: =SUM(AH18:AS18)*15 -> 30 | AV18: =MIN(AT18,AF18,P18)+14.99*12 -> 209.88
A19: SUB-275406642 | B19: Reduced rate | D19: =CEILING('L Sized Pack'!B16/1000,1) -> 7 | E19: =CEILING('L Sized Pack'!C16/1000,1) -> 0 | F19: =CEILING('L Sized Pack'!D16/1000,1) -> 0 | G19: =CEILING('L Sized Pack'!E16/1000,1) -> 0 | H19: =CEILING('L Sized Pack'!F16/1000,1) -> 0 | I19: =CEILING('L Sized Pack'!G16/1000,1) -> 0 | J19: =CEILING('L Sized Pack'!H16/1000,1) -> 0 | K19: =CEILING('L Sized Pack'!I16/1000,1) -> 0 | ... O19: =CEILING('L Sized Pack'!M16/1000,1) -> 0 | P19: =SUM(D19:O19)*5 -> 35 | T19: =CEILING('L Sized Pack'!B16/5000,1) -> 2 | U19: =CEILING('L Sized Pack'!C16/5000,1) -> 0 | V19: =CEILING('L Sized Pack'!D16/5000,1) -> 0 | W19: =CEILING('L Sized Pack'!E16/5000,1) -> 0 | X19: =CEILING('L Sized Pack'!F16/5000,1) -> 0 | Y19: =CEILING('L Sized Pack'!G16/5000,1) -> 0 | Z19: =CEILING('L Sized Pack'!H16/5000,1) -> 0 | AA19: =CEILING('L Sized Pack'!I16/5000,1) -> 0 | ... AE19: =CEILING('L Sized Pack'!M16/5000,1) -> 0 | AF19: =SUM(T19:AE19)*10 -> 20 | AH19: =CEILING('L Sized Pack'!B16/8000,1) -> 1 | AI19: =CEILING('L Sized Pack'!C16/8000,1) -> 0 | AJ19: =CEILING('L Sized Pack'!D16/8000,1) -> 0 | AK19: =CEILING('L Sized Pack'!E16/8000,1) -> 0 | AL19: =CEILING('L Sized Pack'!F16/8000,1) -> 0 | AM19: =CEILING('L Sized Pack'!G16/8000,1) -> 0 | AN19: =CEILING('L Sized Pack'!H16/8000,1) -> 0 | AO19: =CEILING('L Sized Pack'!I16/8000,1) -> 0 | ... AS19: =CEILING('L Sized Pack'!M16/8000,1) -> 0 | AT19: =SUM(AH19:AS19)*15 -> 15 | AV19: =MIN(AT19,AF19,P19)+14.99*12 -> 194.88
A20: SUB-475178203 | B20: Reduced rate | D20: =CEILING('L Sized Pack'!B17/1000,1) -> 7 | E20: =CEILING('L Sized Pack'!C17/1000,1) -> 0 | F20: =CEILING('L Sized Pack'!D17/1000,1) -> 0 | G20: =CEILING('L Sized Pack'!E17/1000,1) -> 0 | H20: =CEILING('L Sized Pack'!F17/1000,1) -> 0 | I20: =CEILING('L Sized Pack'!G17/1000,1) -> 2 | J20: =CEILING('L Sized Pack'!H17/1000,1) -> 0 | K20: =CEILING('L Sized Pack'!I17/1000,1) -> 0 | ... O20: =CEILING('L Sized Pack'!M17/1000,1) -> 0 | P20: =SUM(D20:O20)*5 -> 45 | T20: =CEILING('L Sized Pack'!B17/5000,1) -> 2 | U20: =CEILING('L Sized Pack'!C17/5000,1) -> 0 | V20: =CEILING('L Sized Pack'!D17/5000,1) -> 0 | W20: =CEILING('L Sized Pack'!E17/5000,1) -> 0 | X20: =CEILING('L Sized Pack'!F17/5000,1) -> 0 | Y20: =CEILING('L Sized Pack'!G17/5000,1) -> 1 | Z20: =CEILING('L Sized Pack'!H17/5000,1) -> 0 | AA20: =CEILING('L Sized Pack'!I17/5000,1) -> 0 | ... AE20: =CEILING('L Sized Pack'!M17/5000,1) -> 0 | AF20: =SUM(T20:AE20)*10 -> 30 | AH20: =CEILING('L Sized Pack'!B17/8000,1) -> 1 | AI20: =CEILING('L Sized Pack'!C17/8000,1) -> 0 | AJ20: =CEILING('L Sized Pack'!D17/8000,1) -> 0 | AK20: =CEILING('L Sized Pack'!E17/8000,1) -> 0 | AL20: =CEILING('L Sized Pack'!F17/8000,1) -> 0 | AM20: =CEILING('L Sized Pack'!G17/8000,1) -> 1 | AN20: =CEILING('L Sized Pack'!H17/8000,1) -> 0 | AO20: =CEILING('L Sized Pack'!I17/8000,1) -> 0 | ... AS20: =CEILING('L Sized Pack'!M17/8000,1) -> 0 | AT20: =SUM(AH20:AS20)*15 -> 30 | AV20: =MIN(AT20,AF20,P20)+14.99*12 -> 209.88
A21: SUB-384428935 | B21: Reduced rate | D21: =CEILING('L Sized Pack'!B18/1000,1) -> 7 | E21: =CEILING('L Sized Pack'!C18/1000,1) -> 0 | F21: =CEILING('L Sized Pack'!D18/1000,1) -> 0 | G21: =CEILING('L Sized Pack'!E18/1000,1) -> 0 | H21: =CEILING('L Sized Pack'!F18/1000,1) -> 0 | I21: =CEILING('L Sized Pack'!G18/1000,1) -> 0 | J21: =CEILING('L Sized Pack'!H18/1000,1) -> 0 | K21: =CEILING('L Sized Pack'!I18/1000,1) -> 0 | ... O21: =CEILING('L Sized Pack'!M18/1000,1) -> 0 | P21: =SUM(D21:O21)*5 -> 35 | T21: =CEILING('L Sized Pack'!B18/5000,1) -> 2 | U21: =CEILING('L Sized Pack'!C18/5000,1) -> 0 | V21: =CEILING('L Sized Pack'!D18/5000,1) -> 0 | W21: =CEILING('L Sized Pack'!E18/5000,1) -> 0 | X21: =CEILING('L Sized Pack'!F18/5000,1) -> 0 | Y21: =CEILING('L Sized Pack'!G18/5000,1) -> 0 | Z21: =CEILING('L Sized Pack'!H18/5000,1) -> 0 | AA21: =CEILING('L Sized Pack'!I18/5000,1) -> 0 | ... AE21: =CEILING('L Sized Pack'!M18/5000,1) -> 0 | AF21: =SUM(T21:AE21)*10 -> 20 | AH21: =CEILING('L Sized Pack'!B18/8000,1) -> 1 | AI21: =CEILING('L Sized Pack'!C18/8000,1) -> 0 | AJ21: =CEILING('L Sized Pack'!D18/8000,1) -> 0 | AK21: =CEILING('L Sized Pack'!E18/8000,1) -> 0 | AL21: =CEILING('L Sized Pack'!F18/8000,1) -> 0 | AM21: =CEILING('L Sized Pack'!G18/8000,1) -> 0 | AN21: =CEILING('L Sized Pack'!H18/8000,1) -> 0 | AO21: =CEILING('L Sized Pack'!I18/8000,1) -> 0 | ... AS21: =CEILING('L Sized Pack'!M18/8000,1) -> 0 | AT21: =SUM(AH21:AS21)*15 -> 15 | AV21: =MIN(AT21,AF21,P21)+14.99*12 -> 194.88
... A1009: SUB-961271099 | B1009: Pay-as-you-go | D1009: =CEILING('L Sized Pack'!B1006/1000,1) -> 0 | E1009: =CEILING('L Sized Pack'!C1006/1000,1) -> 0 | F1009: =CEILING('L Sized Pack'!D1006/1000,1) -> 0 | G1009: =CEILING('L Sized Pack'!E1006/1000,1) -> 8 | H1009: =CEILING('L Sized Pack'!F1006/1000,1) -> 0 | I1009: =CEILING('L Sized Pack'!G1006/1000,1) -> 0 | J1009: =CEILING('L Sized Pack'!H1006/1000,1) -> 0 | K1009: =CEILING('L Sized Pack'!I1006/1000,1) -> 0 | ... O1009: =CEILING('L Sized Pack'!M1006/1000,1) -> 0 | P1009: =SUM(D1009:O1009)*5 -> 40 | T1009: =CEILING('L Sized Pack'!B1006/5000,1) -> 0 | U1009: =CEILING('L Sized Pack'!C1006/5000,1) -> 0 | V1009: =CEILING('L Sized Pack'!D1006/5000,1) -> 0 | W1009: =CEILING('L Sized Pack'!E1006/5000,1) -> 2 | X1009: =CEILING('L Sized Pack'!F1006/5000,1) -> 0 | Y1009: =CEILING('L Sized Pack'!G1006/5000,1) -> 0 | Z1009: =CEILING('L Sized Pack'!H1006/5000,1) -> 0 | AA1009: =CEILING('L Sized Pack'!I1006/5000,1) -> 0 | ... AE1009: =CEILING('L Sized Pack'!M1006/5000,1) -> 0 | AF1009: =SUM(T1009:AE1009)*10 -> 20 | AH1009: =CEILING('L Sized Pack'!B1006/8000,1) -> 0 | AI1009: =CEILING('L Sized Pack'!C1006/8000,1) -> 0 | AJ1009: =CEILING('L Sized Pack'!D1006/8000,1) -> 0 | AK1009: =CEILING('L Sized Pack'!E1006/8000,1) -> 1 | AL1009: =CEILING('L Sized Pack'!F1006/8000,1) -> 0 | AM1009: =CEILING('L Sized Pack'!G1006/8000,1) -> 0 | AN1009: =CEILING('L Sized Pack'!H1006/8000,1) -> 0 | AO1009: =CEILING('L Sized Pack'!I1006/8000,1) -> 0 | ... AS1009: =CEILING('L Sized Pack'!M1006/8000,1) -> 0 | AT1009: =SUM(AH1009:AS1009)*15 -> 15 | AV1009: =MIN(AT1009,AF1009,P1009)+14.99*12 -> 194.88

Sheet Package preference
B1: =COUNTIF(G8:G1007,"S_Pack_revenue") -> 5 | C1: Current customer would switch to S package | G1: 566.15085 | H1: Revenue | AA1: Customer_ID | AB1: Plan | AC1: Total billing amount | AD1: S_pack_Revenue | AE1: M_Pack_revenue | AF1: L_Pack_revenue
B2: =COUNTIF(G8:G1007,"M_Pack_revenue") -> 980 | C2: Current customer would switch to M package | G2: 153072.4 | H2: Revenue | AA2: SUB-729143503 | AB2: Reduced rate | AC2: 700.39 | AD2: ='Excess data S Pack'!P8+'Excess data S Pack'!Q8+4.99*12 -> 330.96855 | AE2: ='Excess data M Pack'!AF10 -> 189.88 | AF2: ='Excess data L Pack'!AV10 -> 219.88
B3: =COUNTIF(G8:G1007,"L_Pack_revenue") -> 15 | C3: Current customer would switch to L package | G3: 2938.2 | H3: Revenue | AA3: SUB-327259441 | AB3: Reduced rate | AC3: 625.11 | AD3: ='Excess data S Pack'!P9+'Excess data S Pack'!Q9+4.99*12 -> 268.44349 | AE3: ='Excess data M Pack'!AF11 -> 179.88 | AF3: ='Excess data L Pack'!AV11 -> 219.88
AA4: SUB-720199369 | AB4: Reduced rate | AC4: 560.48 | AD4: ='Excess data S Pack'!P10+'Excess data S Pack'!Q10+4.99*12 -> 259.29838 | AE4: ='Excess data M Pack'!AF12 -> 169.88 | AF4: ='Excess data L Pack'!AV12 -> 209.88
A5: Plan | B5: (All) | AA5: SUB-115774364 | AB5: Reduced rate | AC5: 682.55 | AD5: ='Excess data S Pack'!P11+'Excess data S Pack'!Q11+4.99*12 -> 319.23653 | AE5: ='Excess data M Pack'!AF13 -> 179.88 | AF5: ='Excess data L Pack'!AV13 -> 209.88
AA6: SUB-687511952 | AB6: Reduced rate | AC6: 705.08 | AD6: ='Excess data S Pack'!P12+'Excess data S Pack'!Q12+4.99*12 -> 313.4837 | AE6: ='Excess data M Pack'!AF14 -> 189.88 | AF6: ='Excess data L Pack'!AV14 -> 209.88
A7: Row Labels | B7: Current_Tariff | C7: S pack Revenue | D7: M Pack revenue | E7: L Pack Revenue | F7: Minimum | G7: Package | AA7: SUB-884111294 | AB7: Reduced rate | AC7: 728.61 | AD7: ='Excess data S Pack'!P13+'Excess data S Pack'!Q13+4.99*12 -> 342.56317 | AE7: ='Excess data M Pack'!AF15 -> 189.88 | AF7: ='Excess data L Pack'!AV15 -> 209.88
A8: SUB-100962022 | B8: 502.6 | C8: 230.26252 | D8: 159.88 | E8: 194.88 | F8: =MIN(B8:E8) -> 159.88 | G8: {=INDEX({"Total billing amount","S_pack_Revenue","M_Pack_revenue","L_Pack_revenue"}, MATCH(MIN(B8:E8), B8:E8, 0))} -> M_Pack_revenue | AA8: SUB-754009185 | AB8: Reduced rate | AC8: 744.32 | AD8: ='Excess data S Pack'!P14+'Excess data S Pack'!Q14+4.99*12 -> 348.37882 | AE8: ='Excess data M Pack'!AF16 -> 179.88 | AF8: ='Excess data L Pack'!AV16 -> 194.88
A9: SUB-101759923 | B9: 521.02 | C9: 234.19962 | D9: 149.88 | E9: 189.88 | F9: =MIN(B9:E9) -> 149.88 | G9: {=INDEX({"Total billing amount","S_pack_Revenue","M_Pack_revenue","L_Pack_revenue"}, MATCH(MIN(B9:E9), B9:E9, 0))} -> M_Pack_revenue | AA9: SUB-907933772 | AB9: Reduced rate | AC9: 570.48 | AD9: ='Excess data S Pack'!P15+'Excess data S Pack'!Q15+4.99*12 -> 263.2844 | AE9: ='Excess data M Pack'!AF17 -> 169.88 | AF9: ='Excess data L Pack'!AV17 -> 209.88
A10: SUB-104250558 | B10: 598.97 | C10: 186.12774 | D10: 134.88 | E10: 179.88 | F10: =MIN(B10:E10) -> 134.88 | G10: {=INDEX({"Total billing amount","S_pack_Revenue","M_Pack_revenue","L_Pack_revenue"}, MATCH(MIN(B10:E10), B10:E10, 0))} -> M_Pack_revenue | AA10: SUB-219686190 | AB10: Reduced rate | AC10: 651.52 | AD10: ='Excess data S Pack'!P16+'Excess data S Pack'!Q16+4.99*12 -> 298.83168 | AE10: ='Excess data M Pack'!AF18 -> 189.88 | AF10: ='Excess data L Pack'!AV18 -> 209.88
A11: SUB-104899978 | B11: 627.32 | C11: 198.73169 | D11: 139.88 | E11: 179.88 | F11: =MIN(B11:E11) -> 139.88 | G11: {=INDEX({"Total billing amount","S_pack_Revenue","M_Pack_revenue","L_Pack_revenue"}, MATCH(MIN(B11:E11), B11:E11, 0))} -> M_Pack_revenue | AA11: SUB-275406642 | AB11: Reduced rate | AC11: 710.47 | AD11: ='Excess data S Pack'!P17+'Excess data S Pack'!Q17+4.99*12 -> 330.65684 | AE11: ='Excess data M Pack'!AF19 -> 179.88 | AF11: ='Excess data L Pack'!AV19 -> 194.88
A12: SUB-105344122 | B12: 702.4 | C12: 210.08148 | D12: 139.88 | E12: 179.88 | F12: =MIN(B12:E12) -> 139.88 | G12: {=INDEX({"Total billing amount","S_pack_Revenue","M_Pack_revenue","L_Pack_revenue"}, MATCH(MIN(B12:E12), B12:E12, 0))} -> M_Pack_revenue | AA12: SUB-475178203 | AB12: Reduced rate | AC12: 788.21 | AD12: ='Excess data S Pack'!P18+'Excess data S Pack'!Q18+4.99*12 -> 365.23247 | AE12: ='Excess data M Pack'!AF20 -> 209.88 | AF12: ='Excess data L Pack'!AV20 -> 209.88
A13: SUB-105708050 | B13: 659.35 | C13: 296.55112 | D13: 169.88 | E13: 184.88 | F13: =MIN(B13:E13) -> 169.88 | G13: {=INDEX({"Total billing amount","S_pack_Revenue","M_Pack_revenue","L_Pack_revenue"}, MATCH(MIN(B13:E13), B13:E13, 0))} -> M_Pack_revenue | AA13: SUB-384428935 | AB13: Reduced rate | AC13: 530.98 | AD13: ='Excess data S Pack'!P19+'Excess data S Pack'!Q19+4.99*12 -> 243.56435 | AE13: ='Excess data M Pack'!AF21 -> 159.88 | AF13: ='Excess data L Pack'!AV21 -> 194.88
A14: SUB-105878049 | B14: 515.95 | C14: 240.01857 | D14: 159.88 | E14: 184.88 | F14: =MIN(B14:E14) -> 159.88 | G14: {=INDEX({"Total billing amount","S_pack_Revenue","M_Pack_revenue","L_Pack_revenue"}, MATCH(MIN(B14:E14), B14:E14, 0))} -> M_Pack_revenue | AA14: SUB-521321411 | AB14: Reduced rate | AC14: 619.55 | AD14: ='Excess data S Pack'!P20+'Excess data S Pack'!Q20+4.99*12 -> 283.3418 | AE14: ='Excess data M Pack'!AF22 -> 179.88 | AF14: ='Excess data L Pack'!AV22 -> 194.88
A15: SUB-107236587 | B15: 937.93 | C15: 268.79376 | D15: 159.88 | E15: 184.88 | F15: =MIN(B15:E15) -> 159.88 | G15: {=INDEX({"Total billing amount","S_pack_Revenue","M_Pack_revenue","L_Pack_revenue"}, MATCH(MIN(B15:E15), B15:E15, 0))} -> M_Pack_revenue | AA15: SUB-898408300 | AB15: Reduced rate | AC15: 787.97 | AD15: ='Excess data S Pack'!P21+'Excess data S Pack'!Q21+4.99*12 -> 374.47783 | AE15: ='Excess data M Pack'!AF23 -> 209.88 | AF15: ='Excess data L Pack'!AV23 -> 219.88
A16: SUB-107447811 | B16: 556.69 | C16: 179.52198 | D16: 134.88 | E16: 184.88 | F16: =MIN(B16:E16) -> 134.88 | G16: {=INDEX({"Total billing amount","S_pack_Revenue","M_Pack_revenue","L_Pack_revenue"}, MATCH(MIN(B16:E16), B16:E16, 0))} -> M_Pack_revenue | AA16: SUB-924761319 | AB16: Reduced rate | AC16: 600.43 | AD16: ='Excess data S Pack'!P22+'Excess data S Pack'!Q22+4.99*12 -> 286.17937 | AE16: ='Excess data M Pack'!AF24 -> 179.88 | AF16: ='Excess data L Pack'!AV24 -> 209.88
A17: SUB-108305604 | B17: 532.83 | C17: 240.17407 | D17: 159.88 | E17: 184.88 | F17: =MIN(B17:E17) -> 159.88 | G17: {=INDEX({"Total billing amount","S_pack_Revenue","M_Pack_revenue","L_Pack_revenue"}, MATCH(MIN(B17:E17), B17:E17, 0))} -> M_Pack_revenue | AA17: SUB-837792243 | AB17: Reduced rate | AC17: 598.31 | AD17: ='Excess data S Pack'!P23+'Excess data S Pack'!Q23+4.99*12 -> 276.09474 | AE17: ='Excess data M Pack'!AF25 -> 179.88 | AF17: ='Excess data L Pack'!AV25 -> 189.88
A18: SUB-108383012 | B18: 483 | C18: 159.65293 | D18: 124.88 | E18: 179.88 | F18: =MIN(B18:E18) -> 124.88 | G18: {=INDEX({"Total billing amount","S_pack_Revenue","M_Pack_revenue","L_Pack_revenue"}, MATCH(MIN(B18:E18), B18:E18, 0))} -> M_Pack_revenue | AA18: SUB-391629132 | AB18: Reduced rate | AC18: 548.54 | AD18: ='Excess data S Pack'!P24+'Excess data S Pack'!Q24+4.99*12 -> 251.993 | AE18: ='Excess data M Pack'!AF26 -> 149.88 | AF18: ='Excess data L Pack'!AV26 -> 189.88
A19: SUB-108880090 | B19: 592.64 | C19: 275.5094 | D19: 169.88 | E19: 189.88 | F19: =MIN(B19:E19) -> 169.88 | G19: {=INDEX({"Total billing amount","S_pack_Revenue","M_Pack_revenue","L_Pack_revenue"}, MATCH(MIN(B19:E19), B19:E19, 0))} -> M_Pack_revenue | AA19: SUB-650580748 | AB19: Pay-as-you-go | AC19: 708.46 | AD19: ='Excess data S Pack'!P25+'Excess data S Pack'!Q25+4.99*12 -> 214.21148 | AE19: ='Excess data M Pack'!AF27 -> 139.88 | AF19: ='Excess data L Pack'!AV27 -> 189.88
... A1001: SUB-995306572 | B1001: 502.85 | C1001: 230.24909 | D1001: 149.88 | E1001: 189.88 | F1001: =MIN(B1001:E1001) -> 149.88 | G1001: {=INDEX({"Total billing amount","S_pack_Revenue","M_Pack_revenue","L_Pack_revenue"}, MATCH(MIN(B1001:E1001), B1001:E1001, 0))} -> M_Pack_revenue | AA1001: SUB-961271099 | AB1001: Pay-as-you-go | AC1001: 623.28 | AD1001: ='Excess data S Pack'!P1007+'Excess data S Pack'!Q1007+4.99*12 -> 202.23751 | AE1001: ='Excess data M Pack'!AF1009 -> 149.88 | AF1001: ='Excess data L Pack'!AV1009 -> 194.88
A1002: SUB-996000086 | B1002: 720.6 | C1002: 222.82394 | D1002: 154.88 | E1002: 179.88 | F1002: =MIN(B1002:E1002) -> 154.88 | G1002: {=INDEX({"Total billing amount","S_pack_Revenue","M_Pack_revenue","L_Pack_revenue"}, MATCH(MIN(B1002:E1002), B1002:E1002, 0))} -> M_Pack_revenue
A1003: SUB-996400695 | B1003: 704.61 | C1003: 214.24317 | D1003: 139.88 | E1003: 179.88 | F1003: =MIN(B1003:E1003) -> 139.88 | G1003: {=INDEX({"Total billing amount","S_pack_Revenue","M_Pack_revenue","L_Pack_revenue"}, MATCH(MIN(B1003:E1003), B1003:E1003, 0))} -> M_Pack_revenue
A1004: SUB-997894279 | B1004: 639.12 | C1004: 295.47965 | D1004: 159.88 | E1004: 189.88 | F1004: =MIN(B1004:E1004) -> 159.88 | G1004: {=INDEX({"Total billing amount","S_pack_Revenue","M_Pack_revenue","L_Pack_revenue"}, MATCH(MIN(B1004:E1004), B1004:E1004, 0))} -> M_Pack_revenue
A1005: SUB-998218459 | B1005: 510.64 | C1005: 230.58146 | D1005: 159.88 | E1005: 194.88 | F1005: =MIN(B1005:E1005) -> 159.88 | G1005: {=INDEX({"Total billing amount","S_pack_Revenue","M_Pack_revenue","L_Pack_revenue"}, MATCH(MIN(B1005:E1005), B1005:E1005, 0))} -> M_Pack_revenue
A1006: SUB-998702037 | B1006: 693.74 | C1006: 204.28634 | D1006: 134.88 | E1006: 189.88 | F1006: =MIN(B1006:E1006) -> 134.88 | G1006: {=INDEX({"Total billing amount","S_pack_Revenue","M_Pack_revenue","L_Pack_revenue"}, MATCH(MIN(B1006:E1006), B1006:E1006, 0))} -> M_Pack_revenue
A1007: SUB-999991055 | B1007: 1133.84 | C1007: 329.26896 | D1007: 189.88 | E1007: 199.88 | F1007: =MIN(B1007:E1007) -> 189.88 | G1007: {=INDEX({"Total billing amount","S_pack_Revenue","M_Pack_revenue","L_Pack_revenue"}, MATCH(MIN(B1007:E1007), B1007:E1007, 0))} -> M_Pack_revenue
A1008: (blank)
A1009: Grand Total | B1009: 629316.31 | C1009: 247407.15 | D1009: 156810 | E1009: 188420

Sheet Final Analysis (2)
A1: Customer_ID | B1: Plan | C1: Total billing amount | D1: S_pack_Revenue | E1: M_Pack_revenue | F1: L_Pack_revenue
A2: SUB-729143503 | B2: Reduced rate | C2: 700.39 | D2: ='[1]Excess data S Pack'!P2+'[1]Excess data S Pack'!Q2+4.99*12 -> 330.96855 | E2: ='[1]Excess data M Pack'!AT2 -> 189.88 | F2: ='[1]Excess data L Pack'!AV2 -> 219.88
A3: SUB-327259441 | B3: Reduced rate | C3: 625.11 | D3: ='[1]Excess data S Pack'!P3+'[1]Excess data S Pack'!Q3+4.99*12 -> 268.44349 | E3: ='[1]Excess data M Pack'!AT3 -> 179.88 | F3: ='[1]Excess data L Pack'!AV3 -> 219.88
A4: SUB-720199369 | B4: Reduced rate | C4: 560.48 | D4: ='[1]Excess data S Pack'!P4+'[1]Excess data S Pack'!Q4+4.99*12 -> 259.29838 | E4: ='[1]Excess data M Pack'!AT4 -> 169.88 | F4: ='[1]Excess data L Pack'!AV4 -> 209.88
A5: SUB-115774364 | B5: Reduced rate | C5: 682.55 | D5: ='[1]Excess data S Pack'!P5+'[1]Excess data S Pack'!Q5+4.99*12 -> 319.23653 | E5: ='[1]Excess data M Pack'!AT5 -> 179.88 | F5: ='[1]Excess data L Pack'!AV5 -> 209.88 | M5: Plan | N5: (All)
A6: SUB-687511952 | B6: Reduced rate | C6: 705.08 | D6: ='[1]Excess data S Pack'!P6+'[1]Excess data S Pack'!Q6+4.99*12 -> 313.4837 | E6: ='[1]Excess data M Pack'!AT6 -> 189.88 | F6: ='[1]Excess data L Pack'!AV6 -> 209.88
A7: SUB-884111294 | B7: Reduced rate | C7: 728.61 | D7: ='[1]Excess data S Pack'!P7+'[1]Excess data S Pack'!Q7+4.99*12 -> 342.56317 | E7: ='[1]Excess data M Pack'!AT7 -> 189.88 | F7: ='[1]Excess data L Pack'!AV7 -> 209.88 | M7: Row Labels | N7: Sum of Total billing amount | O7: Sum of S_pack_Revenue | P7: Sum of M_Pack_revenue | Q7: Sum of L_Pack_revenue | R7: Min out the 3 packs
A8: SUB-754009185 | B8: Reduced rate | C8: 744.32 | D8: ='[1]Excess data S Pack'!P8+'[1]Excess data S Pack'!Q8+4.99*12 -> 348.37882 | E8: ='[1]Excess data M Pack'!AT8 -> 179.88 | F8: ='[1]Excess data L Pack'!AV8 -> 194.88 | M8: SUB-100962022 | N8: 502.6 | O8: 230.26252 | P8: 159.88 | Q8: 194.88 | R8: =MIN(N8:Q8) -> 159.88 | S8: {=INDEX({"Total billing amount","S_pack_Revenue","M_Pack_revenue","L_Pack_revenue"}, MATCH(MIN(N8:Q8), N8:Q8, 0))} -> M_Pack_revenue | V8: =COUNTIF(S8:S1008, "M_Pack_revenue") -> 980 | W8: M
A9: SUB-907933772 | B9: Reduced rate | C9: 570.48 | D9: ='[1]Excess data S Pack'!P9+'[1]Excess data S Pack'!Q9+4.99*12 -> 263.2844 | E9: ='[1]Excess data M Pack'!AT9 -> 164.88 | F9: ='[1]Excess data L Pack'!AV9 -> 209.88 | M9: SUB-101759923 | N9: 521.02 | O9: 234.19962 | P9: 149.88 | Q9: 189.88 | R9: =MIN(N9:Q9) -> 149.88 | S9: {=INDEX({"Total billing amount","S_pack_Revenue","M_Pack_revenue","L_Pack_revenue"}, MATCH(MIN(N9:Q9), N9:Q9, 0))} -> M_Pack_revenue | V9: =COUNTIF(S8:S1008, "S_Pack_revenue") -> 5 | W9: S
A10: SUB-219686190 | B10: Reduced rate | C10: 651.52 | D10: ='[1]Excess data S Pack'!P10+'[1]Excess data S Pack'!Q10+4.99*12 -> 298.83168 | E10: ='[1]Excess data M Pack'!AT10 -> 189.88 | F10: ='[1]Excess data L Pack'!AV10 -> 209.88 | M10: SUB-104250558 | N10: 598.97 | O10: 186.12774 | P10: 134.88 | Q10: 179.88 | R10: =MIN(N10:Q10) -> 134.88 | S10: {=INDEX({"Total billing amount","S_pack_Revenue","M_Pack_revenue","L_Pack_revenue"}, MATCH(MIN(N10:Q10), N10:Q10, 0))} -> M_Pack_revenue | V10: =COUNTIF(S8:S1008, "L_Pack_revenue") -> 15 | W10: L
A11: SUB-275406642 | B11: Reduced rate | C11: 710.47 | D11: ='[1]Excess data S Pack'!P11+'[1]Excess data S Pack'!Q11+4.99*12 -> 330.65684 | E11: ='[1]Excess data M Pack'!AT11 -> 179.88 | F11: ='[1]Excess data L Pack'!AV11 -> 194.88 | M11: SUB-104899978 | N11: 627.32 | O11: 198.73169 | P11: 139.88 | Q11: 179.88 | R11: =MIN(N11:Q11) -> 139.88 | S11: {=INDEX({"Total billing amount","S_pack_Revenue","M_Pack_revenue","L_Pack_revenue"}, MATCH(MIN(N11:Q11), N11:Q11, 0))} -> M_Pack_revenue
A12: SUB-475178203 | B12: Reduced rate | C12: 788.21 | D12: ='[1]Excess data S Pack'!P12+'[1]Excess data S Pack'!Q12+4.99*12 -> 365.23247 | E12: ='[1]Excess data M Pack'!AT12 -> 209.88 | F12: ='[1]Excess data L Pack'!AV12 -> 209.88 | M12: SUB-105344122 | N12: 702.4 | O12: 210.08148 | P12: 139.88 | Q12: 179.88 | R12: =MIN(N12:Q12) -> 139.88 | S12: {=INDEX({"Total billing amount","S_pack_Revenue","M_Pack_revenue","L_Pack_revenue"}, MATCH(MIN(N12:Q12), N12:Q12, 0))} -> M_Pack_revenue
A13: SUB-384428935 | B13: Reduced rate | C13: 530.98 | D13: ='[1]Excess data S Pack'!P13+'[1]Excess data S Pack'!Q13+4.99*12 -> 243.56435 | E13: ='[1]Excess data M Pack'!AT13 -> 159.88 | F13: ='[1]Excess data L Pack'!AV13 -> 194.88 | M13: SUB-105708050 | N13: 659.35 | O13: 296.55112 | P13: 169.88 | Q13: 184.88 | R13: =MIN(N13:Q13) -> 169.88 | S13: {=INDEX({"Total billing amount","S_pack_Revenue","M_Pack_revenue","L_Pack_revenue"}, MATCH(MIN(N13:Q13), N13:Q13, 0))} -> M_Pack_revenue
A14: SUB-521321411 | B14: Reduced rate | C14: 619.55 | D14: ='[1]Excess data S Pack'!P14+'[1]Excess data S Pack'!Q14+4.99*12 -> 283.3418 | E14: ='[1]Excess data M Pack'!AT14 -> 179.88 | F14: ='[1]Excess data L Pack'!AV14 -> 194.88 | M14: SUB-105878049 | N14: 515.95 | O14: 240.01857 | P14: 159.88 | Q14: 184.88 | R14: =MIN(N14:Q14) -> 159.88 | S14: {=INDEX({"Total billing amount","S_pack_Revenue","M_Pack_revenue","L_Pack_revenue"}, MATCH(MIN(N14:Q14), N14:Q14, 0))} -> M_Pack_revenue | V14: =SUBTOTAL(9,R8:R1007) -> 156576.75
A15: SUB-898408300 | B15: Reduced rate | C15: 787.97 | D15: ='[1]Excess data S Pack'!P15+'[1]Excess data S Pack'!Q15+4.99*12 -> 374.47783 | E15: ='[1]Excess data M Pack'!AT15 -> 209.88 | F15: ='[1]Excess data L Pack'!AV15 -> 219.88 | M15: SUB-107236587 | N15: 937.93 | O15: 268.79376 | P15: 159.88 | Q15: 184.88 | R15: =MIN(N15:Q15) -> 159.88 | S15: {=INDEX({"Total billing amount","S_pack_Revenue","M_Pack_revenue","L_Pack_revenue"}, MATCH(MIN(N15:Q15), N15:Q15, 0))} -> M_Pack_revenue
A16: SUB-924761319 | B16: Reduced rate | C16: 600.43 | D16: ='[1]Excess data S Pack'!P16+'[1]Excess data S Pack'!Q16+4.99*12 -> 286.17937 | E16: ='[1]Excess data M Pack'!AT16 -> 179.88 | F16: ='[1]Excess data L Pack'!AV16 -> 209.88 | M16: SUB-107447811 | N16: 556.69 | O16: 179.52198 | P16: 134.88 | Q16: 184.88 | R16: =MIN(N16:Q16) -> 134.88 | S16: {=INDEX({"Total billing amount","S_pack_Revenue","M_Pack_revenue","L_Pack_revenue"}, MATCH(MIN(N16:Q16), N16:Q16, 0))} -> M_Pack_revenue
A17: SUB-837792243 | B17: Reduced rate | C17: 598.31 | D17: ='[1]Excess data S Pack'!P17+'[1]Excess data S Pack'!Q17+4.99*12 -> 276.09474 | E17: ='[1]Excess data M Pack'!AT17 -> 179.88 | F17: ='[1]Excess data L Pack'!AV17 -> 189.88 | M17: SUB-108305604 | N17: 532.83 | O17: 240.17407 | P17: 159.88 | Q17: 184.88 | R17: =MIN(N17:Q17) -> 159.88 | S17: {=INDEX({"Total billing amount","S_pack_Revenue","M_Pack_revenue","L_Pack_revenue"}, MATCH(MIN(N17:Q17), N17:Q17, 0))} -> M_Pack_revenue
A18: SUB-391629132 | B18: Reduced rate | C18: 548.54 | D18: ='[1]Excess data S Pack'!P18+'[1]Excess data S Pack'!Q18+4.99*12 -> 251.993 | E18: ='[1]Excess data M Pack'!AT18 -> 149.88 | F18: ='[1]Excess data L Pack'!AV18 -> 189.88 | M18: SUB-108383012 | N18: 483 | O18: 159.65293 | P18: 124.88 | Q18: 179.88 | R18: =MIN(N18:Q18) -> 124.88 | S18: {=INDEX({"Total billing amount","S_pack_Revenue","M_Pack_revenue","L_Pack_revenue"}, MATCH(MIN(N18:Q18), N18:Q18, 0))} -> M_Pack_revenue
A19: SUB-650580748 | B19: Pay-as-you-go | C19: 708.46 | D19: ='[1]Excess data S Pack'!P19+'[1]Excess data S Pack'!Q19+4.99*12 -> 214.21148 | E19: ='[1]Excess data M Pack'!AT19 -> 139.88 | F19: ='[1]Excess data L Pack'!AV19 -> 189.88 | M19: SUB-108880090 | N19: 592.64 | O19: 275.5094 | P19: 169.88 | Q19: 189.88 | R19: =MIN(N19:Q19) -> 169.88 | S19: {=INDEX({"Total billing amount","S_pack_Revenue","M_Pack_revenue","L_Pack_revenue"}, MATCH(MIN(N19:Q19), N19:Q19, 0))} -> M_Pack_revenue
A20: SUB-351850519 | B20: Pay-as-you-go | C20: 660.72 | D20: ='[1]Excess data S Pack'!P20+'[1]Excess data S Pack'!Q20+4.99*12 -> 207.67214 | E20: ='[1]Excess data M Pack'!AT20 -> 149.88 | F20: ='[1]Excess data L Pack'!AV20 -> 189.88 | M20: SUB-109824201 | N20: 677.3 | O20: 201.22552 | P20: 149.88 | Q20: 179.88 | R20: =MIN(N20:Q20) -> 149.88 | S20: {=INDEX({"Total billing amount","S_pack_Revenue","M_Pack_revenue","L_Pack_revenue"}, MATCH(MIN(N20:Q20), N20:Q20, 0))} -> M_Pack_revenue
A21: SUB-316698812 | B21: Reduced rate | C21: 602 | D21: ='[1]Excess data S Pack'!P21+'[1]Excess data S Pack'!Q21+4.99*12 -> 274.26205 | E21: ='[1]Excess data M Pack'!AT21 -> 169.88 | F21: ='[1]Excess data L Pack'!AV21 -> 189.88 | M21: SUB-111544536 | N21: 476.17 | O21: 148.59802 | P21: 129.88 | Q21: 179.88 | R21: =MIN(N21:Q21) -> 129.88 | S21: {=INDEX({"Total billing amount","S_pack_Revenue","M_Pack_revenue","L_Pack_revenue"}, MATCH(MIN(N21:Q21), N21:Q21, 0))} -> M_Pack_revenue
A22: SUB-175614581 | B22: Reduced rate | C22: 604.75 | D22: ='[1]Excess data S Pack'!P22+'[1]Excess data S Pack'!Q22+4.99*12 -> 274.4806 | E22: ='[1]Excess data M Pack'!AT22 -> 149.88 | F22: ='[1]Excess data L Pack'!AV22 -> 189.88 | M22: SUB-114978551 | N22: 1013.4 | O22: 285.09631 | P22: 159.88 | Q22: 179.88 | R22: =MIN(N22:Q22) -> 159.88 | S22: {=INDEX({"Total billing amount","S_pack_Revenue","M_Pack_revenue","L_Pack_revenue"}, MATCH(MIN(N22:Q22), N22:Q22, 0))} -> M_Pack_revenue
A23: SUB-899028258 | B23: Reduced rate | C23: 607.16 | D23: ='[1]Excess data S Pack'!P23+'[1]Excess data S Pack'!Q23+4.99*12 -> 280.18634 | E23: ='[1]Excess data M Pack'!AT23 -> 149.88 | F23: ='[1]Excess data L Pack'!AV23 -> 189.88 | M23: SUB-115048431 | N23: 616.9 | O23: 279.62624 | P23: 189.88 | Q23: 209.88 | R23: =MIN(N23:Q23) -> 189.88 | S23: {=INDEX({"Total billing amount","S_pack_Revenue","M_Pack_revenue","L_Pack_revenue"}, MATCH(MIN(N23:Q23), N23:Q23, 0))} -> M_Pack_revenue
A24: SUB-294859069 | B24: Pay-as-you-go | C24: 1038.88 | D24: ='[1]Excess data S Pack'!P24+'[1]Excess data S Pack'!Q24+4.99*12 -> 299.10902 | E24: ='[1]Excess data M Pack'!AT24 -> 179.88 | F24: ='[1]Excess data L Pack'!AV24 -> 199.88 | M24: SUB-115774364 | N24: 682.55 | O24: 319.23653 | P24: 179.88 | Q24: 209.88 | R24: =MIN(N24:Q24) -> 179.88 | S24: {=INDEX({"Total billing amount","S_pack_Revenue","M_Pack_revenue","L_Pack_revenue"}, MATCH(MIN(N24:Q24), N24:Q24, 0))} -> M_Pack_revenue
A25: SUB-706740153 | B25: Reduced rate | C25: 604.97 | D25: ='[1]Excess data S Pack'!P25+'[1]Excess data S Pack'!Q25+4.99*12 -> 274.71284 | E25: ='[1]Excess data M Pack'!AT25 -> 169.88 | F25: ='[1]Excess data L Pack'!AV25 -> 189.88 | M25: SUB-115857885 | N25: 796.55 | O25: 228.35301 | P25: 149.88 | Q25: 189.88 | R25: =MIN(N25:Q25) -> 149.88 | S25: {=INDEX({"Total billing amount","S_pack_Revenue","M_Pack_revenue","L_Pack_revenue"}, MATCH(MIN(N25:Q25), N25:Q25, 0))} -> M_Pack_revenue
A26: SUB-280254393 | B26: Reduced rate | C26: 703.24 | D26: ='[1]Excess data S Pack'!P26+'[1]Excess data S Pack'!Q26+4.99*12 -> 324.11513 | E26: ='[1]Excess data M Pack'!AT26 -> 179.88 | F26: ='[1]Excess data L Pack'!AV26 -> 189.88 | M26: SUB-115928656 | N26: 555.44 | O26: 257.90611 | P26: 159.88 | Q26: 194.88 | R26: =MIN(N26:Q26) -> 159.88 | S26: {=INDEX({"Total billing amount","S_pack_Revenue","M_Pack_revenue","L_Pack_revenue"}, MATCH(MIN(N26:Q26), N26:Q26, 0))} -> M_Pack_revenue
... A1001: SUB-961271099 | B1001: Pay-as-you-go | C1001: 623.28 | D1001: ='[1]Excess data S Pack'!P1001+'[1]Excess data S Pack'!Q1001+4.99*12 -> 202.23751 | E1001: ='[1]Excess data M Pack'!AT1001 -> 149.88 | F1001: ='[1]Excess data L Pack'!AV1001 -> 194.88 | M1001: SUB-995306572 | N1001: 502.85 | O1001: 230.24909 | P1001: 149.88 | Q1001: 189.88 | R1001: =MIN(N1001:Q1001) -> 149.88 | S1001: {=INDEX({"Total billing amount","S_pack_Revenue","M_Pack_revenue","L_Pack_revenue"}, MATCH(MIN(N1001:Q1001), N1001:Q1001, 0))} -> M_Pack_revenue
M1002: SUB-996000086 | N1002: 720.6 | O1002: 222.82394 | P1002: 154.88 | Q1002: 179.88 | R1002: =MIN(N1002:Q1002) -> 154.88 | S1002: {=INDEX({"Total billing amount","S_pack_Revenue","M_Pack_revenue","L_Pack_revenue"}, MATCH(MIN(N1002:Q1002), N1002:Q1002, 0))} -> M_Pack_revenue
M1003: SUB-996400695 | N1003: 704.61 | O1003: 214.24317 | P1003: 139.88 | Q1003: 179.88 | R1003: =MIN(N1003:Q1003) -> 139.88 | S1003: {=INDEX({"Total billing amount","S_pack_Revenue","M_Pack_revenue","L_Pack_revenue"}, MATCH(MIN(N1003:Q1003), N1003:Q1003, 0))} -> M_Pack_revenue
M1004: SUB-997894279 | N1004: 639.12 | O1004: 295.47965 | P1004: 159.88 | Q1004: 189.88 | R1004: =MIN(N1004:Q1004) -> 159.88 | S1004: {=INDEX({"Total billing amount","S_pack_Revenue","M_Pack_revenue","L_Pack_revenue"}, MATCH(MIN(N1004:Q1004), N1004:Q1004, 0))} -> M_Pack_revenue
M1005: SUB-998218459 | N1005: 510.64 | O1005: 230.58146 | P1005: 159.88 | Q1005: 194.88 | R1005: =MIN(N1005:Q1005) -> 159.88 | S1005: {=INDEX({"Total billing amount","S_pack_Revenue","M_Pack_revenue","L_Pack_revenue"}, MATCH(MIN(N1005:Q1005), N1005:Q1005, 0))} -> M_Pack_revenue
M1006: SUB-998702037 | N1006: 693.74 | O1006: 204.28634 | P1006: 134.88 | Q1006: 189.88 | R1006: =MIN(N1006:Q1006) -> 134.88 | S1006: {=INDEX({"Total billing amount","S_pack_Revenue","M_Pack_revenue","L_Pack_revenue"}, MATCH(MIN(N1006:Q1006), N1006:Q1006, 0))} -> M_Pack_revenue
M1007: SUB-999991055 | N1007: 1133.84 | O1007: 329.26896 | P1007: 189.88 | Q1007: 199.88 | R1007: =MIN(N1007:Q1007) -> 189.88 | S1007: {=INDEX({"Total billing amount","S_pack_Revenue","M_Pack_revenue","L_Pack_revenue"}, MATCH(MIN(N1007:Q1007), N1007:Q1007, 0))} -> M_Pack_revenue
M1008: (blank)
M1009: Grand Total | N1009: 629316.31 | O1009: 247407.15 | P1009: 156810 | Q1009: 188420 | V1009: =SUBTOTAL(9,R72:R403) -> 51741.911 | W1009: Sum of revenue S pack
V1010: =SUM(R8:R1007) -> 156576.75 | W1010: Sum of revenue M pack
V1011: =SUBTOTAL(9,Q211:Q989) -> 146646.52 | W1011: Sum of revenue L pack
