Workbook

Sheet Combined_Data
B1: Data (in Megabytes) | O1: Talktime (in Minutes) | AB1: Plan | AC1: Billing (in Euros)
A2: Customer_ID | B2: January_Data | C2: February_Data | D2: March_Data | E2: April_Data | F2: May_Data | G2: June_Data | H2: July_Data | I2: August_Data | J2: September_Data | K2: October_Data | L2: November_Data | M2: December_Data | N2: Total_Data_Usage | O2: January_Talktime | P2: February_Talktime | Q2: March_Talktime | R2: April_Talktime | S2: May_Talktime | T2: June_Talktime | U2: July_Talktime | V2: August_Talktime | W2: September_Talktime | X2: October_Talktime | Y2: November_Talktime | Z2: December_Talktime | AA2: Total_Talktime | AB2: Plan | AC2: January | AD2: February | AE2: March | AF2: April | AG2: May | AH2: June | AI2: July | AJ2: August | AK2: September | AL2: October | AM2: November | AN2: December | AO2: Total billing amount
A3: SUB-729143503 | B3: 28053.56 | C3: 2895.5485 | D3: 1351.6937 | E3: 3756.5219 | F3: 223.77361 | G3: 4012.203 | H3: 9166.6329 | I3: 5241.1959 | J3: 1596.4707 | K3: 961.4416 | L3: 0 | M3: 456.79371 | N3: =SUM(B3:M3) -> 57715.836 | O3: 0 | P3: 6.8243443 | Q3: 1.8348294 | R3: 0.13054242 | S3: 1.2363395 | T3: 5.2688933 | U3: 12.071899 | V3: 0 | W3: 9.526224 | X3: 9.9057137 | Y3: 10.55318 | Z3: 3.5335249 | AA3: =SUM(O3:Z3) -> 60.885491 | AB3: Reduced rate | AC3: 290.53 | AD3: 39.3 | AE3: 23.61 | AF3: 47.61 | AG3: 12.33 | AH3: 50.42 | AI3: 102.31 | AJ3: 62.41 | AK3: 26.46 | AL3: 20.11 | AM3: 10.54 | AN3: 14.76 | AO3: =SUM(AC3:AN3) -> 700.39
A4: SUB-327259441 | B4: 27981.652 | C4: 417.81517 | D4: 852.48705 | E4: 635.07388 | F4: 663.3152 | G4: 4986.3074 | H4: 1854.487 | I4: 6695.5891 | J4: 1891.9995 | K4: 887.893 | L4: 743.67274 | M4: 2697.434 | N4: =SUM(B4:M4) -> 50307.726 | O4: 3.0272902 | P4: 0 | Q4: 3.1933096 | R4: 13.726478 | S4: 2.7197324 | T4: 0.56202084 | U4: 1.6899206 | V4: 0.95496648 | W4: 2.2011679 | X4: 0.22231461 | Y4: 6.2190388 | Z4: 1.1186908 | AA4: =SUM(O4:Z4) -> 35.63493 | AB4: Reduced rate | AC4: 290.01 | AD4: 14.17 | AE4: 18.72 | AF4: 17.05 | AG4: 16.78 | AH4: 59.91 | AI4: 28.64 | AJ4: 77 | AK4: 29.06 | AL4: 18.92 | AM4: 17.78 | AN4: 37.07 | AO4: =SUM(AC4:AN4) -> 625.11
A5: SUB-720199369 | B5: 24077.595 | C5: 2040.3707 | D5: 697.99085 | E5: 2976.9148 | F5: 3284.5485 | G5: 0 | H5: 882.75571 | I5: 5062.1182 | J5: 1429.7181 | K5: 471.10911 | L5: 2549.1186 | M5: 347.76244 | N5: =SUM(B5:M5) -> 43820.002 | O5: 3.6953248 | P5: 5.7223518 | Q5: 1.9044145 | R5: 3.6303551 | S5: 2.6919952 | T5: 2.7536809 | U5: 7.5746851 | V5: 0 | W5: 1.6038991 | X5: 8.9788221 | Y5: 0.68691512 | Z5: 4.9413438 | AA5: =SUM(O5:Z5) -> 44.183788 | AB5: Reduced rate | AC5: 250.97 | AD5: 30.7 | AE5: 17.07 | AF5: 39.96 | AG5: 42.99 | AH5: 10.14 | AI5: 19.22 | AJ5: 60.62 | AK5: 24.39 | AL5: 15.16 | AM5: 35.54 | AN5: 13.72 | AO5: =SUM(AC5:AN5) -> 560.48
A6: SUB-115774364 | B6: 23074.756 | C6: 2785.5024 | D6: 284.71385 | E6: 3283.7711 | F6: 7459.8083 | G6: 3168.5675 | H6: 1907.4737 | I6: 339.31373 | J6: 2228.1186 | K6: 2686.797 | L6: 1170.1683 | M6: 7622.4986 | N6: =SUM(B6:M6) -> 56011.489 | O6: 1.0159856 | P6: 0.15372142 | Q6: 4.6900202 | R6: 4.5204292 | S6: 2.0791638 | T6: 6.6181137 | U6: 7.6565992 | V6: 5.3556575 | W6: 0 | X6: 3.3847081 | Y6: 3.4338634 | Z6: 4.6570532 | AA6: =SUM(O6:Z6) -> 43.565315 | AB6: Reduced rate | AC6: 240.84 | AD6: 37.9 | AE6: 13.09 | AF6: 43.08 | AG6: 84.74 | AH6: 42.03 | AI6: 29.47 | AJ6: 13.69 | AK6: 32.28 | AL6: 37.06 | AM6: 21.9 | AN6: 86.47 | AO6: =SUM(AC6:AN6) -> 682.55
A7: SUB-687511952 | B7: 22979.493 | C7: 2122.315 | D7: 876.83085 | E7: 5628.9233 | F7: 0 | G7: 1865.4922 | H7: 757.8359 | I7: 9671.7792 | J7: 2997.9954 | K7: 7828.6764 | L7: 1929.7365 | M7: 1642.5122 | N7: =SUM(B7:M7) -> 58301.59 | O7: 0 | P7: 0.28491236 | Q7: 2.3988806 | R7: 1.1966899 | S7: 1.2630293 | T7: 3.6460268 | U7: 1.5113669 | V7: 1.7826923 | W7: 6.1010391 | X7: 6.4017515 | Y7: 3.0686748 | Z7: 8.3819532 | AA7: =SUM(O7:Z7) -> 36.037017 | AB7: Reduced rate | AC7: 239.79 | AD7: 31.27 | AE7: 18.91 | AF7: 66.38 | AG7: 10.09 | AH7: 28.85 | AI7: 17.67 | AJ7: 106.81 | AK7: 40.32 | AL7: 88.63 | AM7: 29.49 | AN7: 26.87 | AO7: =SUM(AC7:AN7) -> 705.08
A8: SUB-884111294 | B8: 21172.886 | C8: 1523.6876 | D8: 1485.3058 | E8: 4193.1236 | F8: 1956.6123 | G8: 1901.2535 | H8: 3119.8269 | I8: 2239.8238 | J8: 5877.3904 | K8: 1648.9666 | L8: 9274.7754 | M8: 6059.3035 | N8: =SUM(B8:M8) -> 60452.956 | O8: 3.480402 | P8: 2.7555623 | Q8: 8.512322 | R8: 8.4869033 | S8: 0 | T8: 7.3523678 | U8: 2.5343937 | V8: 18.001429 | W8: 1.1814809 | X8: 18.746402 | Y8: 4.5426855 | Z8: 1.2377769 | AA8: =SUM(O8:Z8) -> 76.831726 | AB8: Reduced rate | AC8: 221.92 | AD8: 25.38 | AE8: 25.3 | AF8: 52.38 | AG8: 29.56 | AH8: 29.41 | AI8: 41.34 | AJ8: 33.34 | AK8: 68.87 | AL8: 27.43 | AM8: 102.99 | AN8: 70.69 | AO8: =SUM(AC8:AN8) -> 728.61
A9: SUB-754009185 | B9: 17677.832 | C9: 4761.3302 | D9: 3058.4981 | E9: 9399.811 | F9: 8675.879 | G9: 5734.8376 | H9: 3587.2216 | I9: 3564.4166 | J9: 1240.7474 | K9: 155.30631 | L9: 2065.3096 | M9: 2312.6221 | N9: =SUM(B9:M9) -> 62233.812 | O9: 4.6764258 | P9: 3.7891882 | Q9: 4.3049763 | R9: 5.2743849 | S9: 3.8110392 | T9: 0.29090471 | U9: 2.0522614 | V9: 4.2704145 | W9: 0.45728292 | X9: 1.6975736 | Y9: 1.5591213 | Z9: 2.8046566 | AA9: =SUM(O9:Z9) -> 34.988229 | AB9: Reduced rate | AC9: 187.02 | AD9: 57.81 | AE9: 40.83 | AF9: 104.29 | AG9: 96.95 | AH9: 67.39 | AI9: 46.02 | AJ9: 45.89 | AK9: 22.45 | AL9: 11.65 | AM9: 30.75 | AN9: 33.27 | AO9: =SUM(AC9:AN9) -> 744.32
A10: SUB-907933772 | B10: 17562.336 | C10: 1588.6695 | D10: 1873.9256 | E10: 12191.94 | F10: 3104.8013 | G10: 1559.3144 | H10: 4198.5673 | I10: 255.28364 | J10: 1706.0694 | K10: 506.10295 | L10: 317.99446 | M10: 0 | N10: =SUM(B10:M10) -> 44865.004 | O10: 0 | P10: 0.62814977 | Q10: 3.5003327 | R10: 3.3931231 | S10: 9.6599002 | T10: 2.2831001 | U10: 11.323904 | V10: 0.77391993 | W10: 0 | X10: 0 | Y10: 0 | Z10: 2.4815975 | AA10: =SUM(O10:Z10) -> 34.044027 | AB10: Reduced rate | AC10: 185.62 | AD10: 25.93 | AE10: 28.93 | AF10: 132.11 | AG10: 41.54 | AH10: 25.74 | AI10: 52.58 | AJ10: 12.6 | AK10: 27.06 | AL10: 15.06 | AM10: 13.17 | AN10: 10.14 | AO10: =SUM(AC10:AN10) -> 570.48
A11: SUB-219686190 | B11: 17310.819 | C11: 1600.9242 | D11: 4071.8053 | E11: 808.60022 | F11: 208.4777 | G11: 6817.1882 | H11: 1511.4908 | I11: 1614.1089 | J11: 1723.2336 | K11: 11608.721 | L11: 0 | M11: 5663.6196 | N11: =SUM(B11:M11) -> 52938.988 | O11: 0.16695997 | P11: 1.3625016 | Q11: 5.6891728 | R11: 5.6100635 | S11: 1.8632851 | T11: 0 | U11: 2.7344741 | V11: 2.7288639 | W11: 10.096708 | X11: 4.570316 | Y11: 0.73125341 | Z11: 3.9632105 | AA11: =SUM(O11:Z11) -> 39.516809 | AB11: Reduced rate | AC11: 183.15 | AD11: 26.1 | AE11: 51.01 | AF11: 18.38 | AG11: 12.18 | AH11: 78.17 | AI11: 25.26 | AJ11: 26.29 | AK11: 27.78 | AL11: 126.33 | AM11: 10.04 | AN11: 66.83 | AO11: =SUM(AC11:AN11) -> 651.52
A12: SUB-275406642 | B12: 16752.503 | C12: 6126.3628 | D12: 2972.6152 | E12: 4473.5263 | F12: 5774.8251 | G12: 2388.7042 | H12: 6406.1825 | I12: 1414.0145 | J12: 1243.7208 | K12: 2317.0722 | L12: 4556.8202 | M12: 4306.3377 | N12: =SUM(B12:M12) -> 58732.684 | O12: 6.9119753 | P12: 0.18325476 | Q12: 5.0499693 | R12: 3.018949 | S12: 11.830532 | T12: 0.1598578 | U12: 2.7107988 | V12: 9.711794 | W12: 0.44653473 | X12: 12.236804 | Y12: 3.7763513 | Z12: 1.7315306 | AA12: =SUM(O12:Z12) -> 57.768352 | AB12: Reduced rate | AC12: 177.87 | AD12: 71.31 | AE12: 40.02 | AF12: 54.93 | AG12: 68.34 | AH12: 33.93 | AI12: 74.21 | AJ12: 24.64 | AK12: 22.48 | AL12: 33.82 | AM12: 55.76 | AN12: 53.16 | AO12: =SUM(AC12:AN12) -> 710.47
A13: SUB-475178203 | B13: 16234.974 | C13: 3934.7617 | D13: 5727.4151 | E13: 0 | F13: 7942.5962 | G13: 11273.978 | H13: 2245.1036 | I13: 5506.8814 | J13: 2619.9452 | K13: 631.70776 | L13: 6969.3265 | M13: 3442.1968 | N13: =SUM(B13:M13) -> 66528.886 | O13: 0.10338663 | P13: 3.6698164 | Q13: 0 | R13: 10.17963 | S13: 6.6749883 | T13: 5.0695154 | U13: 1.0149742 | V13: 7.4529844 | W13: 7.397938 | X13: 5.9770251 | Y13: 1.926056 | Z13: 4.0583869 | AA13: =SUM(O13:Z13) -> 53.524702 | AB13: Reduced rate | AC13: 172.39 | AD13: 49.54 | AE13: 67.27 | AF13: 10.54 | AG13: 89.77 | AH13: 123.03 | AI13: 32.55 | AJ13: 65.46 | AK13: 36.59 | AL13: 16.61 | AM13: 79.79 | AN13: 44.67 | AO13: =SUM(AC13:AN13) -> 788.21
A14: SUB-384428935 | B14: 16201.279 | C14: 1976.3677 | D14: 1334.0698 | E14: 6880.8346 | F14: 2098.5512 | G14: 1613.6047 | H14: 1941.8694 | I14: 3510.1076 | J14: 0 | K14: 1530.7356 | L14: 2422.2141 | M14: 1134.3007 | N14: =SUM(B14:M14) -> 40643.934 | O14: 2.2438026 | P14: 20.086245 | Q14: 0 | R14: 2.9771223 | S14: 11.89283 | T14: 0.27558812 | U14: 14.22914 | V14: 11.30351 | W14: 8.9568708 | X14: 2.5598834 | Y14: 5.6794312 | Z14: 6.6390676 | AA14: =SUM(O14:Z14) -> 86.843491 | AB14: Reduced rate | AC14: 172.16 | AD14: 30.81 | AE14: 23.34 | AF14: 78.95 | AG14: 31.58 | AH14: 26.18 | AI14: 30.16 | AJ14: 45.7 | AK14: 10.44 | AL14: 25.45 | AM14: 34.52 | AN14: 21.69 | AO14: =SUM(AC14:AN14) -> 530.98
... A893: SUB-794177654 | B893: 9.9468182 | C893: 3853.098 | D893: 2169.3201 | E893: 3469.7822 | F893: 4577.7392 | G893: 4563.6135 | H893: 3504.2403 | I893: 3348.378 | J893: 787.56729 | K893: 886.27349 | L893: 3231.5868 | M893: 2240.2039 | N893: =SUM(B893:M893) -> 32641.75 | O893: 2.2824462 | P893: 2.7843054 | Q893: 3.4749852 | R893: 3.2232285 | S893: 2.3887401 | T893: 6.5501937 | U893: 4.0512609 | V893: 0 | W893: 2.0447171 | X893: 5.6797415 | Y893: 2.6602769 | Z893: 3.6138055 | AA893: =SUM(O893:Z893) -> 38.753701 | AB893: Pay-as-you-go | AC893: 0.47 | AD893: 77.35 | AE893: 43.76 | AF893: 69.76 | AG893: 91.83 | AH893: 91.91 | AI893: 70.55 | AJ893: 66.98 | AK893: 16.03 | AL893: 18.28 | AM893: 64.91 | AN893: 45.18 | AO893: =SUM(AC893:AN893) -> 657.01
A894: SUB-928511911 | B894: 0 | C894: 12943.116 | D894: 6297.5226 | E894: 0 | F894: 28266.985 | G894: 2921.4545 | H894: 6336.0007 | I894: 216.28226 | J894: 1422.9196 | K894: 4797.8424 | L894: 286.28697 | M894: 2230.0758 | N894: =SUM(B894:M894) -> 65718.486 | O894: 0 | P894: 3.143746 | Q894: 10.909133 | R894: 4.6205672 | S894: 4.4109608 | T894: 3.5561012 | U894: 1.3723442 | V894: 3.6591779 | W894: 4.0311417 | X894: 1.8237247 | Y894: 1.6657105 | Z894: 2.318 | AA894: =SUM(O894:Z894) -> 41.510607 | AB894: Pay-as-you-go | AD894: 259.24 | AE894: 126.95 | AF894: 0.45 | AG894: 565.79 | AH894: 58.8 | AI894: 126.92 | AJ894: 4.7 | AK894: 28.91 | AL894: 96.14 | AM894: 5.92 | AN894: 44.89 | AO894: =SUM(AC894:AN894) -> 1318.71
A895: SUB-414114481 | B895: 0 | C895: 8454.2086 | D895: 10680.127 | E895: 16875.697 | F895: 6880.6843 | G895: 611.32179 | H895: 4752.2527 | I895: 516.2456 | J895: 7758.3414 | K895: 1042.6837 | L895: 517.05686 | M895: 8528.1632 | N895: =SUM(B895:M895) -> 66616.782 | O895: 2.9461809 | P895: 16.467007 | Q895: 4.0925789 | R895: 0.47543171 | S895: 0.55776133 | T895: 2.6805405 | U895: 0 | V895: 0 | W895: 1.5391586 | X895: 2.926375 | Y895: 2.4096702 | Z895: 1.1639022 | AA895: =SUM(O895:Z895) -> 35.258606 | AB895: Pay-as-you-go | AC895: 0.27 | AD895: 170.63 | AE895: 214.07 | AF895: 337.61 | AG895: 137.71 | AH895: 12.51 | AI895: 95.06 | AJ895: 10.34 | AK895: 155.36 | AL895: 21.13 | AM895: 10.63 | AN895: 170.76 | AO895: =SUM(AC895:AN895) -> 1336.08
A896: SUB-996400695 | B896: 0 | C896: 6783.8768 | D896: 1702.1 | E896: 1356.2098 | F896: 3224.3312 | G896: 2121.5025 | H896: 3375.4283 | I896: 3243.749 | J896: 4071.1388 | K896: 6329.0776 | L896: 886.36755 | M896: 1918.468 | N896: =SUM(B896:M896) -> 35012.25 | O896: 0 | P896: 0.85333558 | Q896: 14.725982 | R896: 0.96556171 | S896: 4.0969138 | T896: 0.93532242 | U896: 6.2974214 | V896: 0 | W896: 14.425496 | X896: 1.3316665 | Y896: 0 | Z896: 0 | AA896: =SUM(O896:Z896) -> 43.631699 | AB896: Pay-as-you-go | AD896: 135.77 | AE896: 35.41 | AF896: 27.23 | AG896: 64.95 | AH896: 42.53 | AI896: 68.15 | AJ896: 64.88 | AK896: 82.79 | AL896: 126.78 | AM896: 17.74 | AN896: 38.38 | AO896: =SUM(AC896:AN896) -> 704.61
A897: SUB-137805061 | B897: 0 | C897: 5484.7744 | D897: 0 | E897: 1240.4971 | F897: 3882.5124 | G897: 3913.9764 | H897: 5068.3519 | I897: 2804.4772 | J897: 2661.8752 | K897: 8753.3647 | L897: 2345.7654 | M897: 2.2910935 | N897: =SUM(B897:M897) -> 36157.886 | O897: 0 | P897: 0.3594828 | Q897: 10.165985 | R897: 1.0537743 | S897: 3.8019961 | T897: 5.2162518 | U897: 0.48317986 | V897: 15.445314 | W897: 13.465932 | X897: 2.6964304 | Y897: 3.317922 | Z897: 0.34897139 | AA897: =SUM(O897:Z897) -> 56.35524 | AB897: Pay-as-you-go | AD897: 109.79 | AE897: 0.99 | AF897: 25 | AG897: 78.02 | AH897: 78.82 | AI897: 101.47 | AJ897: 57.54 | AK897: 54.5 | AL897: 175.35 | AM897: 47.28 | AN897: 0.15 | AO897: =SUM(AC897:AN897) -> 728.91
A898: SUB-474945743 | B898: 0 | C898: 5079.4745 | D898: 3051.7562 | E898: 4641.0843 | F898: 386.82587 | G898: 11215.752 | H898: 0 | I898: 1680.3037 | J898: 3298.6346 | K898: 0 | L898: 332.59172 | M898: 527.06218 | N898: =SUM(B898:M898) -> 30213.485 | O898: 6.0295045 | P898: 1.9204556 | Q898: 3.9256962 | R898: 6.2211833 | S898: 0.26186595 | T898: 13.566048 | U898: 7.3645143 | V898: 2.2805143 | W898: 1.5158335 | X898: 0 | Y898: 1.7242916 | Z898: 7.1470572 | AA898: =SUM(O898:Z898) -> 51.956964 | AB898: Pay-as-you-go | AC898: 0.63 | AD898: 101.78 | AE898: 61.4 | AF898: 93.47 | AG898: 7.83 | AH898: 225.58 | AI898: 0.72 | AJ898: 33.89 | AK898: 66.16 | AL898: 0 | AM898: 6.84 | AN898: 11.28 | AO898: =SUM(AC898:AN898) -> 609.58
A899: SUB-320112847 | B899: 0 | C899: 5014.25 | D899: 739.38302 | E899: 3380.8393 | F899: 718.5235 | G899: 2377.1628 | H899: 6412.137 | I899: 5459.3947 | J899: 908.63328 | K899: 2807.3975 | L899: 2701.4436 | M899: 877.34389 | N899: =SUM(B899:M899) -> 31396.509 | O899: 0.33632751 | P899: 0 | Q899: 2.8809274 | R899: 4.4286643 | S899: 4.0173057 | T899: 0 | U899: 13.658446 | V899: 0 | W899: 1.4127249 | X899: 0 | Y899: 3.1925685 | Z899: 11.94017 | AA899: =SUM(O899:Z899) -> 41.867134 | AB899: Pay-as-you-go | AC899: 0.09 | AD899: 100.3 | AE899: 15.07 | AF899: 68.07 | AG899: 14.83 | AH899: 47.56 | AI899: 129.52 | AJ899: 109.2 | AK899: 18.36 | AL899: 56.16 | AM899: 54.4 | AN899: 18.64 | AO899: =SUM(AC899:AN899) -> 632.2
A900: SUB-309284306 | B900: 0 | C900: 4804.5749 | D900: 2451.5004 | E900: 0 | F900: 5312.3956 | G900: 4973.7967 | H900: 1409.7628 | I900: 531.20554 | J900: 1428.6927 | K900: 2789.2733 | L900: 7452.1114 | M900: 1635.8805 | N900: =SUM(B900:M900) -> 32789.194 | O900: 3.5190982 | P900: 7.8010408 | Q900: 2.5400861 | R900: 2.4616911 | S900: 4.4692417 | T900: 0.81136147 | U900: 2.9430812 | V900: 6.4497894 | W900: 2.0919546 | X900: 4.9004954 | Y900: 3.2855948 | Z900: 0 | AA900: =SUM(O900:Z900) -> 41.273435 | AB900: Pay-as-you-go | AC900: 0.36 | AD900: 96.82 | AE900: 49.31 | AF900: 0.27 | AG900: 106.71 | AH900: 99.57 | AI900: 28.47 | AJ900: 11.27 | AK900: 28.85 | AL900: 56.25 | AM900: 149.42 | AN900: 32.72 | AO900: =SUM(AC900:AN900) -> 660.02
A901: SUB-314510883 | B901: 0 | C901: 4620.9847 | D901: 1886.8344 | E901: 0 | F901: 1444.3624 | G901: 0 | H901: 5514.5869 | I901: 4785.3439 | J901: 7557.7599 | K901: 2455.76 | L901: 809.99158 | M901: 352.25 | N901: =SUM(B901:M901) -> 29427.874 | O901: 1.3009787 | P901: 3.1672884 | Q901: 4.1297905 | R901: 2.6446201 | S901: 3.3277668 | T901: 0 | U901: 2.3122589 | V901: 1.5170059 | W901: 12.619266 | X901: 7.1188983 | Y901: 12.892263 | Z901: 0 | AA901: =SUM(O901:Z901) -> 51.030138 | AB901: Pay-as-you-go | AC901: 0.18 | AD901: 92.78 | AE901: 38.19 | AF901: 0.27 | AG901: 29.26 | AH901: 0 | AI901: 110.57 | AJ901: 95.9 | AK901: 152.33 | AL901: 49.84 | AM901: 17.37 | AN901: 7.06 | AO901: =SUM(AC901:AN901) -> 593.75
A902: SUB-890910481 | B902: 0 | C902: 4605.8996 | D902: 3328.3965 | E902: 3228.9678 | F902: 1212.7425 | G902: 227.11129 | H902: 5438.5608 | I902: 7126.2902 | J902: 2028.2079 | K902: 926.65434 | L902: 0 | M902: 4875.7541 | N902: =SUM(B902:M902) -> 32998.585 | O902: 6.2240737 | P902: 5.1990476 | Q902: 0 | R902: 3.7238477 | S902: 2.0036781 | T902: 0 | U902: 8.2255529 | V902: 0 | W902: 1.0910262 | X902: 11.478312 | Y902: 1.5648237 | Z902: 16.801943 | AA902: =SUM(O902:Z902) -> 56.312305 | AB902: Pay-as-you-go | AC902: 0.63 | AD902: 92.66 | AE902: 66.58 | AF902: 64.94 | AG902: 24.53 | AH902: 4.56 | AI902: 109.59 | AJ902: 142.54 | AK902: 40.76 | AL902: 19.62 | AM902: 0.18 | AN902: 99.05 | AO902: =SUM(AC902:AN902) -> 665.64
A903: SUB-122771504 | B903: 0 | C903: 3664.2394 | D903: 8411.2078 | E903: 454.06967 | F903: 1633.6899 | G903: 5542.6689 | H903: 1794.0526 | I903: 0 | J903: 1216.3224 | K903: 1436.7165 | L903: 7041.9234 | M903: 2812.2744 | N903: =SUM(B903:M903) -> 34007.165 | O903: 8.4321304 | P903: 2.1134551 | Q903: 0 | R903: 1.224747 | S903: 0.026622636 | T903: 4.0980804 | U903: 1.1773012 | V903: 0 | W903: 3.4528805 | X903: 0.85734524 | Y903: 2.5651186 | Z903: 3.4059173 | AA903: =SUM(O903:Z903) -> 27.353598 | AB903: Pay-as-you-go | AC903: 0.81 | AD903: 73.57 | AE903: 168.24 | AF903: 9.28 | AG903: 32.77 | AH903: 111.31 | AI903: 36.08 | AJ903: 0 | AK903: 24.7 | AL903: 28.83 | AM903: 141.11 | AN903: 56.62 | AO903: =SUM(AC903:AN903) -> 683.32
A904: SUB-907081959 | B904: 0 | C904: 3662.5494 | D904: 3229.8721 | E904: 7818.6524 | F904: 50.22897 | G904: 1620.0292 | H904: 602.43523 | I904: 11646.178 | J904: 1330.8063 | K904: 299.56011 | L904: 2454.4619 | M904: 2452.6881 | N904: =SUM(B904:M904) -> 35167.462 | O904: 8.4747469 | P904: 0.9824248 | Q904: 4.1397984 | R904: 1.9751674 | S904: 0 | T904: 9.1914476 | U904: 7.867708 | V904: 4.6662279 | W904: 8.3235229 | X904: 8.951715 | Y904: 4.1383622 | Z904: 5.7404462 | AA904: =SUM(O904:Z904) -> 64.451567 | AB904: Pay-as-you-go | AC904: 0.81 | AD904: 73.35 | AE904: 65.05 | AF904: 156.56 | AG904: 1.02 | AH904: 33.32 | AI904: 12.78 | AJ904: 233.39 | AK904: 27.43 | AL904: 6.81 | AM904: 49.55 | AN904: 49.6 | AO904: =SUM(AC904:AN904) -> 709.67
A905: SUB-207733458 | B905: 0 | C905: 3422.9037 | D905: 3194.2143 | E905: 925.21193 | F905: 6027.4984 | G905: 147.44332 | H905: 5406.6288 | I905: 793.94908 | J905: 4140.8474 | K905: 993.63492 | L905: 599.49863 | M905: 4854.5732 | N905: =SUM(B905:M905) -> 30506.404 | O905: 3.1652242 | P905: 6.637187 | Q905: 0.31920959 | R905: 4.0460599 | S905: 4.3977899 | T905: 0 | U905: 3.6307329 | V905: 5.7180518 | W905: 2.586169 | X905: 0 | Y905: 0 | Z905: 1.8402756 | AA905: =SUM(O905:Z905) -> 32.3407 | AB905: Pay-as-you-go | AC905: 0.36 | AD905: 69.09 | AE905: 63.99 | AF905: 18.97 | AG905: 121.01 | AH905: 2.96 | AI905: 108.5 | AJ905: 16.42 | AK905: 83.09 | AL905: 19.88 | AM905: 12 | AN905: 97.28 | AO905: =SUM(AC905:AN905) -> 613.55
A906: SUB-742447206 | B906: 0 | C906: 3354.923 | D906: 2162.1738 | E906: 5881.6181 | F906: 3083.3459 | G906: 6987.3869 | H906: 675.44656 | I906: 3188.7628 | J906: 953.43203 | K906: 1651.894 | L906: 7813.6043 | M906: 1368.259 | N906: =SUM(B906:M906) -> 37120.846 | O906: 6.8847197 | P906: 10.097849 | Q906: 2.0008783 | R906: 1.7907601 | S906: 2.4606165 | T906: 8.2887288 | U906: 0.7105894 | V906: 0.59352954 | W906: 7.1342775 | X906: 0.44956576 | Y906: 4.1726052 | Z906: 0.69299067 | AA906: =SUM(O906:Z906) -> 45.277111 | AB906: Pay-as-you-go | AC906: 0.63 | AD906: 68.09 | AE906: 43.53 | AF906: 117.82 | AG906: 61.95 | AH906: 140.57 | AI906: 13.61 | AJ906: 63.87 | AK906: 19.8 | AL906: 33.13 | AM906: 156.73 | AN906: 27.47 | AO906: =SUM(AC906:AN906) -> 747.2
A907: SUB-425606111 | B907: 0 | C907: 3178.4601 | D907: 8157.9796 | E907: 489.22732 | F907: 2367.0085 | G907: 5264.7096 | H907: 636.72291 | I907: 0 | J907: 2523.7437 | K907: 5092.2597 | L907: 169.45737 | M907: 6130.407 | N907: =SUM(B907:M907) -> 34009.976 | O907: 4.4804098 | P907: 6.9490902 | Q907: 8.8145112 | R907: 6.3976384 | S907: 1.093635 | T907: 2.4004427 | U907: 2.0596671 | V907: 4.5974445 | W907: 1.9828325 | X907: 3.2631922 | Y907: 1.1317575 | Z907: 0.6316402 | AA907: =SUM(O907:Z907) -> 43.802261 | AB907: Pay-as-you-go | AC907: 0.45 | AD907: 64.21 | AE907: 163.97 | AF907: 10.43 | AG907: 47.54 | AH907: 105.57 | AI907: 13.01 | AJ907: 0.45 | AK907: 50.66 | AL907: 102.22 | AM907: 3.58 | AN907: 122.71 | AO907: =SUM(AC907:AN907) -> 684.8
A908: SUB-545952317 | B908: 0 | C908: 2740.1332 | D908: 2012.966 | E908: 1934.6194 | F908: 5212.4989 | G908: 1487.2239 | H908: 7323.9396 | I908: 0 | J908: 1773.8144 | K908: 4350.4284 | L908: 2431.9344 | M908: 0 | N908: =SUM(B908:M908) -> 29267.558 | O908: 9.0067892 | P908: 6.1576562 | Q908: 6.5630083 | R908: 4.3489986 | S908: 0.9215398 | T908: 4.7684233 | U908: 0.53045653 | V908: 3.6569762 | W908: 0 | X908: 6.264829 | Y908: 0 | Z908: 10.19993 | AA908: =SUM(O908:Z908) -> 52.418608 | AB908: Pay-as-you-go | AC908: 0.9 | AD908: 55.45 | AE908: 40.89 | AF908: 39.15 | AG908: 104.35 | AH908: 30.21 | AI908: 146.57 | AJ908: 0.36 | AK908: 35.48 | AL908: 87.65 | AM908: 48.64 | AN908: 0.99 | AO908: =SUM(AC908:AN908) -> 590.64
A909: SUB-921245657 | B909: 0 | C909: 2500.5925 | D909: 1211.2454 | E909: 2888.3056 | F909: 0 | G909: 3454.4579 | H909: 4242.7551 | I909: 1785.7606 | J909: 1281.8911 | K909: 0 | L909: 381.16362 | M909: 2290.5001 | N909: =SUM(B909:M909) -> 20036.672 | O909: 11.137581 | P909: 1.9751824 | Q909: 14.763221 | R909: 1.747871 | S909: 11.010165 | T909: 0.26696745 | U909: 6.5584539 | V909: 2.1556627 | W909: 3.3403359 | X909: 0.79504318 | Y909: 5.3994002 | Z909: 0 | AA909: =SUM(O909:Z909) -> 59.149883 | AB909: Pay-as-you-go | AC909: 1.08 | AD909: 50.2 | AE909: 25.59 | AF909: 57.96 | AG909: 1.08 | AH909: 69.19 | AI909: 85.49 | AJ909: 35.99 | AK909: 26 | AL909: 0.09 | AM909: 8.18 | AN909: 45.82 | AO909: =SUM(AC909:AN909) -> 406.67
... A949: SUB-984807958 | B949: 0 | C949: 5769.4768 | D949: 5927.6482 | E949: 4890.5559 | F949: 382.82538 | G949: 4217.6234 | H949: 1305.2195 | I949: 2043.3128 | J949: 754.4429 | K949: 9398.8742 | L949: 942.14411 | M949: 2971.3993 | N949: =SUM(B949:M949) -> 38603.523 | O949: 1.4061369 | P949: 2.4444008 | Q949: 6.1520597 | R949: 9.2948668 | S949: 9.0367289 | T949: 5.3916786 | U949: 8.8367753 | V949: 1.9468334 | W949: 0.35880581 | X949: 1.4556245 | Y949: 0.90654344 | Z949: 0.73464789 | AA949: =SUM(O949:Z949) -> 47.965102 | AB949: Reduced rate | AC949: 10.09 | AD949: 67.84 | AE949: 69.62 | AF949: 59.4 | AG949: 14.32 | AH949: 52.47 | AI949: 23.5 | AJ949: 30.53 | AK949: 17.59 | AL949: 104.08 | AM949: 19.47 | AN949: 39.76 | AO949: =SUM(AC949:AN949) -> 508.67
A950: SUB-538425944 | C950: 5504.66 | D950: 2570.6549 | E950: 3231.9962 | F950: 980.81565 | G950: 5089.2196 | H950: 0 | I950: 584.03414 | J950: 4044.8954 | K950: 8117.0924 | L950: 262.86767 | M950: 3653.2445 | N950: =SUM(B950:M950) -> 34039.48 | P950: 0 | Q950: 0 | R950: 3.3525874 | S950: 1.8459314 | T950: 1.1728517 | U950: 2.8181484 | V950: 1.9746115 | W950: 2.2603126 | X950: 0.41015734 | Y950: 14.058739 | Z950: 3.7040511 | AA950: =SUM(O950:Z950) -> 31.59739 | AB950: Pay-as-you-go | AD950: 110.1 | AE950: 51.42 | AF950: 65 | AG950: 19.8 | AH950: 101.98 | AI950: 0.27 | AJ950: 11.88 | AK950: 81.17 | AL950: 162.45 | AM950: 6.61 | AN950: 73.44 | AO950: =SUM(AC950:AN950) -> 684.12
A951: SUB-460053662 | C951: 5208.7135 | D951: 1337.139 | E951: 2371.1417 | F951: 2223.905 | G951: 2951.7348 | H951: 401.81233 | I951: 785.06156 | J951: 3534.9556 | K951: 2500.7237 | L951: 3291.6458 | M951: 3384.3168 | N951: =SUM(B951:M951) -> 27991.15 | P951: 0.41467863 | Q951: 3.4933205 | R951: 0.31359203 | S951: 3.2341818 | T951: 6.6733167 | U951: 0.84185885 | V951: 4.1716722 | W951: 5.4395061 | X951: 0 | Y951: 5.5492368 | Z951: 4.156887 | AA951: =SUM(O951:Z951) -> 34.288251 | AB951: Pay-as-you-go | AD951: 104.27 | AE951: 27.12 | AF951: 47.53 | AG951: 44.84 | AH951: 59.67 | AI951: 8.13 | AJ951: 16.17 | AK951: 71.24 | AL951: 50.02 | AM951: 66.38 | AN951: 68.15 | AO951: =SUM(AC951:AN951) -> 563.52
A952: SUB-719844185 | C952: 5014.0863 | D952: 3215.6057 | E952: 159.10658 | F952: 1128.1899 | G952: 4426.5064 | H952: 595.37432 | I952: 548.63894 | J952: 2367.3918 | K952: 6626.3281 | L952: 1109.3063 | M952: 724.74798 | N952: =SUM(B952:M952) -> 25915.282 | P952: 1.0889759 | Q952: 1.4563872 | R952: 0 | S952: 2.4493563 | T952: 6.1765685 | U952: 11.821107 | V952: 2.3293418 | W952: 3.0301253 | X952: 0.69447143 | Y952: 3.5459295 | Z952: 1.5392782 | AA952: =SUM(O952:Z952) -> 34.131541 | AB952: Pay-as-you-go | AD952: 100.48 | AE952: 64.5 | AF952: 3.2 | AG952: 22.85 | AH952: 89.17 | AI952: 13 | AJ952: 11.25 | AK952: 47.72 | AL952: 132.63 | AM952: 22.56 | AN952: 14.68 | AO952: =SUM(AC952:AN952) -> 522.04
A953: SUB-571036263 | C953: 4180.8799 | D953: 2279.2318 | E953: 1075.7987 | F953: 1523.3522 | G953: 1439.1578 | H953: 661.56518 | I953: 5161.8154 | J953: 4260.4521 | K953: 1780.7454 | L953: 2335.6094 | M953: 1876.9912 | N953: =SUM(B953:M953) -> 26575.599 | P953: 0.046755479 | Q953: 17.231388 | R953: 0.3129928 | S953: 6.6335265 | T953: 3.1937214 | U953: 4.6393141 | V953: 2.4992258 | W953: 1.2565445 | X953: 9.5745005 | Y953: 11.077008 | Z953: 8.0202037 | AA953: =SUM(O953:Z953) -> 64.485181 | AB953: Pay-as-you-go | AD953: 83.71 | AE953: 47.22 | AF953: 21.61 | AG953: 31.11 | AH953: 29.16 | AI953: 13.69 | AJ953: 103.51 | AK953: 85.4 | AL953: 36.52 | AM953: 47.8 | AN953: 38.35 | AO953: =SUM(AC953:AN953) -> 538.08
A954: SUB-720331552 | C954: 3986.9135 | D954: 6238.2232 | E954: 2244.9442 | F954: 1717.2879 | G954: 339.7041 | H954: 5451.0595 | I954: 596.1593 | J954: 2185.4463 | K954: 1056.8739 | L954: 3156.7187 | M954: 4557.2186 | N954: =SUM(B954:M954) -> 31530.549 | P954: 8.0788459 | Q954: 4.1142585 | R954: 8.0662554 | S954: 0 | T954: 14.411465 | U954: 4.8176333 | V954: 0.18427497 | W954: 5.6750868 | X954: 0.17750264 | Y954: 7.4128378 | Z954: 0.43947722 | AA954: =SUM(O954:Z954) -> 53.377637 | AB954: Pay-as-you-go | AD954: 80.55 | AE954: 125.23 | AF954: 45.71 | AG954: 34.36 | AH954: 8.15 | AI954: 109.49 | AJ954: 12.03 | AK954: 44.26 | AL954: 21.23 | AM954: 63.86 | AN954: 91.25 | AO954: =SUM(AC954:AN954) -> 636.12
A955: SUB-653039003 | C955: 3189.7245 | D955: 0 | E955: 112.8603 | F955: 2318.5949 | G955: 982.75861 | H955: 6309.3869 | I955: 1647.3242 | J955: 14310.024 | K955: 4528.1777 | L955: 0 | M955: 1466.6296 | N955: =SUM(B955:M955) -> 34865.48 | P955: 1.1055033 | Q955: 1.0292283 | R955: 0.93950206 | S955: 4.580459 | T955: 2.0656366 | U955: 10.435644 | V955: 3.3742802 | W955: 19.297175 | X955: 8.8811675 | Y955: 0.74800421 | Z955: 9.9542266 | AA955: =SUM(O955:Z955) -> 62.410827 | AB955: Pay-as-you-go | AD955: 63.98 | AE955: 0.18 | AF955: 2.35 | AG955: 46.83 | AH955: 19.93 | AI955: 127.19 | AJ955: 33.32 | AK955: 288.02 | AL955: 91.39 | AM955: 0.09 | AN955: 30.24 | AO955: =SUM(AC955:AN955) -> 703.52
A956: SUB-975460557 | C956: 3175.6351 | D956: 3969.0512 | E956: 3242.8825 | F956: 1650.7161 | G956: 882.34254 | H956: 1825.312 | I956: 1533.6087 | J956: 0 | K956: 6793.5769 | L956: 1678.0995 | M956: 9342.7452 | N956: =SUM(B956:M956) -> 34093.97 | P956: 0 | Q956: 9.6370732 | R956: 10.64425 | S956: 0 | T956: 0.081302693 | U956: 5.4159945 | V956: 5.9521681 | W956: 1.6006319 | X956: 2.1384092 | Y956: 3.3199289 | Z956: 1.6563321 | AA956: =SUM(O956:Z956) -> 40.446091 | AB956: Pay-as-you-go | AD956: 63.52 | AE956: 80.3 | AF956: 65.85 | AG956: 33.02 | AH956: 17.75 | AI956: 37.06 | AJ956: 31.22 | AK956: 0.18 | AL956: 136.15 | AM956: 33.94 | AN956: 187.04 | AO956: =SUM(AC956:AN956) -> 686.03
A957: SUB-212766319 | C957: 2664.0766 | D957: 3063.4038 | E957: 1876.2939 | F957: 3048.4531 | G957: 704.35463 | H957: 1069.3947 | I957: 2704.1742 | J957: 7947.6785 | K957: 718.9787 | L957: 2939.4832 | M957: 329.93919 | N957: =SUM(B957:M957) -> 27066.231 | P957: 0 | Q957: 0.1572559 | R957: 0 | S957: 0.86068745 | T957: 7.3222978 | U957: 0 | V957: 5.7821693 | W957: 0.74302977 | X957: 8.9192903 | Y957: 2.734986 | Z957: 0.53455324 | AA957: =SUM(O957:Z957) -> 27.05427 | AB957: Pay-as-you-go | AD957: 53.3 | AE957: 61.37 | AF957: 37.54 | AG957: 61.07 | AH957: 14.82 | AI957: 21.4 | AJ957: 54.64 | AK957: 159.05 | AL957: 15.19 | AM957: 59.07 | AN957: 6.69 | AO957: =SUM(AC957:AN957) -> 544.14
A958: SUB-870929960 | C958: 2636.1001 | D958: 1486.3876 | E958: 1138.903 | F958: 1835.641 | G958: 8355.0227 | H958: 1157.5736 | I958: 2444.256 | J958: 1734.0729 | K958: 6675.6734 | L958: 4454.3878 | M958: 1365.1809 | N958: =SUM(B958:M958) -> 33283.199 | P958: 2.2518953 | Q958: 3.189509 | R958: 0.7455847 | S958: 0.43493429 | T958: 1.9274864 | U958: 12.801688 | V958: 2.8094651 | W958: 3.5574777 | X958: 0.023876729 | Y958: 4.6678844 | Z958: 0 | AA958: =SUM(O958:Z958) -> 32.409802 | AB958: Pay-as-you-go | AD958: 53.01 | AE958: 30.1 | AF958: 22.87 | AG958: 36.81 | AH958: 167.3 | AI958: 24.33 | AJ958: 49.17 | AK958: 35.06 | AL958: 133.61 | AM958: 89.55 | AN958: 27.32 | AO958: =SUM(AC958:AN958) -> 669.13
A959: SUB-605140762 | C959: 1874.8962 | D959: 2535.8605 | E959: 7573.5526 | F959: 387.26148 | G959: 1293.4684 | H959: 4496.8223 | I959: 1184.6783 | J959: 76.804746 | K959: 430.50335 | L959: 2247.5569 | M959: 1288.6227 | N959: =SUM(B959:M959) -> 23390.027 | P959: 1.8191291 | Q959: 1.1113984 | R959: 22.054053 | S959: 0.12048098 | T959: 0.30258593 | U959: 1.9838423 | V959: 0 | W959: 2.9712848 | X959: 5.4293227 | Y959: 2.6966735 | Z959: 2.7226041 | AA959: =SUM(O959:Z959) -> 41.211375 | AB959: Pay-as-you-go | AD959: 37.68 | AE959: 50.9 | AF959: 153.55 | AG959: 7.85 | AH959: 25.97 | AI959: 90.12 | AJ959: 23.7 | AK959: 1.81 | AL959: 9.16 | AM959: 45.23 | AN959: 26.05 | AO959: =SUM(AC959:AN959) -> 472.02
A960: SUB-162918606 | C960: 8764.8149 | D960: 4585.265 | E960: 1090.1465 | F960: 4356.3976 | G960: 4737.1403 | H960: 7862.4939 | I960: 500.4949 | J960: 16874.162 | K960: 1171.6693 | L960: 3878.8276 | M960: 3706.2544 | N960: =SUM(B960:M960) -> 57527.667 | P960: 0.87343148 | Q960: 5.7559365 | R960: 3.2752497 | S960: 7.5015064 | T960: 8.2129189 | U960: 0.010183022 | V960: 5.8983896 | W960: 3.6956888 | X960: 9.4496318 | Y960: 0.40611294 | Z960: 4.6492673 | AA960: =SUM(O960:Z960) -> 49.728316 | AB960: Reduced rate | AC960: 9.99 | AD960: 97.69 | AE960: 56.15 | AF960: 21.1 | AG960: 53.96 | AH960: 57.82 | AI960: 88.67 | AJ960: 15.3 | AK960: 178.94 | AL960: 22.21 | AM960: 48.83 | AN960: 47.31 | AO960: =SUM(AC960:AN960) -> 697.97
A961: SUB-376230082 | C961: 988.45024 | D961: 318.30055 | E961: 7831.4693 | F961: 760.03235 | G961: 1744.1764 | H961: 1114.0945 | I961: 1494.6515 | J961: 1165.8746 | K961: 3625.494 | L961: 46.564796 | M961: 11910.921 | N961: =SUM(B961:M961) -> 31000.03 | P961: 0.85016394 | Q961: 3.8402153 | R961: 0.83456381 | S961: 4.7491266 | T961: 2.1612175 | U961: 1.9306975 | V961: 1.5274745 | W961: 0.035786541 | X961: 3.6668138 | Y961: 2.2476794 | Z961: 3.8387455 | AA961: =SUM(O961:Z961) -> 25.682484 | AB961: Pay-as-you-go | AD961: 19.87 | AE961: 6.74 | AF961: 156.73 | AG961: 15.67 | AH961: 35.17 | AI961: 22.48 | AJ961: 30.08 | AK961: 23.41 | AL961: 72.88 | AM961: 1.21 | AN961: 238.58 | AO961: =SUM(AC961:AN961) -> 622.82
A962: SUB-699098544 | C962: 90.032981 | D962: 1686.2898 | E962: 6327.7142 | F962: 2156.3746 | G962: 5022.599 | H962: 2352.098 | I962: 1653.8323 | J962: 12555.927 | K962: 2989.9656 | L962: 94.978989 | M962: 1648.0126 | N962: =SUM(B962:M962) -> 36577.825 | P962: 1.9189694 | Q962: 10.457428 | R962: 5.4632691 | S962: 6.5190734 | T962: 9.0323485 | U962: 1.6422456 | V962: 6.2097074 | W962: 0.87952996 | X962: 2.5903516 | Y962: 2.8940317 | Z962: 14.042824 | AA962: =SUM(O962:Z962) -> 61.649778 | AB962: Pay-as-you-go | AD962: 2 | AE962: 34.73 | AF962: 127.1 | AG962: 43.77 | AH962: 101.36 | AI962: 47.24 | AJ962: 33.71 | AK962: 251.21 | AL962: 60.07 | AM962: 2.17 | AN962: 34.33 | AO962: =SUM(AC962:AN962) -> 737.69
A963: SUB-369268820 | C963: 60.224574 | D963: 495.89834 | E963: 2516.2029 | F963: 1798.8901 | G963: 2099.3756 | H963: 3404.3117 | I963: 3749.7965 | J963: 464.85999 | K963: 4852.8956 | L963: 0 | M963: 523.33107 | N963: =SUM(B963:M963) -> 19965.786 | P963: 1.660891 | Q963: 2.9108169 | R963: 1.2669768 | S963: 2.993152 | T963: 1.6090967 | U963: 1.3238139 | V963: 1.1956651 | W963: 2.6874451 | X963: 12.939451 | Y963: 0.69371713 | Z963: 11.21282 | AA963: =SUM(O963:Z963) -> 40.493846 | AB963: Pay-as-you-go | AD963: 1.4 | AE963: 10.19 | AF963: 50.52 | AG963: 36.25 | AH963: 42.18 | AI963: 68.28 | AJ963: 75.18 | AK963: 9.57 | AL963: 98.23 | AM963: 0.09 | AN963: 11.56 | AO963: =SUM(AC963:AN963) -> 403.45
A964: SUB-638705243 | C964: 0 | D964: 1441.1024 | E964: 9947.1758 | F964: 1388.3932 | G964: 2987.1882 | H964: 575.13733 | I964: 372.6927 | J964: 1640.5071 | K964: 2966.1005 | L964: 8723.2689 | M964: 1842.6508 | N964: =SUM(B964:M964) -> 31884.217 | P964: 2.740594 | Q964: 1.3998838 | R964: 3.0043475 | S964: 3.6862835 | T964: 2.3796133 | U964: 3.8131644 | V964: 4.1781127 | W964: 1.2000685 | X964: 3.3450135 | Y964: 0 | Z964: 0.65642178 | AA964: =SUM(O964:Z964) -> 26.403503 | AB964: Pay-as-you-go | AD964: 0.27 | AE964: 29.02 | AF964: 199.32 | AG964: 28.14 | AH964: 60.03 | AI964: 11.88 | AJ964: 7.91 | AK964: 33 | AL964: 59.7 | AM964: 174.48 | AN964: 36.95 | AO964: =SUM(AC964:AN964) -> 640.7
A965: SUB-173504200 | C965: 4017.2784 | D965: 2287.7203 | E965: 5695.7097 | F965: 4627.8056 | G965: 7728.1512 | H965: 7327.9363 | I965: 2213.6807 | J965: 1050.8028 | K965: 4239.0901 | L965: 6991.4106 | M965: 0 | N965: =SUM(B965:M965) -> 46179.586 | P965: 5.5449207 | Q965: 6.7440983 | R965: 15.221127 | S965: 2.5876984 | T965: 4.1541357 | U965: 0.92317384 | V965: 5.1755001 | W965: 4.1748252 | X965: 21.148692 | Y965: 4.5030374 | Z965: 11.920554 | AA965: =SUM(O965:Z965) -> 82.097763 | AB965: Reduced rate | AC965: 9.99 | AD965: 50.47 | AE965: 33.22 | AF965: 67.75 | AG965: 56.42 | AH965: 87.53 | AI965: 83.32 | AJ965: 32.43 | AK965: 20.75 | AL965: 53.49 | AM965: 80.16 | AN965: 10.59 | AO965: =SUM(AC965:AN965) -> 586.12
A966: SUB-993528494 | C966: 0 | D966: 36.104536 | E966: 1075.5018 | F966: 456.82999 | G966: 7578.4063 | H966: 3612.0741 | I966: 4403.8319 | J966: 2685.0495 | K966: 1180.894 | L966: 1149.8414 | M966: 8772.3484 | N966: =SUM(B966:M966) -> 30950.882 | P966: 5.4454101 | Q966: 1.2995183 | R966: 14.314688 | S966: 0.12283638 | T966: 10.563501 | U966: 9.2161216 | V966: 2.7529455 | W966: 5.3469453 | X966: 2.9724674 | Y966: 8.8312261 | Z966: 2.5258966 | AA966: =SUM(O966:Z966) -> 63.391557 | AB966: Pay-as-you-go | AD966: 0.54 | AE966: 0.92 | AF966: 22.87 | AG966: 9.23 | AH966: 152.57 | AI966: 73.16 | AJ966: 88.35 | AK966: 54.26 | AL966: 23.89 | AM966: 23.81 | AN966: 175.73 | AO966: =SUM(AC966:AN966) -> 625.33
A967: SUB-237756053 | C967: 0 | D967: 0 | E967: 3607.8872 | F967: 12669.25 | G967: 6628.4143 | H967: 1000.0299 | I967: 1209.6002 | J967: 3089.0828 | K967: 5380.2817 | L967: 1463.5465 | M967: 1160.1836 | N967: =SUM(B967:M967) -> 36208.276 | P967: 4.4364208 | Q967: 6.1420522 | R967: 2.6626815 | S967: 2.4978102 | T967: 0.86178365 | U967: 12.016088 | V967: 4.9592416 | W967: 0 | X967: 9.5448468 | Y967: 9.0432895 | Z967: 17.0297 | AA967: =SUM(O967:Z967) -> 69.193915 | AB967: Reduced rate | AC967: 9.99 | AD967: 10.24 | AE967: 10.34 | AF967: 46.22 | AG967: 136.84 | AH967: 76.33 | AI967: 20.65 | AJ967: 22.34 | AK967: 40.89 | AL967: 64.3 | AM967: 25.13 | AN967: 22.5 | AO967: =SUM(AC967:AN967) -> 485.77
A968: SUB-311733132 | E968: 9779.3819 | F968: 5968.9119 | G968: 10881.703 | H968: 1532.3406 | I968: 6167.3733 | J968: 2368.9275 | K968: 1393.2044 | L968: 4378.588 | M968: 4853.1126 | N968: =SUM(B968:M968) -> 47323.543 | R968: 6.9956646 | S968: 2.871494 | T968: 1.9380464 | U968: 0 | V968: 1.7845094 | W968: 2.1818883 | X968: 1.0704538 | Y968: 13.900826 | Z968: 0.60539329 | AA968: =SUM(O968:Z968) -> 31.348276 | AB968: Reduced rate | AC968: 9.99 | AD968: 9.99 | AE968: 9.99 | AF968: 108.14 | AG968: 69.83 | AH968: 118.91 | AI968: 25.32 | AJ968: 71.77 | AK968: 33.83 | AL968: 24.03 | AM968: 54.48 | AN968: 58.58 | AO968: =SUM(AC968:AN968) -> 594.86
A969: SUB-345750604 | C969: 4216.491 | D969: 2067.7804 | E969: 1667.0272 | F969: 2023.3718 | G969: 934.78438 | H969: 6349.096 | I969: 3807.583 | J969: 3681.212 | K969: 933.45123 | L969: 11751.176 | M969: 3084.7998 | N969: =SUM(B969:M969) -> 40516.773 | P969: 2.9810886 | Q969: 1.7863657 | R969: 6.9032995 | S969: 1.9181631 | T969: 2.6007777 | U969: 4.5039466 | V969: 2.7762477 | W969: 6.8233727 | X969: 1.443259 | Y969: 3.0884761 | Z969: 0.6876039 | AA969: =SUM(O969:Z969) -> 35.512601 | AB969: Reduced rate | AC969: 9.99 | AD969: 52.31 | AE969: 30.77 | AF969: 27.02 | AG969: 30.33 | AH969: 19.49 | AI969: 73.74 | AJ969: 48.22 | AK969: 47.16 | AL969: 19.43 | AM969: 127.71 | AN969: 40.89 | AO969: =SUM(AC969:AN969) -> 527.06
A970: SUB-144997740 | E970: 6903.9364 | F970: 789.94314 | G970: 3472.6034 | H970: 843.96726 | I970: 4010.6092 | J970: 12776.962 | K970: 6602.6563 | L970: 2700.8921 | M970: 4643.5241 | N970: =SUM(B970:M970) -> 42745.094 | R970: 12.484103 | S970: 3.1674348 | T970: 4.4077986 | U970: 4.9382297 | V970: 0 | W970: 3.2429322 | X970: 9.1620586 | Y970: 1.6161363 | Z970: 10.032349 | AA970: =SUM(O970:Z970) -> 49.051043 | AB970: Pay-as-you-go | AF970: 139.25 | AG970: 16.16 | AH970: 69.91 | AI970: 17.33 | AJ970: 80.22 | AK970: 255.9 | AL970: 132.96 | AM970: 54.2 | AN970: 93.87 | AO970: =SUM(AC970:AN970) -> 859.8
A971: SUB-373082538 | C971: 13306.63 | D971: 1890.0098 | E971: 791.59958 | F971: 2359.5981 | G971: 183.00176 | H971: 509.5655 | I971: 4690.1917 | J971: 5269.5971 | K971: 2858.6917 | L971: 3596.6663 | M971: 3134.5477 | N971: =SUM(B971:M971) -> 38590.099 | P971: 6.4177783 | Q971: 1.1946534 | R971: 7.8659942 | S971: 0 | T971: 1.6124162 | U971: 6.2768148 | V971: 0.38098662 | W971: 0 | X971: 6.5389394 | Y971: 5.9667806 | Z971: 4.0372296 | AA971: =SUM(O971:Z971) -> 40.291593 | AB971: Reduced rate | AC971: 9.99 | AD971: 143.41 | AE971: 29 | AF971: 18.31 | AG971: 33.59 | AH971: 11.93 | AI971: 15.44 | AJ971: 56.95 | AK971: 62.69 | AL971: 38.93 | AM971: 46.26 | AN971: 41.59 | AO971: =SUM(AC971:AN971) -> 508.09
A972: SUB-385309023 | C972: 4437.5255 | D972: 11370.063 | E972: 4013.9454 | F972: 7256.908 | G972: 3637.2047 | H972: 2604.7964 | I972: 371.23609 | J972: 285.73068 | K972: 3309.2487 | L972: 1532.1802 | M972: 6172.1448 | N972: =SUM(B972:M972) -> 44990.984 | P972: 3.5031694 | Q972: 9.7288588 | R972: 5.2642777 | S972: 7.6543439 | T972: 1.1352475 | U972: 4.6622969 | V972: 2.31147 | W972: 6.4039685 | X972: 1.2682425 | Y972: 2.3505944 | Z972: 4.7934006 | AA972: =SUM(O972:Z972) -> 49.07587 | AB972: Reduced rate | AC972: 9.99 | AD972: 54.57 | AE972: 124.2 | AF972: 50.43 | AG972: 82.96 | AH972: 46.47 | AI972: 36.29 | AJ972: 13.86 | AK972: 13.2 | AL972: 43.19 | AM972: 25.47 | AN972: 71.97 | AO972: =SUM(AC972:AN972) -> 572.6
A973: SUB-402214203 | C973: 7160.7046 | D973: 7620.5246 | E973: 2371.7399 | F973: 0 | G973: 761.17378 | H973: 391.72524 | I973: 689.10169 | J973: 8336.4677 | K973: 14744.5 | L973: 5856.9909 | M973: 5258.0703 | N973: =SUM(B973:M973) -> 53190.999 | P973: 1.9715474 | Q973: 10.404866 | R973: 1.9550208 | S973: 1.0367785 | T973: 3.7899856 | U973: 1.1717483 | V973: 12.407448 | W973: 2.5215884 | X973: 0.95968374 | Y973: 2.0088394 | Z973: 4.8935986 | AA973: =SUM(O973:Z973) -> 43.121104 | AB973: Reduced rate | AC973: 9.99 | AD973: 81.7 | AE973: 86.75 | AF973: 33.81 | AG973: 10.09 | AH973: 17.81 | AI973: 14.01 | AJ973: 17.54 | AK973: 93.51 | AL973: 157.49 | AM973: 68.71 | AN973: 62.83 | AO973: =SUM(AC973:AN973) -> 654.24
A974: SUB-202670917 | E974: 4910.3658 | F974: 569.04844 | G974: 9043.0404 | H974: 192.93132 | I974: 3475.1494 | J974: 0 | K974: 924.48594 | L974: 0 | M974: 3512.2282 | N974: =SUM(B974:M974) -> 22627.25 | R974: 4.7480252 | S974: 0.88880818 | T974: 3.3006663 | U974: 4.462712 | V974: 8.2001107 | W974: 1.198031 | X974: 10.12506 | Y974: 1.8659811 | Z974: 5.4406645 | AA974: =SUM(O974:Z974) -> 40.230059 | AB974: Pay-as-you-go | AF974: 98.67 | AG974: 11.49 | AH974: 181.24 | AI974: 4.31 | AJ974: 70.33 | AK974: 0.18 | AL974: 19.49 | AM974: 0.18 | AN974: 70.8 | AO974: =SUM(AC974:AN974) -> 456.69
A975: SUB-249687352 | E975: 2389.4174 | F975: 943.31711 | G975: 2173.9529 | H975: 539.33346 | I975: 2257.4947 | J975: 2447.4317 | K975: 703.97935 | L975: 2226.7012 | M975: 2034.3496 | N975: =SUM(B975:M975) -> 15715.977 | R975: 7.3458073 | S975: 0 | T975: 3.4798642 | U975: 6.2778176 | V975: 2.1782733 | W975: 2.6714091 | X975: 3.3360436 | Y975: 8.5448818 | Z975: 6.6981618 | AA975: =SUM(O975:Z975) -> 40.532259 | AB975: Pay-as-you-go | AF975: 48.52 | AG975: 18.88 | AH975: 43.84 | AI975: 11.43 | AJ975: 45.43 | AK975: 49.23 | AL975: 14.44 | AM975: 45.35 | AN975: 41.33 | AO975: =SUM(AC975:AN975) -> 318.45
A976: SUB-460252473 | C976: 3152.322 | D976: 4603.4834 | E976: 13472.614 | F976: 1735.8468 | G976: 5174.8675 | H976: 1509.2911 | I976: 6944.7339 | J976: 6970.6357 | K976: 8119.3801 | L976: 0 | M976: 539.30212 | N976: =SUM(B976:M976) -> 52222.477 | P976: 1.6224999 | Q976: 0.34962165 | R976: 0.69980552 | S976: 2.2936654 | T976: 3.9521259 | U976: 2.0026378 | V976: 0.43743882 | W976: 0 | X976: 5.2136145 | Y976: 1.5459579 | Z976: 0 | AA976: =SUM(O976:Z976) -> 18.117367 | AB976: Reduced rate | AC976: 9.99 | AD976: 41.62 | AE976: 56.08 | AF976: 144.77 | AG976: 27.5 | AH976: 61.94 | AI976: 25.24 | AJ976: 79.49 | AK976: 79.7 | AL976: 91.49 | AM976: 10.09 | AN976: 15.39 | AO976: =SUM(AC976:AN976) -> 643.3
A977: SUB-378062748 | E977: 8355.7715 | F977: 4832.5458 | G977: 0 | H977: 1008.8784 | I977: 4053.2023 | J977: 2167.2873 | K977: 3290.1145 | L977: 2059.2279 | M977: 5196.4781 | N977: =SUM(B977:M977) -> 30963.506 | R977: 3.2233684 | S977: 0 | T977: 5.3605234 | U977: 10.189755 | V977: 3.1569305 | W977: 0.5673197 | X977: 1.0697748 | Y977: 9.2006918 | Z977: 1.5656615 | AA977: =SUM(O977:Z977) -> 34.334026 | AB977: Pay-as-you-go | AF977: 167.48 | AG977: 96.66 | AH977: 0.54 | AI977: 21.17 | AJ977: 81.44 | AK977: 43.45 | AL977: 66 | AM977: 42.1 | AN977: 104.12 | AO977: =SUM(AC977:AN977) -> 622.96
A978: SUB-472333112 | E978: 6750.3357 | F978: 8023.6749 | G978: 1238.3353 | H978: 1324.1682 | I978: 2839.9952 | J978: 11925.708 | K978: 2196.3231 | L978: 7755.9495 | M978: 2531.0842 | N978: =SUM(B978:M978) -> 44585.574 | R978: 4.0532067 | S978: 2.2023846 | T978: 10.287589 | U978: 9.6573339 | V978: 0.97481997 | W978: 5.4826344 | X978: 0.45736792 | Y978: 1.7698489 | Z978: 4.7193583 | AA978: =SUM(O978:Z978) -> 39.604544 | AB978: Reduced rate | AC978: 9.99 | AD978: 9.99 | AE978: 9.99 | AF978: 77.75 | AG978: 90.38 | AH978: 22.93 | AI978: 23.74 | AJ978: 38.44 | AK978: 129.55 | AL978: 32.01 | AM978: 87.65 | AN978: 35.56 | AO978: =SUM(AC978:AN978) -> 567.98
A979: SUB-426183240 | E979: 1128.761 | F979: 2038.7661 | G979: 1682.2894 | H979: 1715.6895 | I979: 1009.3803 | J979: 3169.9192 | K979: 1101.0794 | L979: 5751.6563 | M979: 4151.1372 | N979: =SUM(B979:M979) -> 21748.678 | R979: 0.57433549 | S979: 3.7596927 | T979: 4.011852 | U979: 1.0770638 | V979: 3.3484701 | W979: 14.055491 | X979: 2.3024473 | Y979: 2.1632566 | Z979: 8.7133259 | AA979: =SUM(O979:Z979) -> 40.005934 | AB979: Pay-as-you-go | AF979: 22.67 | AG979: 41.14 | AH979: 34.11 | AI979: 34.5 | AJ979: 20.56 | AK979: 64.75 | AL979: 22.31 | AM979: 115.31 | AN979: 83.85 | AO979: =SUM(AC979:AN979) -> 439.2
A980: SUB-602653752 | E980: 5440.3773 | F980: 6713.1323 | G980: 6936.2553 | H980: 2685.5118 | I980: 2337.4147 | J980: 0 | K980: 9782.6451 | L980: 229.04627 | M980: 5706.9266 | N980: =SUM(B980:M980) -> 39831.309 | R980: 5.6630056 | S980: 0 | T980: 2.3678838 | U980: 8.7703923 | V980: 0.38688826 | W980: 4.2907721 | X980: 4.2871134 | Y980: 2.3622104 | Z980: 3.2348485 | AA980: =SUM(O980:Z980) -> 31.363114 | AB980: Reduced rate | AC980: 9.99 | AD980: 9.99 | AE980: 9.99 | AF980: 64.7 | AG980: 77.13 | AH980: 79.51 | AI980: 37.3 | AJ980: 33.42 | AK980: 10.24 | AL980: 108.07 | AM980: 12.44 | AN980: 67.26 | AO980: =SUM(AC980:AN980) -> 520.04
A981: SUB-438453562 | D981: 6263.6017 | E981: 6504.993 | F981: 2129.9083 | G981: 759.94717 | H981: 4663.146 | I981: 972.27559 | J981: 364.73432 | K981: 1418.5512 | L981: 1676.704 | M981: 376.38917 | N981: =SUM(B981:M981) -> 25130.25 | Q981: 2.4930334 | R981: 1.7721866 | S981: 0.95636867 | T981: 9.3268411 | U981: 3.8494296 | V981: 1.8065424 | W981: 4.8814709 | X981: 2.135263 | Y981: 3.7028068 | Z981: 3.3171239 | AA981: =SUM(O981:Z981) -> 34.241066 | AB981: Pay-as-you-go | AE981: 125.55 | AF981: 130.28 | AG981: 42.69 | AH981: 16.1 | AI981: 93.64 | AJ981: 19.64 | AK981: 7.75 | AL981: 28.65 | AM981: 33.9 | AN981: 7.9 | AO981: =SUM(AC981:AN981) -> 506.1
A982: SUB-606554691 | D982: 13258.531 | E982: 1847.6905 | F982: 11360.356 | G982: 2777.0246 | H982: 2139.0353 | I982: 5669.1713 | J982: 5490.1447 | K982: 2975.4232 | L982: 1633.782 | M982: 4728.3067 | N982: =SUM(B982:M982) -> 51879.465 | Q982: 0.95070175 | R982: 0 | S982: 3.6853861 | T982: 3.5945415 | U982: 9.4321258 | V982: 3.9760669 | W982: 5.1859751 | X982: 1.9727226 | Y982: 0.8420426 | Z982: 0.56304225 | AA982: =SUM(O982:Z982) -> 30.202605 | AB982: Reduced rate | AC982: 9.99 | AD982: 9.99 | AE982: 142.63 | AF982: 28.47 | AG982: 123.8 | AH982: 37.97 | AI982: 31.89 | AJ982: 66.89 | AK982: 65.2 | AL982: 39.85 | AM982: 26.38 | AN982: 57.33 | AO982: =SUM(AC982:AN982) -> 640.39
A983: SUB-623596001 | D983: 10682.98 | E983: 2722.7385 | F983: 11630.393 | G983: 10779.185 | H983: 8651.873 | I983: 8061.4454 | J983: 7538.0408 | K983: 5894.3864 | L983: 3956.5787 | M983: 0 | N983: =SUM(B983:M983) -> 69917.62 | Q983: 2.36978 | R983: 1.155684 | S983: 1.507211 | T983: 0.31330081 | U983: 2.2095983 | V983: 1.7221699 | W983: 3.0133152 | X983: 1.0551767 | Y983: 6.7757988 | Z983: 4.939369 | AA983: =SUM(O983:Z983) -> 25.061404 | AB983: Reduced rate | AC983: 9.99 | AD983: 9.99 | AE983: 116.97 | AF983: 37.32 | AG983: 126.4 | AH983: 117.84 | AI983: 96.66 | AJ983: 90.71 | AK983: 85.58 | AL983: 69.04 | AM983: 49.91 | AN983: 10.24 | AO983: =SUM(AC983:AN983) -> 820.65
A984: SUB-508589057 | E984: 3890.7556 | F984: 5360.0065 | G984: 1021.9799 | H984: 4341.0086 | I984: 2253.217 | J984: 3237.1804 | K984: 1621.1376 | L984: 11062.499 | M984: 343.43955 | N984: =SUM(B984:M984) -> 33131.224 | R984: 0 | S984: 3.2385103 | T984: 1.9777267 | U984: 0.23145243 | V984: 2.8153223 | W984: 1.9233445 | X984: 4.8670007 | Y984: 2.8855198 | Z984: 1.1519435 | AA984: =SUM(O984:Z984) -> 19.09082 | AB984: Pay-as-you-go | AF984: 77.82 | AG984: 107.58 | AH984: 20.62 | AI984: 86.93 | AJ984: 45.35 | AK984: 64.94 | AL984: 32.89 | AM984: 221.53 | AN984: 7.06 | AO984: =SUM(AC984:AN984) -> 664.72
A985: SUB-638553771 | C985: 4127.7511 | D985: 3117.1265 | E985: 1305.007 | F985: 3914.9845 | G985: 1732.1969 | H985: 6725.9243 | I985: 3979.9497 | J985: 2864.6062 | K985: 8315.7157 | L985: 7093.301 | M985: 3408.2132 | N985: =SUM(B985:M985) -> 46584.776 | P985: 4.9152761 | Q985: 3.712382 | R985: 3.3055753 | S985: 16.010214 | T985: 2.1173768 | U985: 0 | V985: 6.1380616 | W985: 0.60299706 | X985: 4.4463157 | Y985: 12.955876 | Z985: 5.0027258 | AA985: =SUM(O985:Z985) -> 59.206801 | AB985: Reduced rate | AC985: 9.99 | AD985: 51.52 | AE985: 41.37 | AF985: 23.25 | AG985: 49.99 | AH985: 27.47 | AI985: 77.25 | AJ985: 50.14 | AK985: 38.69 | AL985: 93.4 | AM985: 81.58 | AN985: 44.38 | AO985: =SUM(AC985:AN985) -> 589.03
A986: SUB-607872431 | D986: 1203.8867 | E986: 555.64045 | F986: 0 | G986: 4088.9723 | H986: 3531.1062 | I986: 2036.3036 | J986: 3728.8347 | K986: 5971.9532 | L986: 9645.0405 | M986: 2434.42 | N986: =SUM(B986:M986) -> 33196.158 | Q986: 0 | R986: 10.448555 | S986: 0 | T986: 0.55720107 | U986: 0.93632842 | V986: 1.7260414 | W986: 0 | X986: 1.7545651 | Y986: 0 | Z986: 7.0573238 | AA986: =SUM(O986:Z986) -> 22.480014 | AB986: Pay-as-you-go | AE986: 24.08 | AF986: 12.11 | AG986: 0 | AH986: 81.87 | AI986: 70.73 | AJ986: 40.92 | AK986: 74.58 | AL986: 119.62 | AM986: 192.92 | AN986: 49.42 | AO986: =SUM(AC986:AN986) -> 666.25
A987: SUB-610186341 | D987: 4023.3276 | E987: 0 | F987: 2675.7633 | G987: 3990.8546 | H987: 1950.7378 | I987: 4007.1977 | J987: 2366.2823 | K987: 860.45928 | L987: 2009.2707 | M987: 9072.5366 | N987: =SUM(B987:M987) -> 30956.43 | Q987: 1.1921813 | R987: 0.18404898 | S987: 0.018812569 | T987: 12.605335 | U987: 2.6195432 | V987: 0.69102739 | W987: 8.1502599 | X987: 8.6290961 | Y987: 2.2297881 | Z987: 4.6246662 | AA987: =SUM(O987:Z987) -> 40.944759 | AB987: Pay-as-you-go | AE987: 80.66 | AF987: 0.09 | AG987: 53.61 | AH987: 80.99 | AI987: 39.29 | AJ987: 80.25 | AK987: 48.15 | AL987: 18.03 | AM987: 40.47 | AN987: 181.91 | AO987: =SUM(AC987:AN987) -> 623.45
A988: SUB-631958192 | E988: 4386.7233 | F988: 446.73172 | G988: 0 | H988: 1156.4317 | I988: 6323.4721 | J988: 2612.0407 | K988: 1696.4563 | L988: 4724.0731 | M988: 866.39143 | N988: =SUM(B988:M988) -> 22212.32 | R988: 4.7224681 | S988: 8.0486553 | T988: 0.80877096 | U988: 7.1044052 | V988: 10.07929 | W988: 7.1997716 | X988: 0 | Y988: 0 | Z988: 0 | AA988: =SUM(O988:Z988) -> 37.963361 | AB988: Pay-as-you-go | AF988: 88.19 | AG988: 9.75 | AH988: 0.09 | AI988: 23.86 | AJ988: 127.47 | AK988: 52.98 | AL988: 33.94 | AM988: 94.5 | AN988: 17.34 | AO988: =SUM(AC988:AN988) -> 448.12
A989: SUB-653128956 | C989: 8174.5725 | D989: 407.54448 | E989: 1877.0981 | F989: 1106.6526 | G989: 1557.3695 | H989: 8748.2665 | I989: 5739.5184 | J989: 4265.0286 | K989: 3677.4788 | L989: 8438.6083 | M989: 1741.3615 | N989: =SUM(B989:M989) -> 45733.499 | P989: 0 | Q989: 6.2322515 | R989: 0.97124312 | S989: 0.60105526 | T989: 4.1814635 | U989: 3.8330529 | V989: 18.697565 | W989: 1.9509719 | X989: 1.7036987 | Y989: 5.0106462 | Z989: 3.1576687 | AA989: =SUM(O989:Z989) -> 46.339617 | AB989: Reduced rate | AC989: 9.99 | AD989: 91.74 | AE989: 14.42 | AF989: 28.82 | AG989: 21.11 | AH989: 25.82 | AI989: 97.68 | AJ989: 68.34 | AK989: 52.75 | AL989: 46.87 | AM989: 94.68 | AN989: 27.61 | AO989: =SUM(AC989:AN989) -> 579.83
A990: SUB-680490196 | D990: 3681.8036 | E990: 3819.2007 | F990: 2527.4095 | G990: 915.12674 | H990: 1491.5169 | I990: 7501.2139 | J990: 6015.4529 | K990: 11026.107 | L990: 1570.175 | M990: 1348.1992 | N990: =SUM(B990:M990) -> 39896.205 | Q990: 0.2204535 | R990: 2.4322692 | S990: 0.047680318 | T990: 5.722722 | U990: 0.39248978 | V990: 10.214541 | W990: 8.0655916 | X990: 2.6025135 | Y990: 10.649866 | Z990: 22.005022 | AA990: =SUM(O990:Z990) -> 62.353149 | AB990: Reduced rate | AC990: 9.99 | AD990: 9.99 | AE990: 46.86 | AF990: 48.34 | AG990: 35.32 | AH990: 19.45 | AI990: 24.96 | AJ990: 85.56 | AK990: 70.6 | AL990: 120.41 | AM990: 26.25 | AN990: 24.63 | AO990: =SUM(AC990:AN990) -> 522.36
A991: SUB-733191758 | D991: 814.09936 | E991: 820.76491 | F991: 339.89067 | G991: 7711.9103 | H991: 4123.5884 | I991: 6127.6685 | J991: 2622.5545 | K991: 1069.6564 | L991: 647.47412 | M991: 1256.2084 | N991: =SUM(B991:M991) -> 25533.816 | Q991: 1.2419074 | R991: 5.2111377 | S991: 1.4273525 | T991: 2.9869738 | U991: 2.9418722 | V991: 7.9460993 | W991: 0.9505867 | X991: 9.9723255 | Y991: 6.5355361 | Z991: 0.28146509 | AA991: =SUM(O991:Z991) -> 39.495256 | AB991: Pay-as-you-go | AE991: 16.48 | AF991: 16.96 | AG991: 6.98 | AH991: 154.51 | AI991: 82.75 | AJ991: 123.28 | AK991: 52.55 | AL991: 22.3 | AM991: 13.59 | AN991: 25.23 | AO991: =SUM(AC991:AN991) -> 514.63
A992: SUB-791237831 | D992: 255.72426 | E992: 0 | F992: 4189.9199 | G992: 4703.2997 | H992: 5060.3645 | I992: 8074.4796 | J992: 1616.511 | K992: 2553.4237 | L992: 3789.8758 | M992: 14025.602 | N992: =SUM(B992:M992) -> 44269.2 | Q992: 2.1239144 | R992: 6.9073778 | S992: 3.5155533 | T992: 1.8002026 | U992: 2.1805138 | V992: 6.0623838 | W992: 3.7266888 | X992: 1.5915675 | Y992: 13.791339 | Z992: 4.1460073 | AA992: =SUM(O992:Z992) -> 45.845549 | AB992: Pay-as-you-go | AE992: 5.39 | AF992: 0.63 | AG992: 84.16 | AH992: 94.26 | AI992: 101.49 | AJ992: 162.13 | AK992: 32.7 | AL992: 51.26 | AM992: 77.06 | AN992: 280.97 | AO992: =SUM(AC992:AN992) -> 890.05
A993: SUB-736720302 | D993: 6941.8284 | E993: 4312.2524 | F993: 11429.194 | G993: 8676.7665 | H993: 886.52061 | I993: 0 | J993: 1562.3515 | K993: 1935.0535 | L993: 3427.4513 | M993: 953.28131 | N993: =SUM(B993:M993) -> 40124.7 | Q993: 1.7789761 | R993: 3.6285989 | S993: 3.7301527 | T993: 4.8882047 | U993: 4.8768255 | V993: 1.4185253 | W993: 6.9293659 | X993: 1.1952878 | Y993: 0 | Z993: 15.291623 | AA993: =SUM(O993:Z993) -> 43.73756 | AB993: Reduced rate | AC993: 9.99 | AD993: 9.99 | AE993: 79.51 | AF993: 53.32 | AG993: 124.49 | AH993: 97.01 | AI993: 19.11 | AJ993: 10.09 | AK993: 25.97 | AL993: 29.45 | AM993: 44.27 | AN993: 20.33 | AO993: =SUM(AC993:AN993) -> 523.53
A994: SUB-773089586 | C994: 2987.3232 | D994: 415.52158 | E994: 2258.5214 | F994: 6663.8525 | G994: 5862.4798 | H994: 5216.9896 | I994: 1060.9429 | J994: 4747.3753 | K994: 5415.1662 | L994: 3883.092 | M994: 8373.5238 | N994: =SUM(B994:M994) -> 46884.788 | P994: 1.1100061 | Q994: 0.52578137 | R994: 1.3209191 | S994: 0.18496299 | T994: 0.50129403 | U994: 2.0948559 | V994: 2.693578 | W994: 11.249344 | X994: 1.4687896 | Y994: 2.4500867 | Z994: 3.2373056 | AA994: =SUM(O994:Z994) -> 26.836924 | AB994: Reduced rate | AC994: 9.99 | AD994: 39.97 | AE994: 14.2 | AF994: 32.68 | AG994: 76.68 | AH994: 68.67 | AI994: 62.31 | AJ994: 20.75 | AK994: 58.07 | AL994: 64.25 | AM994: 48.98 | AN994: 93.93 | AO994: =SUM(AC994:AN994) -> 590.48
A995: SUB-801402119 | D995: 3118.3987 | E995: 492.74279 | F995: 1044.6285 | G995: 1939.5461 | H995: 2011.5416 | I995: 542.20675 | J995: 11915.767 | K995: 1593.6022 | L995: 1374.1747 | M995: 0 | N995: =SUM(B995:M995) -> 24032.608 | Q995: 1.9209662 | R995: 0.96624623 | S995: 2.0653132 | T995: 5.5888182 | U995: 10.76107 | V995: 24.478142 | W995: 0.50063462 | X995: 2.7171941 | Y995: 7.5731056 | Z995: 2.1451386 | AA995: =SUM(O995:Z995) -> 58.716629 | AB995: Pay-as-you-go | AE995: 62.56 | AF995: 9.95 | AG995: 21.17 | AH995: 39.34 | AI995: 41.23 | AJ995: 13.11 | AK995: 238.41 | AL995: 32.15 | AM995: 28.22 | AN995: 0.27 | AO995: =SUM(AC995:AN995) -> 486.41
A996: SUB-847298568 | C996: 1033.4407 | D996: 217.01613 | E996: 3943.8404 | F996: 803.07238 | G996: 2975.0271 | H996: 4973.8302 | I996: 935.476 | J996: 2900.2161 | K996: 10142.19 | L996: 3191.0874 | M996: 20451.855 | N996: =SUM(B996:M996) -> 51567.052 | P996: 0.72221182 | Q996: 5.1594717 | R996: 4.1011538 | S996: 5.985012 | T996: 2.4719451 | U996: 1.4313845 | V996: 2.6920276 | W996: 5.3432786 | X996: 2.3002041 | Y996: 7.2565524 | Z996: 8.0854351 | AA996: =SUM(O996:Z996) -> 45.548677 | AB996: Reduced rate | AC996: 9.99 | AD996: 20.38 | AE996: 12.47 | AF996: 49.68 | AG996: 18.33 | AH996: 39.9 | AI996: 59.83 | AJ996: 19.5 | AK996: 39.3 | AL996: 111.57 | AM996: 42.31 | AN996: 214.96 | AO996: =SUM(AC996:AN996) -> 638.22
A997: SUB-865366877 | D997: 0 | E997: 392.83063 | F997: 4517.1397 | G997: 297.83318 | H997: 3075.4996 | I997: 3681.7916 | J997: 938.30842 | K997: 1805.4276 | L997: 1375.7549 | M997: 10465.055 | N997: =SUM(B997:M997) -> 26549.641 | Q997: 3.8365186 | R997: 2.053853 | S997: 1.7424952 | T997: 4.8823349 | U997: 5.6186934 | V997: 0 | W997: 2.2283205 | X997: 0.32240258 | Y997: 1.7007535 | Z997: 0.63719945 | AA997: =SUM(O997:Z997) -> 23.022571 | AB997: Pay-as-you-go | AE997: 0.36 | AF997: 8.13 | AG997: 90.54 | AH997: 6.41 | AI997: 62.06 | AJ997: 73.64 | AK997: 19.05 | AL997: 36.21 | AM997: 27.7 | AN997: 209.41 | AO997: =SUM(AC997:AN997) -> 533.51
A998: SUB-912241823 | E998: 1688.1176 | F998: 1915.3542 | G998: 4577.164 | H998: 1938.4156 | I998: 15239.532 | J998: 4449.2364 | K998: 2643.3774 | L998: 1133.7111 | M998: 24.32194 | N998: =SUM(B998:M998) -> 33609.23 | R998: 2.063544 | S998: 0 | T998: 2.080731 | U998: 3.4298578 | V998: 10.055471 | W998: 1.0228432 | X998: 5.3951114 | Y998: 0 | Z998: 2.1562704 | AA998: =SUM(O998:Z998) -> 26.203829 | AB998: Pay-as-you-go | AF998: 34.05 | AG998: 38.32 | AH998: 91.83 | AI998: 39.14 | AJ998: 305.79 | AK998: 89.18 | AL998: 53.42 | AM998: 22.68 | AN998: 0.77 | AO998: =SUM(AC998:AN998) -> 675.18
A999: SUB-926962600 | C999: 1685.8654 | D999: 5930.993 | E999: 8605.0423 | F999: 3533.7632 | G999: 4238.7376 | H999: 740.72108 | I999: 2954.5423 | J999: 4237.8641 | K999: 2709.1501 | L999: 3361.897 | M999: 7899.7253 | N999: =SUM(B999:M999) -> 45898.301 | P999: 2.1916258 | Q999: 0 | R999: 6.6474254 | S999: 6.9438612 | T999: 0.22958024 | U999: 2.6086708 | V999: 1.9425018 | W999: 0 | X999: 17.294463 | Y999: 1.9621136 | Z999: 0.14023366 | AA999: =SUM(O999:Z999) -> 39.960475 | AB999: Reduced rate | AC999: 9.99 | AD999: 27 | AE999: 69.3 | AF999: 96.4 | AG999: 45.68 | AH999: 52.43 | AI999: 17.55 | AJ999: 39.64 | AK999: 52.37 | AL999: 37.99 | AM999: 43.71 | AN999: 89.04 | AO999: =SUM(AC999:AN999) -> 581.1
A1000: SUB-954126260 | D1000: 4651.7739 | E1000: 4345.4898 | F1000: 10325.428 | G1000: 1717.6506 | H1000: 6679.4967 | I1000: 8284.0808 | J1000: 3294.7967 | K1000: 4549.3943 | L1000: 1443.8724 | M1000: 1415.2207 | N1000: =SUM(B1000:M1000) -> 46707.204 | Q1000: 0 | R1000: 2.6807801 | S1000: 0.75227637 | T1000: 16.766483 | U1000: 1.8871112 | V1000: 7.6126322 | W1000: 2.9825828 | X1000: 4.945598 | Y1000: 3.3346537 | Z1000: 2.3146157 | AA1000: =SUM(O1000:Z1000) -> 43.276733 | AB1000: Reduced rate | AC1000: 9.99 | AD1000: 9.99 | AE1000: 56.51 | AF1000: 53.6 | AG1000: 113.3 | AH1000: 28.02 | AI1000: 76.89 | AJ1000: 93.24 | AK1000: 43.09 | AL1000: 55.74 | AM1000: 24.63 | AN1000: 24.3 | AO1000: =SUM(AC1000:AN1000) -> 589.3
A1001: SUB-927638913 | E1001: 11563.679 | F1001: 2409.6575 | G1001: 3905.7421 | H1001: 1222.899 | I1001: 2737.7533 | J1001: 3444.6563 | K1001: 2312.8753 | L1001: 2005.8777 | M1001: 1052.3506 | N1001: =SUM(B1001:M1001) -> 30655.491 | R1001: 0 | S1001: 1.2402137 | T1001: 17.905133 | U1001: 0.352715 | V1001: 3.9437556 | W1001: 4.7561362 | X1001: 3.3977784 | Y1001: 3.6844807 | Z1001: 0 | AA1001: =SUM(O1001:Z1001) -> 35.280212 | AB1001: Pay-as-you-go | AF1001: 231.28 | AG1001: 48.38 | AH1001: 79.74 | AI1001: 24.55 | AJ1001: 55.12 | AK1001: 69.35 | AL1001: 46.62 | AM1001: 40.48 | AN1001: 21.06 | AO1001: =SUM(AC1001:AN1001) -> 616.58
A1002: SUB-961271099 | D1002: 0 | E1002: 17077.526 | F1002: 4294.2083 | G1002: 1360.2084 | H1002: 0 | I1002: 331.75868 | J1002: 3313.9716 | K1002: 1496.4623 | L1002: 1378.2627 | M1002: 1781.4896 | N1002: =SUM(B1002:M1002) -> 31033.887 | Q1002: 2.5918444 | R1002: 3.4205007 | S1002: 1.8769143 | T1002: 0.86638909 | U1002: 0 | V1002: 7.3888319 | W1002: 3.055777 | X1002: 2.25174 | Y1002: 0 | Z1002: 2.1230985 | AA1002: =SUM(O1002:Z1002) -> 23.575096 | AB1002: Pay-as-you-go | AE1002: 0.27 | AF1002: 341.92 | AG1002: 86.08 | AH1002: 27.31 | AI1002: 0 | AJ1002: 7.36 | AK1002: 66.64 | AL1002: 30.21 | AM1002: 27.58 | AN1002: 35.91 | AO1002: =SUM(AC1002:AN1002) -> 623.28
A1005: Total_Data_Usage | B1005: Sum of the data usage of each customer for 12 months
A1006: Total_Talktime | B1006: Sum of the talktime (number of minutes) usage of each customer for 12 months
A1007: Total billing amount | B1007: Sum of the bill of each customer for 12 months
A1008: Plan | B1008: Which plan is the customer currently using?

Sheet Pay as you go
B1: Data (rounded up to MB) | O1: Talktime (rounded up to mins) | AC1: Billing (in euros)
A2: Customer_ID | B2: January_Data | C2: February_Data | D2: March_Data | E2: April_Data | F2: May_Data | G2: June_Data | H2: July_Data | I2: August_Data | J2: September_Data | K2: October_Data | L2: November_Data | M2: December_Data | N2: Total_Data_Usage | O2: January_Talktime | P2: February_Talktime | Q2: March_Talktime | R2: April_Talktime | S2: May_Talktime | T2: June_Talktime | U2: July_Talktime | V2: August_Talktime | W2: September_Talktime | X2: October_Talktime | Y2: November_Talktime | Z2: December_Talktime | AA2: Total_Talktime | AB2: Plan | AC2: January | AD2: February | AE2: March | AF2: April | AG2: May | AH2: June | AI2: July | AJ2: August | AK2: September | AL2: October | AM2: November | AN2: December | AO2: Total billing amount
A3: SUB-650580748 | B3: 14824 | C3: 659 | D3: 2248 | E3: 28 | F3: 897 | G3: 4226 | H3: 825 | I3: 4670 | J3: 3359 | K3: 1240 | L3: 2222 | M3: 0 | N3: =SUM(B3:M3) -> 35198 | O3: 2 | P3: 3 | Q3: 1 | R3: 2 | S3: 1 | T3: 10 | U3: 5 | V3: 3 | W3: 1 | X3: 17 | Y3: 4 | Z3: 1 | AA3: =SUM(O3:Z3) -> 50 | AB3: Pay-as-you-go | AC3: 296.66 | AD3: 13.45 | AE3: 45.05 | AF3: 0.74 | AG3: 18.03 | AH3: 85.42 | AI3: 16.95 | AJ3: 93.67 | AK3: 67.27 | AL3: 26.33 | AM3: 44.8 | AN3: 0.09 | AO3: 708.46
A4: SUB-351850519 | B4: 14259 | C4: 0 | D4: 3545 | E4: 864 | F4: 3502 | G4: 266 | H4: 380 | I4: 1597 | J4: 6096 | K4: 1170 | L4: 1204 | M4: 0 | N4: =SUM(B4:M4) -> 32883 | O4: 6 | P4: 5 | Q4: 1 | R4: 1 | S4: 2 | T4: 6 | U4: 1 | V4: 1 | W4: 6 | X4: 0 | Y4: 4 | Z4: 1 | AA4: =SUM(O4:Z4) -> 34 | AB4: Pay-as-you-go | AC4: 285.72 | AD4: 0.45 | AE4: 70.99 | AF4: 17.37 | AG4: 70.22 | AH4: 5.86 | AI4: 7.69 | AJ4: 32.03 | AK4: 122.46 | AL4: 23.4 | AM4: 24.44 | AN4: 0.09 | AO4: 660.72
A5: SUB-294859069 | B5: 13847 | C5: 785 | D5: 2401 | E5: 4826 | F5: 0 | G5: 5638 | H5: 13354 | I5: 105 | J5: 6021 | K5: 1605 | L5: 26 | M5: 3120 | N5: =SUM(B5:M5) -> 51728 | O5: 2 | P5: 4 | Q5: 7 | R5: 13 | S5: 4 | T5: 7 | U5: 1 | V5: 2 | W5: 4 | X5: 0 | Y5: 2 | Z5: 2 | AA5: =SUM(O5:Z5) -> 48 | AB5: Pay-as-you-go | AC5: 277.12 | AD5: 16.06 | AE5: 48.65 | AF5: 97.69 | AG5: 0.36 | AH5: 113.39 | AI5: 267.17 | AJ5: 2.28 | AK5: 120.78 | AL5: 32.1 | AM5: 0.7 | AN5: 62.58 | AO5: 1038.88
A6: SUB-587875037 | B6: 12851 | C6: 3158 | D6: 2085 | E6: 2386 | F6: 2696 | G6: 2703 | H6: 3225 | I6: 9891 | J6: 2753 | K6: 7190 | L6: 7893 | M6: 2733 | N6: =SUM(B6:M6) -> 59564 | O6: 1 | P6: 4 | Q6: 5 | R6: 2 | S6: 2 | T6: 3 | U6: 5 | V6: 2 | W6: 4 | X6: 3 | Y6: 11 | Z6: 0 | AA6: =SUM(O6:Z6) -> 42 | AB6: Pay-as-you-go | AC6: 257.11 | AD6: 63.52 | AE6: 42.15 | AF6: 47.9 | AG6: 54.1 | AH6: 54.33 | AI6: 64.95 | AJ6: 198 | AK6: 55.42 | AL6: 144.07 | AM6: 158.85 | AN6: 54.66 | AO6: 1195.06
A7: SUB-859230726 | B7: 12111 | C7: 0 | D7: 0 | E7: 0 | F7: 2336 | G7: 1090 | H7: 2941 | I7: 711 | J7: 716 | K7: 4422 | L7: 614 | M7: 6042 | N7: =SUM(B7:M7) -> 30983 | O7: 5 | P7: 9 | Q7: 2 | R7: 9 | S7: 4 | T7: 2 | U7: 3 | V7: 0 | W7: 6 | X7: 7 | Y7: 2 | Z7: 2 | AA7: =SUM(O7:Z7) -> 51 | AB7: Pay-as-you-go | AC7: 242.67 | AD7: 0.81 | AE7: 0.18 | AF7: 0.81 | AG7: 47.08 | AH7: 21.98 | AI7: 59.09 | AJ7: 14.22 | AK7: 14.86 | AL7: 89.07 | AM7: 12.46 | AN7: 121.02 | AO7: 624.25
A8: SUB-489079307 | B8: 11013 | C8: 0 | D8: 5112 | E8: 802 | F8: 7754 | G8: 801 | H8: 0 | I8: 3679 | J8: 1273 | K8: 1031 | L8: 3554 | M8: 6803 | N8: =SUM(B8:M8) -> 41822 | O8: 2 | P8: 0 | Q8: 11 | R8: 7 | S8: 21 | T8: 5 | U8: 10 | V8: 7 | W8: 8 | X8: 5 | Y8: 3 | Z8: 10 | AA8: =SUM(O8:Z8) -> 89 | AB8: Pay-as-you-go | AC8: 220.44 | AD8: 0 | AE8: 103.23 | AF8: 16.67 | AG8: 156.97 | AH8: 16.47 | AI8: 0.9 | AJ8: 74.21 | AK8: 26.18 | AL8: 21.07 | AM8: 71.35 | AN8: 136.96 | AO8: 844.45
A9: SUB-560808878 | B9: 10958 | C9: 394 | D9: 2490 | E9: 820 | F9: 0 | G9: 4804 | H9: 766 | I9: 4820 | J9: 1626 | K9: 1683 | L9: 1153 | M9: 1296 | N9: =SUM(B9:M9) -> 30810 | O9: 4 | P9: 2 | Q9: 2 | R9: 17 | S9: 0 | T9: 1 | U9: 1 | V9: 0 | W9: 1 | X9: 4 | Y9: 12 | Z9: 2 | AA9: =SUM(O9:Z9) -> 46 | AB9: Pay-as-you-go | AC9: 219.52 | AD9: 8.06 | AE9: 49.98 | AF9: 17.93 | AG9: 0 | AH9: 96.17 | AI9: 15.41 | AJ9: 96.4 | AK9: 32.61 | AL9: 34.02 | AM9: 24.14 | AN9: 26.1 | AO9: 620.34
A10: SUB-657328973 | B10: 10167 | C10: 735 | D10: 973 | E10: 3149 | F10: 432 | G10: 0 | H10: 3276 | I10: 1523 | J10: 781 | K10: 2046 | L10: 2119 | M10: 2500 | N10: =SUM(B10:M10) -> 27701 | O10: 4 | P10: 5 | Q10: 3 | R10: 2 | S10: 1 | T10: 1 | U10: 0 | V10: 10 | W10: 1 | X10: 0 | Y10: 3 | Z10: 2 | AA10: =SUM(O10:Z10) -> 32 | AB10: Pay-as-you-go | AC10: 203.7 | AD10: 15.15 | AE10: 19.73 | AF10: 63.16 | AG10: 8.73 | AH10: 0.09 | AI10: 65.52 | AJ10: 31.36 | AK10: 15.71 | AL10: 40.92 | AM10: 42.65 | AN10: 50.18 | AO10: 556.9
A11: SUB-614797073 | B11: 9798 | C11: 8942 | D11: 2577 | E11: 1928 | F11: 3656 | G11: 0 | H11: 1882 | I11: 1553 | J11: 226 | K11: 2986 | L11: 1340 | M11: 120 | N11: =SUM(B11:M11) -> 35008 | O11: 12 | P11: 1 | Q11: 0 | R11: 3 | S11: 0 | T11: 15 | U11: 2 | V11: 6 | W11: 5 | X11: 1 | Y11: 1 | Z11: 5 | AA11: =SUM(O11:Z11) -> 51 | AB11: Pay-as-you-go | AC11: 197.04 | AD11: 178.93 | AE11: 51.54 | AF11: 38.83 | AG11: 73.12 | AH11: 1.35 | AI11: 37.82 | AJ11: 31.6 | AK11: 4.97 | AL11: 59.81 | AM11: 26.89 | AN11: 2.85 | AO11: 704.75
A12: SUB-178252773 | B12: 9090 | C12: 9078 | D12: 8357 | E12: 3729 | F12: 1709 | G12: 802 | H12: 1035 | I12: 987 | J12: 2066 | K12: 18033 | L12: 1889 | M12: 2684 | N12: =SUM(B12:M12) -> 59459 | O12: 3 | P12: 3 | Q12: 3 | R12: 4 | S12: 7 | T12: 2 | U12: 1 | V12: 0 | W12: 3 | X12: 3 | Y12: 2 | Z12: 4 | AA12: =SUM(O12:Z12) -> 35 | AB12: Pay-as-you-go | AC12: 182.07 | AD12: 181.83 | AE12: 167.41 | AF12: 74.94 | AG12: 34.81 | AH12: 16.22 | AI12: 20.79 | AJ12: 19.74 | AK12: 41.59 | AL12: 360.93 | AM12: 37.96 | AN12: 54.04 | AO12: 1192.33
A13: SUB-225496767 | B13: 8801 | C13: 570 | D13: 6692 | E13: 480 | F13: 256 | G13: 1480 | H13: 1780 | I13: 4424 | J13: 1382 | K13: 1909 | L13: 0 | M13: 5974 | N13: =SUM(B13:M13) -> 33748 | O13: 0 | P13: 0 | Q13: 3 | R13: 8 | S13: 1 | T13: 0 | U13: 2 | V13: 8 | W13: 0 | X13: 0 | Y13: 2 | Z13: 5 | AA13: =SUM(O13:Z13) -> 29 | AB13: Pay-as-you-go | AC13: 176.02 | AD13: 11.4 | AE13: 134.11 | AF13: 10.32 | AG13: 5.21 | AH13: 29.6 | AI13: 35.78 | AJ13: 89.2 | AK13: 27.64 | AL13: 38.18 | AM13: 0.18 | AN13: 119.93 | AO13: 677.57
A14: SUB-758908462 | B14: 8374 | C14: 2752 | D14: 3817 | E14: 169 | F14: 5077 | G14: 1656 | H14: 3978 | I14: 5206 | J14: 2688 | K14: 1636 | L14: 1001 | M14: 161 | N14: =SUM(B14:M14) -> 36515 | O14: 4 | P14: 5 | Q14: 13 | R14: 5 | S14: 1 | T14: 3 | U14: 2 | V14: 0 | W14: 5 | X14: 8 | Y14: 6 | Z14: 19 | AA14: =SUM(O14:Z14) -> 71 | AB14: Pay-as-you-go | AC14: 167.84 | AD14: 55.49 | AE14: 77.51 | AF14: 3.83 | AG14: 101.63 | AH14: 33.39 | AI14: 79.74 | AJ14: 104.12 | AK14: 54.21 | AL14: 33.44 | AM14: 20.56 | AN14: 4.93 | AO14: 736.69
... A343: SUB-794177654 | B343: 10 | C343: 3854 | D343: 2170 | E343: 3470 | F343: 4578 | G343: 4564 | H343: 3505 | I343: 3349 | J343: 788 | K343: 887 | L343: 3232 | M343: 2241 | N343: =SUM(B343:M343) -> 32648 | O343: 3 | P343: 3 | Q343: 4 | R343: 4 | S343: 3 | T343: 7 | U343: 5 | V343: 0 | W343: 3 | X343: 6 | Y343: 3 | Z343: 4 | AA343: =SUM(O343:Z343) -> 45 | AB343: Pay-as-you-go | AC343: 0.47 | AD343: 77.35 | AE343: 43.76 | AF343: 69.76 | AG343: 91.83 | AH343: 91.91 | AI343: 70.55 | AJ343: 66.98 | AK343: 16.03 | AL343: 18.28 | AM343: 64.91 | AN343: 45.18 | AO343: 657.01
A344: SUB-928511911 | B344: 0 | C344: 12944 | D344: 6298 | E344: 0 | F344: 28267 | G344: 2922 | H344: 6337 | I344: 217 | J344: 1423 | K344: 4798 | L344: 287 | M344: 2231 | N344: =SUM(B344:M344) -> 65724 | O344: 0 | P344: 4 | Q344: 11 | R344: 5 | S344: 5 | T344: 4 | U344: 2 | V344: 4 | W344: 5 | X344: 2 | Y344: 2 | Z344: 3 | AA344: =SUM(O344:Z344) -> 47 | AB344: Pay-as-you-go | AD344: 259.24 | AE344: 126.95 | AF344: 0.45 | AG344: 565.79 | AH344: 58.8 | AI344: 126.92 | AJ344: 4.7 | AK344: 28.91 | AL344: 96.14 | AM344: 5.92 | AN344: 44.89 | AO344: 1318.71
A345: SUB-414114481 | B345: 0 | C345: 8455 | D345: 10681 | E345: 16876 | F345: 6881 | G345: 612 | H345: 4753 | I345: 517 | J345: 7759 | K345: 1043 | L345: 518 | M345: 8529 | N345: =SUM(B345:M345) -> 66624 | O345: 3 | P345: 17 | Q345: 5 | R345: 1 | S345: 1 | T345: 3 | U345: 0 | V345: 0 | W345: 2 | X345: 3 | Y345: 3 | Z345: 2 | AA345: =SUM(O345:Z345) -> 40 | AB345: Pay-as-you-go | AC345: 0.27 | AD345: 170.63 | AE345: 214.07 | AF345: 337.61 | AG345: 137.71 | AH345: 12.51 | AI345: 95.06 | AJ345: 10.34 | AK345: 155.36 | AL345: 21.13 | AM345: 10.63 | AN345: 170.76 | AO345: 1336.08
A346: SUB-996400695 | B346: 0 | C346: 6784 | D346: 1703 | E346: 1357 | F346: 3225 | G346: 2122 | H346: 3376 | I346: 3244 | J346: 4072 | K346: 6330 | L346: 887 | M346: 1919 | N346: =SUM(B346:M346) -> 35019 | O346: 0 | P346: 1 | Q346: 15 | R346: 1 | S346: 5 | T346: 1 | U346: 7 | V346: 0 | W346: 15 | X346: 2 | Y346: 0 | Z346: 0 | AA346: =SUM(O346:Z346) -> 47 | AB346: Pay-as-you-go | AD346: 135.77 | AE346: 35.41 | AF346: 27.23 | AG346: 64.95 | AH346: 42.53 | AI346: 68.15 | AJ346: 64.88 | AK346: 82.79 | AL346: 126.78 | AM346: 17.74 | AN346: 38.38 | AO346: 704.61
A347: SUB-137805061 | B347: 0 | C347: 5485 | D347: 0 | E347: 1241 | F347: 3883 | G347: 3914 | H347: 5069 | I347: 2805 | J347: 2662 | K347: 8754 | L347: 2346 | M347: 3 | N347: =SUM(B347:M347) -> 36162 | O347: 0 | P347: 1 | Q347: 11 | R347: 2 | S347: 4 | T347: 6 | U347: 1 | V347: 16 | W347: 14 | X347: 3 | Y347: 4 | Z347: 1 | AA347: =SUM(O347:Z347) -> 63 | AB347: Pay-as-you-go | AD347: 109.79 | AE347: 0.99 | AF347: 25 | AG347: 78.02 | AH347: 78.82 | AI347: 101.47 | AJ347: 57.54 | AK347: 54.5 | AL347: 175.35 | AM347: 47.28 | AN347: 0.15 | AO347: 728.91
A348: SUB-474945743 | B348: 0 | C348: 5080 | D348: 3052 | E348: 4642 | F348: 387 | G348: 11216 | H348: 0 | I348: 1681 | J348: 3299 | K348: 0 | L348: 333 | M348: 528 | N348: =SUM(B348:M348) -> 30218 | O348: 7 | P348: 2 | Q348: 4 | R348: 7 | S348: 1 | T348: 14 | U348: 8 | V348: 3 | W348: 2 | X348: 0 | Y348: 2 | Z348: 8 | AA348: =SUM(O348:Z348) -> 58 | AB348: Pay-as-you-go | AC348: 0.63 | AD348: 101.78 | AE348: 61.4 | AF348: 93.47 | AG348: 7.83 | AH348: 225.58 | AI348: 0.72 | AJ348: 33.89 | AK348: 66.16 | AL348: 0 | AM348: 6.84 | AN348: 11.28 | AO348: 609.58
A349: SUB-320112847 | B349: 0 | C349: 5015 | D349: 740 | E349: 3381 | F349: 719 | G349: 2378 | H349: 6413 | I349: 5460 | J349: 909 | K349: 2808 | L349: 2702 | M349: 878 | N349: =SUM(B349:M349) -> 31403 | O349: 1 | P349: 0 | Q349: 3 | R349: 5 | S349: 5 | T349: 0 | U349: 14 | V349: 0 | W349: 2 | X349: 0 | Y349: 4 | Z349: 12 | AA349: =SUM(O349:Z349) -> 46 | AB349: Pay-as-you-go | AC349: 0.09 | AD349: 100.3 | AE349: 15.07 | AF349: 68.07 | AG349: 14.83 | AH349: 47.56 | AI349: 129.52 | AJ349: 109.2 | AK349: 18.36 | AL349: 56.16 | AM349: 54.4 | AN349: 18.64 | AO349: 632.2
A350: SUB-309284306 | B350: 0 | C350: 4805 | D350: 2452 | E350: 0 | F350: 5313 | G350: 4974 | H350: 1410 | I350: 532 | J350: 1429 | K350: 2790 | L350: 7453 | M350: 1636 | N350: =SUM(B350:M350) -> 32794 | O350: 4 | P350: 8 | Q350: 3 | R350: 3 | S350: 5 | T350: 1 | U350: 3 | V350: 7 | W350: 3 | X350: 5 | Y350: 4 | Z350: 0 | AA350: =SUM(O350:Z350) -> 46 | AB350: Pay-as-you-go | AC350: 0.36 | AD350: 96.82 | AE350: 49.31 | AF350: 0.27 | AG350: 106.71 | AH350: 99.57 | AI350: 28.47 | AJ350: 11.27 | AK350: 28.85 | AL350: 56.25 | AM350: 149.42 | AN350: 32.72 | AO350: 660.02
A351: SUB-314510883 | B351: 0 | C351: 4621 | D351: 1887 | E351: 0 | F351: 1445 | G351: 0 | H351: 5515 | I351: 4786 | J351: 7558 | K351: 2456 | L351: 810 | M351: 353 | N351: =SUM(B351:M351) -> 29431 | O351: 2 | P351: 4 | Q351: 5 | R351: 3 | S351: 4 | T351: 0 | U351: 3 | V351: 2 | W351: 13 | X351: 8 | Y351: 13 | Z351: 0 | AA351: =SUM(O351:Z351) -> 57 | AB351: Pay-as-you-go | AC351: 0.18 | AD351: 92.78 | AE351: 38.19 | AF351: 0.27 | AG351: 29.26 | AH351: 0 | AI351: 110.57 | AJ351: 95.9 | AK351: 152.33 | AL351: 49.84 | AM351: 17.37 | AN351: 7.06 | AO351: 593.75
A352: SUB-890910481 | B352: 0 | C352: 4606 | D352: 3329 | E352: 3229 | F352: 1213 | G352: 228 | H352: 5439 | I352: 7127 | J352: 2029 | K352: 927 | L352: 0 | M352: 4876 | N352: =SUM(B352:M352) -> 33003 | O352: 7 | P352: 6 | Q352: 0 | R352: 4 | S352: 3 | T352: 0 | U352: 9 | V352: 0 | W352: 2 | X352: 12 | Y352: 2 | Z352: 17 | AA352: =SUM(O352:Z352) -> 62 | AB352: Pay-as-you-go | AC352: 0.63 | AD352: 92.66 | AE352: 66.58 | AF352: 64.94 | AG352: 24.53 | AH352: 4.56 | AI352: 109.59 | AJ352: 142.54 | AK352: 40.76 | AL352: 19.62 | AM352: 0.18 | AN352: 99.05 | AO352: 665.64
A353: SUB-122771504 | B353: 0 | C353: 3665 | D353: 8412 | E353: 455 | F353: 1634 | G353: 5543 | H353: 1795 | I353: 0 | J353: 1217 | K353: 1437 | L353: 7042 | M353: 2813 | N353: =SUM(B353:M353) -> 34013 | O353: 9 | P353: 3 | Q353: 0 | R353: 2 | S353: 1 | T353: 5 | U353: 2 | V353: 0 | W353: 4 | X353: 1 | Y353: 3 | Z353: 4 | AA353: =SUM(O353:Z353) -> 34 | AB353: Pay-as-you-go | AC353: 0.81 | AD353: 73.57 | AE353: 168.24 | AF353: 9.28 | AG353: 32.77 | AH353: 111.31 | AI353: 36.08 | AJ353: 0 | AK353: 24.7 | AL353: 28.83 | AM353: 141.11 | AN353: 56.62 | AO353: 683.32
A354: SUB-907081959 | B354: 0 | C354: 3663 | D354: 3230 | E354: 7819 | F354: 51 | G354: 1621 | H354: 603 | I354: 11647 | J354: 1331 | K354: 300 | L354: 2455 | M354: 2453 | N354: =SUM(B354:M354) -> 35173 | O354: 9 | P354: 1 | Q354: 5 | R354: 2 | S354: 0 | T354: 10 | U354: 8 | V354: 5 | W354: 9 | X354: 9 | Y354: 5 | Z354: 6 | AA354: =SUM(O354:Z354) -> 69 | AB354: Pay-as-you-go | AC354: 0.81 | AD354: 73.35 | AE354: 65.05 | AF354: 156.56 | AG354: 1.02 | AH354: 33.32 | AI354: 12.78 | AJ354: 233.39 | AK354: 27.43 | AL354: 6.81 | AM354: 49.55 | AN354: 49.6 | AO354: 709.67
A355: SUB-207733458 | B355: 0 | C355: 3423 | D355: 3195 | E355: 926 | F355: 6028 | G355: 148 | H355: 5407 | I355: 794 | J355: 4141 | K355: 994 | L355: 600 | M355: 4855 | N355: =SUM(B355:M355) -> 30511 | O355: 4 | P355: 7 | Q355: 1 | R355: 5 | S355: 5 | T355: 0 | U355: 4 | V355: 6 | W355: 3 | X355: 0 | Y355: 0 | Z355: 2 | AA355: =SUM(O355:Z355) -> 37 | AB355: Pay-as-you-go | AC355: 0.36 | AD355: 69.09 | AE355: 63.99 | AF355: 18.97 | AG355: 121.01 | AH355: 2.96 | AI355: 108.5 | AJ355: 16.42 | AK355: 83.09 | AL355: 19.88 | AM355: 12 | AN355: 97.28 | AO355: 613.55
A356: SUB-742447206 | B356: 0 | C356: 3355 | D356: 2163 | E356: 5882 | F356: 3084 | G356: 6988 | H356: 676 | I356: 3189 | J356: 954 | K356: 1652 | L356: 7814 | M356: 1369 | N356: =SUM(B356:M356) -> 37126 | O356: 7 | P356: 11 | Q356: 3 | R356: 2 | S356: 3 | T356: 9 | U356: 1 | V356: 1 | W356: 8 | X356: 1 | Y356: 5 | Z356: 1 | AA356: =SUM(O356:Z356) -> 52 | AB356: Pay-as-you-go | AC356: 0.63 | AD356: 68.09 | AE356: 43.53 | AF356: 117.82 | AG356: 61.95 | AH356: 140.57 | AI356: 13.61 | AJ356: 63.87 | AK356: 19.8 | AL356: 33.13 | AM356: 156.73 | AN356: 27.47 | AO356: 747.2
A357: SUB-425606111 | B357: 0 | C357: 3179 | D357: 8158 | E357: 490 | F357: 2368 | G357: 5265 | H357: 637 | I357: 0 | J357: 2524 | K357: 5093 | L357: 170 | M357: 6131 | N357: =SUM(B357:M357) -> 34015 | O357: 5 | P357: 7 | Q357: 9 | R357: 7 | S357: 2 | T357: 3 | U357: 3 | V357: 5 | W357: 2 | X357: 4 | Y357: 2 | Z357: 1 | AA357: =SUM(O357:Z357) -> 50 | AB357: Pay-as-you-go | AC357: 0.45 | AD357: 64.21 | AE357: 163.97 | AF357: 10.43 | AG357: 47.54 | AH357: 105.57 | AI357: 13.01 | AJ357: 0.45 | AK357: 50.66 | AL357: 102.22 | AM357: 3.58 | AN357: 122.71 | AO357: 684.8
A358: SUB-545952317 | B358: 0 | C358: 2741 | D358: 2013 | E358: 1935 | F358: 5213 | G358: 1488 | H358: 7324 | I358: 0 | J358: 1774 | K358: 4351 | L358: 2432 | M358: 0 | N358: =SUM(B358:M358) -> 29271 | O358: 10 | P358: 7 | Q358: 7 | R358: 5 | S358: 1 | T358: 5 | U358: 1 | V358: 4 | W358: 0 | X358: 7 | Y358: 0 | Z358: 11 | AA358: =SUM(O358:Z358) -> 58 | AB358: Pay-as-you-go | AC358: 0.9 | AD358: 55.45 | AE358: 40.89 | AF358: 39.15 | AG358: 104.35 | AH358: 30.21 | AI358: 146.57 | AJ358: 0.36 | AK358: 35.48 | AL358: 87.65 | AM358: 48.64 | AN358: 0.99 | AO358: 590.64
A359: SUB-921245657 | B359: 0 | C359: 2501 | D359: 1212 | E359: 2889 | F359: 0 | G359: 3455 | H359: 4243 | I359: 1786 | J359: 1282 | K359: 0 | L359: 382 | M359: 2291 | N359: =SUM(B359:M359) -> 20041 | O359: 12 | P359: 2 | Q359: 15 | R359: 2 | S359: 12 | T359: 1 | U359: 7 | V359: 3 | W359: 4 | X359: 1 | Y359: 6 | Z359: 0 | AA359: =SUM(O359:Z359) -> 65 | AB359: Pay-as-you-go | AC359: 1.08 | AD359: 50.2 | AE359: 25.59 | AF359: 57.96 | AG359: 1.08 | AH359: 69.19 | AI359: 85.49 | AJ359: 35.99 | AK359: 26 | AL359: 0.09 | AM359: 8.18 | AN359: 45.82 | AO359: 406.67
... A377: SUB-940875053 | B377: 0 | C377: 0 | D377: 0 | E377: 1186 | F377: 555 | G377: 1267 | H377: 1049 | I377: 6086 | J377: 7495 | K377: 1373 | L377: 1827 | M377: 10051 | N377: =SUM(B377:M377) -> 30889 | O377: 5 | P377: 6 | Q377: 4 | R377: 5 | S377: 2 | T377: 3 | U377: 5 | V377: 3 | W377: 3 | X377: 2 | Y377: 5 | Z377: 4 | AA377: =SUM(O377:Z377) -> 47 | AB377: Pay-as-you-go | AC377: 0.45 | AD377: 0.54 | AE377: 0.36 | AF377: 24.17 | AG377: 11.28 | AH377: 25.61 | AI377: 21.43 | AJ377: 121.99 | AK377: 150.17 | AL377: 27.64 | AM377: 36.99 | AN377: 201.38 | AO377: 622.01
A378: SUB-538425944 | B378: 0 | C378: 5505 | D378: 2571 | E378: 3232 | F378: 981 | G378: 5090 | H378: 0 | I378: 585 | J378: 4045 | K378: 8118 | L378: 263 | M378: 3654 | N378: =SUM(B378:M378) -> 34044 | O378: 0 | P378: 0 | Q378: 0 | R378: 4 | S378: 2 | T378: 2 | U378: 3 | V378: 2 | W378: 3 | X378: 1 | Y378: 15 | Z378: 4 | AA378: =SUM(O378:Z378) -> 36 | AB378: Pay-as-you-go | AD378: 110.1 | AE378: 51.42 | AF378: 65 | AG378: 19.8 | AH378: 101.98 | AI378: 0.27 | AJ378: 11.88 | AK378: 81.17 | AL378: 162.45 | AM378: 6.61 | AN378: 73.44 | AO378: 684.12
A379: SUB-460053662 | B379: 0 | C379: 5209 | D379: 1338 | E379: 2372 | F379: 2224 | G379: 2952 | H379: 402 | I379: 786 | J379: 3535 | K379: 2501 | L379: 3292 | M379: 3385 | N379: =SUM(B379:M379) -> 27996 | O379: 0 | P379: 1 | Q379: 4 | R379: 1 | S379: 4 | T379: 7 | U379: 1 | V379: 5 | W379: 6 | X379: 0 | Y379: 6 | Z379: 5 | AA379: =SUM(O379:Z379) -> 40 | AB379: Pay-as-you-go | AD379: 104.27 | AE379: 27.12 | AF379: 47.53 | AG379: 44.84 | AH379: 59.67 | AI379: 8.13 | AJ379: 16.17 | AK379: 71.24 | AL379: 50.02 | AM379: 66.38 | AN379: 68.15 | AO379: 563.52
A380: SUB-719844185 | B380: 0 | C380: 5015 | D380: 3216 | E380: 160 | F380: 1129 | G380: 4427 | H380: 596 | I380: 549 | J380: 2368 | K380: 6627 | L380: 1110 | M380: 725 | N380: =SUM(B380:M380) -> 25922 | O380: 0 | P380: 2 | Q380: 2 | R380: 0 | S380: 3 | T380: 7 | U380: 12 | V380: 3 | W380: 4 | X380: 1 | Y380: 4 | Z380: 2 | AA380: =SUM(O380:Z380) -> 40 | AB380: Pay-as-you-go | AD380: 100.48 | AE380: 64.5 | AF380: 3.2 | AG380: 22.85 | AH380: 89.17 | AI380: 13 | AJ380: 11.25 | AK380: 47.72 | AL380: 132.63 | AM380: 22.56 | AN380: 14.68 | AO380: 522.04
A381: SUB-571036263 | B381: 0 | C381: 4181 | D381: 2280 | E381: 1076 | F381: 1524 | G381: 1440 | H381: 662 | I381: 5162 | J381: 4261 | K381: 1781 | L381: 2336 | M381: 1877 | N381: =SUM(B381:M381) -> 26580 | O381: 0 | P381: 1 | Q381: 18 | R381: 1 | S381: 7 | T381: 4 | U381: 5 | V381: 3 | W381: 2 | X381: 10 | Y381: 12 | Z381: 9 | AA381: =SUM(O381:Z381) -> 72 | AB381: Pay-as-you-go | AD381: 83.71 | AE381: 47.22 | AF381: 21.61 | AG381: 31.11 | AH381: 29.16 | AI381: 13.69 | AJ381: 103.51 | AK381: 85.4 | AL381: 36.52 | AM381: 47.8 | AN381: 38.35 | AO381: 538.08
A382: SUB-720331552 | B382: 0 | C382: 3987 | D382: 6239 | E382: 2245 | F382: 1718 | G382: 340 | H382: 5452 | I382: 597 | J382: 2186 | K382: 1057 | L382: 3157 | M382: 4558 | N382: =SUM(B382:M382) -> 31536 | O382: 0 | P382: 9 | Q382: 5 | R382: 9 | S382: 0 | T382: 15 | U382: 5 | V382: 1 | W382: 6 | X382: 1 | Y382: 8 | Z382: 1 | AA382: =SUM(O382:Z382) -> 60 | AB382: Pay-as-you-go | AD382: 80.55 | AE382: 125.23 | AF382: 45.71 | AG382: 34.36 | AH382: 8.15 | AI382: 109.49 | AJ382: 12.03 | AK382: 44.26 | AL382: 21.23 | AM382: 63.86 | AN382: 91.25 | AO382: 636.12
A383: SUB-653039003 | B383: 0 | C383: 3190 | D383: 0 | E383: 113 | F383: 2319 | G383: 983 | H383: 6310 | I383: 1648 | J383: 14311 | K383: 4529 | L383: 0 | M383: 1467 | N383: =SUM(B383:M383) -> 34870 | O383: 0 | P383: 2 | Q383: 2 | R383: 1 | S383: 5 | T383: 3 | U383: 11 | V383: 4 | W383: 20 | X383: 9 | Y383: 1 | Z383: 10 | AA383: =SUM(O383:Z383) -> 68 | AB383: Pay-as-you-go | AD383: 63.98 | AE383: 0.18 | AF383: 2.35 | AG383: 46.83 | AH383: 19.93 | AI383: 127.19 | AJ383: 33.32 | AK383: 288.02 | AL383: 91.39 | AM383: 0.09 | AN383: 30.24 | AO383: 703.52
A384: SUB-975460557 | B384: 0 | C384: 3176 | D384: 3970 | E384: 3243 | F384: 1651 | G384: 883 | H384: 1826 | I384: 1534 | J384: 0 | K384: 6794 | L384: 1679 | M384: 9343 | N384: =SUM(B384:M384) -> 34099 | O384: 0 | P384: 0 | Q384: 10 | R384: 11 | S384: 0 | T384: 1 | U384: 6 | V384: 6 | W384: 2 | X384: 3 | Y384: 4 | Z384: 2 | AA384: =SUM(O384:Z384) -> 45 | AB384: Pay-as-you-go | AD384: 63.52 | AE384: 80.3 | AF384: 65.85 | AG384: 33.02 | AH384: 17.75 | AI384: 37.06 | AJ384: 31.22 | AK384: 0.18 | AL384: 136.15 | AM384: 33.94 | AN384: 187.04 | AO384: 686.03
A385: SUB-212766319 | B385: 0 | C385: 2665 | D385: 3064 | E385: 1877 | F385: 3049 | G385: 705 | H385: 1070 | I385: 2705 | J385: 7948 | K385: 719 | L385: 2940 | M385: 330 | N385: =SUM(B385:M385) -> 27072 | O385: 0 | P385: 0 | Q385: 1 | R385: 0 | S385: 1 | T385: 8 | U385: 0 | V385: 6 | W385: 1 | X385: 9 | Y385: 3 | Z385: 1 | AA385: =SUM(O385:Z385) -> 30 | AB385: Pay-as-you-go | AD385: 53.3 | AE385: 61.37 | AF385: 37.54 | AG385: 61.07 | AH385: 14.82 | AI385: 21.4 | AJ385: 54.64 | AK385: 159.05 | AL385: 15.19 | AM385: 59.07 | AN385: 6.69 | AO385: 544.14
A386: SUB-870929960 | B386: 0 | C386: 2637 | D386: 1487 | E386: 1139 | F386: 1836 | G386: 8356 | H386: 1158 | I386: 2445 | J386: 1735 | K386: 6676 | L386: 4455 | M386: 1366 | N386: =SUM(B386:M386) -> 33290 | O386: 0 | P386: 3 | Q386: 4 | R386: 1 | S386: 1 | T386: 2 | U386: 13 | V386: 3 | W386: 4 | X386: 1 | Y386: 5 | Z386: 0 | AA386: =SUM(O386:Z386) -> 37 | AB386: Pay-as-you-go | AD386: 53.01 | AE386: 30.1 | AF386: 22.87 | AG386: 36.81 | AH386: 167.3 | AI386: 24.33 | AJ386: 49.17 | AK386: 35.06 | AL386: 133.61 | AM386: 89.55 | AN386: 27.32 | AO386: 669.13
A387: SUB-605140762 | B387: 0 | C387: 1875 | D387: 2536 | E387: 7574 | F387: 388 | G387: 1294 | H387: 4497 | I387: 1185 | J387: 77 | K387: 431 | L387: 2248 | M387: 1289 | N387: =SUM(B387:M387) -> 23394 | O387: 0 | P387: 2 | Q387: 2 | R387: 23 | S387: 1 | T387: 1 | U387: 2 | V387: 0 | W387: 3 | X387: 6 | Y387: 3 | Z387: 3 | AA387: =SUM(O387:Z387) -> 46 | AB387: Pay-as-you-go | AD387: 37.68 | AE387: 50.9 | AF387: 153.55 | AG387: 7.85 | AH387: 25.97 | AI387: 90.12 | AJ387: 23.7 | AK387: 1.81 | AL387: 9.16 | AM387: 45.23 | AN387: 26.05 | AO387: 472.02
A388: SUB-376230082 | B388: 0 | C388: 989 | D388: 319 | E388: 7832 | F388: 761 | G388: 1745 | H388: 1115 | I388: 1495 | J388: 1166 | K388: 3626 | L388: 47 | M388: 11911 | N388: =SUM(B388:M388) -> 31006 | O388: 0 | P388: 1 | Q388: 4 | R388: 1 | S388: 5 | T388: 3 | U388: 2 | V388: 2 | W388: 1 | X388: 4 | Y388: 3 | Z388: 4 | AA388: =SUM(O388:Z388) -> 30 | AB388: Pay-as-you-go | AD388: 19.87 | AE388: 6.74 | AF388: 156.73 | AG388: 15.67 | AH388: 35.17 | AI388: 22.48 | AJ388: 30.08 | AK388: 23.41 | AL388: 72.88 | AM388: 1.21 | AN388: 238.58 | AO388: 622.82
A389: SUB-699098544 | B389: 0 | C389: 91 | D389: 1687 | E389: 6328 | F389: 2157 | G389: 5023 | H389: 2353 | I389: 1654 | J389: 12556 | K389: 2990 | L389: 95 | M389: 1649 | N389: =SUM(B389:M389) -> 36583 | O389: 0 | P389: 2 | Q389: 11 | R389: 6 | S389: 7 | T389: 10 | U389: 2 | V389: 7 | W389: 1 | X389: 3 | Y389: 3 | Z389: 15 | AA389: =SUM(O389:Z389) -> 67 | AB389: Pay-as-you-go | AD389: 2 | AE389: 34.73 | AF389: 127.1 | AG389: 43.77 | AH389: 101.36 | AI389: 47.24 | AJ389: 33.71 | AK389: 251.21 | AL389: 60.07 | AM389: 2.17 | AN389: 34.33 | AO389: 737.69
... A392: SUB-993528494 | B392: 0 | C392: 0 | D392: 37 | E392: 1076 | F392: 457 | G392: 7579 | H392: 3613 | I392: 4404 | J392: 2686 | K392: 1181 | L392: 1150 | M392: 8773 | N392: =SUM(B392:M392) -> 30956 | O392: 0 | P392: 6 | Q392: 2 | R392: 15 | S392: 1 | T392: 11 | U392: 10 | V392: 3 | W392: 6 | X392: 3 | Y392: 9 | Z392: 3 | AA392: =SUM(O392:Z392) -> 69 | AB392: Pay-as-you-go | AD392: 0.54 | AE392: 0.92 | AF392: 22.87 | AG392: 9.23 | AH392: 152.57 | AI392: 73.16 | AJ392: 88.35 | AK392: 54.26 | AL392: 23.89 | AM392: 23.81 | AN392: 175.73 | AO392: 625.33
A393: SUB-144997740 | B393: 0 | C393: 0 | D393: 0 | E393: 6904 | F393: 790 | G393: 3473 | H393: 844 | I393: 4011 | J393: 12777 | K393: 6603 | L393: 2701 | M393: 4644 | N393: =SUM(B393:M393) -> 42747 | O393: 0 | P393: 0 | Q393: 0 | R393: 13 | S393: 4 | T393: 5 | U393: 5 | V393: 0 | W393: 4 | X393: 10 | Y393: 2 | Z393: 11 | AA393: =SUM(O393:Z393) -> 54 | AB393: Pay-as-you-go | AF393: 139.25 | AG393: 16.16 | AH393: 69.91 | AI393: 17.33 | AJ393: 80.22 | AK393: 255.9 | AL393: 132.96 | AM393: 54.2 | AN393: 93.87 | AO393: 859.8
A394: SUB-202670917 | B394: 0 | C394: 0 | D394: 0 | E394: 4911 | F394: 570 | G394: 9044 | H394: 193 | I394: 3476 | J394: 0 | K394: 925 | L394: 0 | M394: 3513 | N394: =SUM(B394:M394) -> 22632 | O394: 0 | P394: 0 | Q394: 0 | R394: 5 | S394: 1 | T394: 4 | U394: 5 | V394: 9 | W394: 2 | X394: 11 | Y394: 2 | Z394: 6 | AA394: =SUM(O394:Z394) -> 45 | AB394: Pay-as-you-go | AF394: 98.67 | AG394: 11.49 | AH394: 181.24 | AI394: 4.31 | AJ394: 70.33 | AK394: 0.18 | AL394: 19.49 | AM394: 0.18 | AN394: 70.8 | AO394: 456.69
A395: SUB-249687352 | B395: 0 | C395: 0 | D395: 0 | E395: 2390 | F395: 944 | G395: 2174 | H395: 540 | I395: 2258 | J395: 2448 | K395: 704 | L395: 2227 | M395: 2035 | N395: =SUM(B395:M395) -> 15720 | O395: 0 | P395: 0 | Q395: 0 | R395: 8 | S395: 0 | T395: 4 | U395: 7 | V395: 3 | W395: 3 | X395: 4 | Y395: 9 | Z395: 7 | AA395: =SUM(O395:Z395) -> 45 | AB395: Pay-as-you-go | AF395: 48.52 | AG395: 18.88 | AH395: 43.84 | AI395: 11.43 | AJ395: 45.43 | AK395: 49.23 | AL395: 14.44 | AM395: 45.35 | AN395: 41.33 | AO395: 318.45
A396: SUB-378062748 | B396: 0 | C396: 0 | D396: 0 | E396: 8356 | F396: 4833 | G396: 0 | H396: 1009 | I396: 4054 | J396: 2168 | K396: 3291 | L396: 2060 | M396: 5197 | N396: =SUM(B396:M396) -> 30968 | O396: 0 | P396: 0 | Q396: 0 | R396: 4 | S396: 0 | T396: 6 | U396: 11 | V396: 4 | W396: 1 | X396: 2 | Y396: 10 | Z396: 2 | AA396: =SUM(O396:Z396) -> 40 | AB396: Pay-as-you-go | AF396: 167.48 | AG396: 96.66 | AH396: 0.54 | AI396: 21.17 | AJ396: 81.44 | AK396: 43.45 | AL396: 66 | AM396: 42.1 | AN396: 104.12 | AO396: 622.96
A397: SUB-426183240 | B397: 0 | C397: 0 | D397: 0 | E397: 1129 | F397: 2039 | G397: 1683 | H397: 1716 | I397: 1010 | J397: 3170 | K397: 1102 | L397: 5752 | M397: 4152 | N397: =SUM(B397:M397) -> 21753 | O397: 0 | P397: 0 | Q397: 0 | R397: 1 | S397: 4 | T397: 5 | U397: 2 | V397: 4 | W397: 15 | X397: 3 | Y397: 3 | Z397: 9 | AA397: =SUM(O397:Z397) -> 46 | AB397: Pay-as-you-go | AF397: 22.67 | AG397: 41.14 | AH397: 34.11 | AI397: 34.5 | AJ397: 20.56 | AK397: 64.75 | AL397: 22.31 | AM397: 115.31 | AN397: 83.85 | AO397: 439.2
A398: SUB-438453562 | B398: 0 | C398: 0 | D398: 6264 | E398: 6505 | F398: 2130 | G398: 760 | H398: 4664 | I398: 973 | J398: 365 | K398: 1419 | L398: 1677 | M398: 377 | N398: =SUM(B398:M398) -> 25134 | O398: 0 | P398: 0 | Q398: 3 | R398: 2 | S398: 1 | T398: 10 | U398: 4 | V398: 2 | W398: 5 | X398: 3 | Y398: 4 | Z398: 4 | AA398: =SUM(O398:Z398) -> 38 | AB398: Pay-as-you-go | AE398: 125.55 | AF398: 130.28 | AG398: 42.69 | AH398: 16.1 | AI398: 93.64 | AJ398: 19.64 | AK398: 7.75 | AL398: 28.65 | AM398: 33.9 | AN398: 7.9 | AO398: 506.1
A399: SUB-508589057 | B399: 0 | C399: 0 | D399: 0 | E399: 3891 | F399: 5361 | G399: 1022 | H399: 4342 | I399: 2254 | J399: 3238 | K399: 1622 | L399: 11063 | M399: 344 | N399: =SUM(B399:M399) -> 33137 | O399: 0 | P399: 0 | Q399: 0 | R399: 0 | S399: 4 | T399: 2 | U399: 1 | V399: 3 | W399: 2 | X399: 5 | Y399: 3 | Z399: 2 | AA399: =SUM(O399:Z399) -> 22 | AB399: Pay-as-you-go | AF399: 77.82 | AG399: 107.58 | AH399: 20.62 | AI399: 86.93 | AJ399: 45.35 | AK399: 64.94 | AL399: 32.89 | AM399: 221.53 | AN399: 7.06 | AO399: 664.72
A400: SUB-607872431 | B400: 0 | C400: 0 | D400: 1204 | E400: 556 | F400: 0 | G400: 4089 | H400: 3532 | I400: 2037 | J400: 3729 | K400: 5972 | L400: 9646 | M400: 2435 | N400: =SUM(B400:M400) -> 33200 | O400: 0 | P400: 0 | Q400: 0 | R400: 11 | S400: 0 | T400: 1 | U400: 1 | V400: 2 | W400: 0 | X400: 2 | Y400: 0 | Z400: 8 | AA400: =SUM(O400:Z400) -> 25 | AB400: Pay-as-you-go | AE400: 24.08 | AF400: 12.11 | AG400: 0 | AH400: 81.87 | AI400: 70.73 | AJ400: 40.92 | AK400: 74.58 | AL400: 119.62 | AM400: 192.92 | AN400: 49.42 | AO400: 666.25
A401: SUB-610186341 | B401: 0 | C401: 0 | D401: 4024 | E401: 0 | F401: 2676 | G401: 3991 | H401: 1951 | I401: 4008 | J401: 2367 | K401: 861 | L401: 2010 | M401: 9073 | N401: =SUM(B401:M401) -> 30961 | O401: 0 | P401: 0 | Q401: 2 | R401: 1 | S401: 1 | T401: 13 | U401: 3 | V401: 1 | W401: 9 | X401: 9 | Y401: 3 | Z401: 5 | AA401: =SUM(O401:Z401) -> 47 | AB401: Pay-as-you-go | AE401: 80.66 | AF401: 0.09 | AG401: 53.61 | AH401: 80.99 | AI401: 39.29 | AJ401: 80.25 | AK401: 48.15 | AL401: 18.03 | AM401: 40.47 | AN401: 181.91 | AO401: 623.45
A402: SUB-631958192 | B402: 0 | C402: 0 | D402: 0 | E402: 4387 | F402: 447 | G402: 0 | H402: 1157 | I402: 6324 | J402: 2613 | K402: 1697 | L402: 4725 | M402: 867 | N402: =SUM(B402:M402) -> 22217 | O402: 0 | P402: 0 | Q402: 0 | R402: 5 | S402: 9 | T402: 1 | U402: 8 | V402: 11 | W402: 8 | X402: 0 | Y402: 0 | Z402: 0 | AA402: =SUM(O402:Z402) -> 42 | AB402: Pay-as-you-go | AF402: 88.19 | AG402: 9.75 | AH402: 0.09 | AI402: 23.86 | AJ402: 127.47 | AK402: 52.98 | AL402: 33.94 | AM402: 94.5 | AN402: 17.34 | AO402: 448.12
A403: SUB-733191758 | B403: 0 | C403: 0 | D403: 815 | E403: 821 | F403: 340 | G403: 7712 | H403: 4124 | I403: 6128 | J403: 2623 | K403: 1070 | L403: 648 | M403: 1257 | N403: =SUM(B403:M403) -> 25538 | O403: 0 | P403: 0 | Q403: 2 | R403: 6 | S403: 2 | T403: 3 | U403: 3 | V403: 8 | W403: 1 | X403: 10 | Y403: 7 | Z403: 1 | AA403: =SUM(O403:Z403) -> 43 | AB403: Pay-as-you-go | AE403: 16.48 | AF403: 16.96 | AG403: 6.98 | AH403: 154.51 | AI403: 82.75 | AJ403: 123.28 | AK403: 52.55 | AL403: 22.3 | AM403: 13.59 | AN403: 25.23 | AO403: 514.63
A404: SUB-791237831 | B404: 0 | C404: 0 | D404: 256 | E404: 0 | F404: 4190 | G404: 4704 | H404: 5061 | I404: 8075 | J404: 1617 | K404: 2554 | L404: 3790 | M404: 14026 | N404: =SUM(B404:M404) -> 44273 | O404: 0 | P404: 0 | Q404: 3 | R404: 7 | S404: 4 | T404: 2 | U404: 3 | V404: 7 | W404: 4 | X404: 2 | Y404: 14 | Z404: 5 | AA404: =SUM(O404:Z404) -> 51 | AB404: Pay-as-you-go | AE404: 5.39 | AF404: 0.63 | AG404: 84.16 | AH404: 94.26 | AI404: 101.49 | AJ404: 162.13 | AK404: 32.7 | AL404: 51.26 | AM404: 77.06 | AN404: 280.97 | AO404: 890.05
A405: SUB-801402119 | B405: 0 | C405: 0 | D405: 3119 | E405: 493 | F405: 1045 | G405: 1940 | H405: 2012 | I405: 543 | J405: 11916 | K405: 1594 | L405: 1375 | M405: 0 | N405: =SUM(B405:M405) -> 24037 | O405: 0 | P405: 0 | Q405: 2 | R405: 1 | S405: 3 | T405: 6 | U405: 11 | V405: 25 | W405: 1 | X405: 3 | Y405: 8 | Z405: 3 | AA405: =SUM(O405:Z405) -> 63 | AB405: Pay-as-you-go | AE405: 62.56 | AF405: 9.95 | AG405: 21.17 | AH405: 39.34 | AI405: 41.23 | AJ405: 13.11 | AK405: 238.41 | AL405: 32.15 | AM405: 28.22 | AN405: 0.27 | AO405: 486.41
A406: SUB-865366877 | B406: 0 | C406: 0 | D406: 0 | E406: 393 | F406: 4518 | G406: 298 | H406: 3076 | I406: 3682 | J406: 939 | K406: 1806 | L406: 1376 | M406: 10466 | N406: =SUM(B406:M406) -> 26554 | O406: 0 | P406: 0 | Q406: 4 | R406: 3 | S406: 2 | T406: 5 | U406: 6 | V406: 0 | W406: 3 | X406: 1 | Y406: 2 | Z406: 1 | AA406: =SUM(O406:Z406) -> 27 | AB406: Pay-as-you-go | AE406: 0.36 | AF406: 8.13 | AG406: 90.54 | AH406: 6.41 | AI406: 62.06 | AJ406: 73.64 | AK406: 19.05 | AL406: 36.21 | AM406: 27.7 | AN406: 209.41 | AO406: 533.51
A407: SUB-912241823 | B407: 0 | C407: 0 | D407: 0 | E407: 1689 | F407: 1916 | G407: 4578 | H407: 1939 | I407: 15240 | J407: 4450 | K407: 2644 | L407: 1134 | M407: 25 | N407: =SUM(B407:M407) -> 33615 | O407: 0 | P407: 0 | Q407: 0 | R407: 3 | S407: 0 | T407: 3 | U407: 4 | V407: 11 | W407: 2 | X407: 6 | Y407: 0 | Z407: 3 | AA407: =SUM(O407:Z407) -> 32 | AB407: Pay-as-you-go | AF407: 34.05 | AG407: 38.32 | AH407: 91.83 | AI407: 39.14 | AJ407: 305.79 | AK407: 89.18 | AL407: 53.42 | AM407: 22.68 | AN407: 0.77 | AO407: 675.18
A408: SUB-927638913 | B408: 0 | C408: 0 | D408: 0 | E408: 11564 | F408: 2410 | G408: 3906 | H408: 1223 | I408: 2738 | J408: 3445 | K408: 2313 | L408: 2006 | M408: 1053 | N408: =SUM(B408:M408) -> 30658 | O408: 0 | P408: 0 | Q408: 0 | R408: 0 | S408: 2 | T408: 18 | U408: 1 | V408: 4 | W408: 5 | X408: 4 | Y408: 4 | Z408: 0 | AA408: =SUM(O408:Z408) -> 38 | AB408: Pay-as-you-go | AF408: 231.28 | AG408: 48.38 | AH408: 79.74 | AI408: 24.55 | AJ408: 55.12 | AK408: 69.35 | AL408: 46.62 | AM408: 40.48 | AN408: 21.06 | AO408: 616.58
A409: SUB-961271099 | B409: 0 | C409: 0 | D409: 0 | E409: 17078 | F409: 4295 | G409: 1361 | H409: 0 | I409: 332 | J409: 3314 | K409: 1497 | L409: 1379 | M409: 1782 | N409: =SUM(B409:M409) -> 31038 | O409: 0 | P409: 0 | Q409: 3 | R409: 4 | S409: 2 | T409: 1 | U409: 0 | V409: 8 | W409: 4 | X409: 3 | Y409: 0 | Z409: 3 | AA409: =SUM(O409:Z409) -> 28 | AB409: Pay-as-you-go | AE409: 0.27 | AF409: 341.92 | AG409: 86.08 | AH409: 27.31 | AI409: 0 | AJ409: 7.36 | AK409: 66.64 | AL409: 30.21 | AM409: 27.58 | AN409: 35.91 | AO409: 623.28

Sheet Reduced Tarrif
B1: Data (rounded up to MB) | O1: Talktime (rounded up to mins) | AC1: Billing (in euros)
A2: Customer_ID | B2: January_Data | C2: February_Data | D2: March_Data | E2: April_Data | F2: May_Data | G2: June_Data | H2: July_Data | I2: August_Data | J2: September_Data | K2: October_Data | L2: November_Data | M2: December_Data | N2: Total_Data_Usage | O2: January_Talktime | P2: February_Talktime | Q2: March_Talktime | R2: April_Talktime | S2: May_Talktime | T2: June_Talktime | U2: July_Talktime | V2: August_Talktime | W2: September_Talktime | X2: October_Talktime | Y2: November_Talktime | Z2: December_Talktime | AA2: Total_Talktime | AB2: Plan | AC2: January | AD2: February | AE2: March | AF2: April | AG2: May | AH2: June | AI2: July | AJ2: August | AK2: September | AL2: October | AM2: November | AN2: December | AO2: Total billing amount
A3: SUB-729143503 | B3: 28054 | C3: 2896 | D3: 1352 | E3: 3757 | F3: 224 | G3: 4013 | H3: 9167 | I3: 5242 | J3: 1597 | K3: 962 | L3: 0 | M3: 457 | N3: =SUM(B3:M3) -> 57721 | O3: 0 | P3: 7 | Q3: 2 | R3: 1 | S3: 2 | T3: 6 | U3: 13 | V3: 0 | W3: 10 | X3: 10 | Y3: 11 | Z3: 4 | AA3: =SUM(O3:Z3) -> 66 | AB3: Reduced rate | AC3: 290.53 | AD3: 39.3 | AE3: 23.61 | AF3: 47.61 | AG3: 12.33 | AH3: 50.42 | AI3: 102.31 | AJ3: 62.41 | AK3: 26.46 | AL3: 20.11 | AM3: 10.54 | AN3: 14.76 | AO3: 700.39
A4: SUB-327259441 | B4: 27982 | C4: 418 | D4: 853 | E4: 636 | F4: 664 | G4: 4987 | H4: 1855 | I4: 6696 | J4: 1892 | K4: 888 | L4: 744 | M4: 2698 | N4: =SUM(B4:M4) -> 50313 | O4: 4 | P4: 0 | Q4: 4 | R4: 14 | S4: 3 | T4: 1 | U4: 2 | V4: 1 | W4: 3 | X4: 1 | Y4: 7 | Z4: 2 | AA4: =SUM(O4:Z4) -> 42 | AB4: Reduced rate | AC4: 290.01 | AD4: 14.17 | AE4: 18.72 | AF4: 17.05 | AG4: 16.78 | AH4: 59.91 | AI4: 28.64 | AJ4: 77 | AK4: 29.06 | AL4: 18.92 | AM4: 17.78 | AN4: 37.07 | AO4: 625.11
A5: SUB-720199369 | B5: 24078 | C5: 2041 | D5: 698 | E5: 2977 | F5: 3285 | G5: 0 | H5: 883 | I5: 5063 | J5: 1430 | K5: 472 | L5: 2550 | M5: 348 | N5: =SUM(B5:M5) -> 43825 | O5: 4 | P5: 6 | Q5: 2 | R5: 4 | S5: 3 | T5: 3 | U5: 8 | V5: 0 | W5: 2 | X5: 9 | Y5: 1 | Z5: 5 | AA5: =SUM(O5:Z5) -> 47 | AB5: Reduced rate | AC5: 250.97 | AD5: 30.7 | AE5: 17.07 | AF5: 39.96 | AG5: 42.99 | AH5: 10.14 | AI5: 19.22 | AJ5: 60.62 | AK5: 24.39 | AL5: 15.16 | AM5: 35.54 | AN5: 13.72 | AO5: 560.48
A6: SUB-115774364 | B6: 23075 | C6: 2786 | D6: 285 | E6: 3284 | F6: 7460 | G6: 3169 | H6: 1908 | I6: 340 | J6: 2229 | K6: 2687 | L6: 1171 | M6: 7623 | N6: =SUM(B6:M6) -> 56017 | O6: 2 | P6: 1 | Q6: 5 | R6: 5 | S6: 3 | T6: 7 | U6: 8 | V6: 6 | W6: 0 | X6: 4 | Y6: 4 | Z6: 5 | AA6: =SUM(O6:Z6) -> 50 | AB6: Reduced rate | AC6: 240.84 | AD6: 37.9 | AE6: 13.09 | AF6: 43.08 | AG6: 84.74 | AH6: 42.03 | AI6: 29.47 | AJ6: 13.69 | AK6: 32.28 | AL6: 37.06 | AM6: 21.9 | AN6: 86.47 | AO6: 682.55
A7: SUB-687511952 | B7: 22980 | C7: 2123 | D7: 877 | E7: 5629 | F7: 0 | G7: 1866 | H7: 758 | I7: 9672 | J7: 2998 | K7: 7829 | L7: 1930 | M7: 1643 | N7: =SUM(B7:M7) -> 58305 | O7: 0 | P7: 1 | Q7: 3 | R7: 2 | S7: 2 | T7: 4 | U7: 2 | V7: 2 | W7: 7 | X7: 7 | Y7: 4 | Z7: 9 | AA7: =SUM(O7:Z7) -> 43 | AB7: Reduced rate | AC7: 239.79 | AD7: 31.27 | AE7: 18.91 | AF7: 66.38 | AG7: 10.09 | AH7: 28.85 | AI7: 17.67 | AJ7: 106.81 | AK7: 40.32 | AL7: 88.63 | AM7: 29.49 | AN7: 26.87 | AO7: 705.08
A8: SUB-884111294 | B8: 21173 | C8: 1524 | D8: 1486 | E8: 4194 | F8: 1957 | G8: 1902 | H8: 3120 | I8: 2240 | J8: 5878 | K8: 1649 | L8: 9275 | M8: 6060 | N8: =SUM(B8:M8) -> 60458 | O8: 4 | P8: 3 | Q8: 9 | R8: 9 | S8: 0 | T8: 8 | U8: 3 | V8: 19 | W8: 2 | X8: 19 | Y8: 5 | Z8: 2 | AA8: =SUM(O8:Z8) -> 83 | AB8: Reduced rate | AC8: 221.92 | AD8: 25.38 | AE8: 25.3 | AF8: 52.38 | AG8: 29.56 | AH8: 29.41 | AI8: 41.34 | AJ8: 33.34 | AK8: 68.87 | AL8: 27.43 | AM8: 102.99 | AN8: 70.69 | AO8: 728.61
A9: SUB-754009185 | B9: 17678 | C9: 4762 | D9: 3059 | E9: 9400 | F9: 8676 | G9: 5735 | H9: 3588 | I9: 3565 | J9: 1241 | K9: 156 | L9: 2066 | M9: 2313 | N9: =SUM(B9:M9) -> 62239 | O9: 5 | P9: 4 | Q9: 5 | R9: 6 | S9: 4 | T9: 1 | U9: 3 | V9: 5 | W9: 1 | X9: 2 | Y9: 2 | Z9: 3 | AA9: =SUM(O9:Z9) -> 41 | AB9: Reduced rate | AC9: 187.02 | AD9: 57.81 | AE9: 40.83 | AF9: 104.29 | AG9: 96.95 | AH9: 67.39 | AI9: 46.02 | AJ9: 45.89 | AK9: 22.45 | AL9: 11.65 | AM9: 30.75 | AN9: 33.27 | AO9: 744.32
A10: SUB-907933772 | B10: 17563 | C10: 1589 | D10: 1874 | E10: 12192 | F10: 3105 | G10: 1560 | H10: 4199 | I10: 256 | J10: 1707 | K10: 507 | L10: 318 | M10: 0 | N10: =SUM(B10:M10) -> 44870 | O10: 0 | P10: 1 | Q10: 4 | R10: 4 | S10: 10 | T10: 3 | U10: 12 | V10: 1 | W10: 0 | X10: 0 | Y10: 0 | Z10: 3 | AA10: =SUM(O10:Z10) -> 38 | AB10: Reduced rate | AC10: 185.62 | AD10: 25.93 | AE10: 28.93 | AF10: 132.11 | AG10: 41.54 | AH10: 25.74 | AI10: 52.58 | AJ10: 12.6 | AK10: 27.06 | AL10: 15.06 | AM10: 13.17 | AN10: 10.14 | AO10: 570.48
A11: SUB-219686190 | B11: 17311 | C11: 1601 | D11: 4072 | E11: 809 | F11: 209 | G11: 6818 | H11: 1512 | I11: 1615 | J11: 1724 | K11: 11609 | L11: 0 | M11: 5664 | N11: =SUM(B11:M11) -> 52944 | O11: 1 | P11: 2 | Q11: 6 | R11: 6 | S11: 2 | T11: 0 | U11: 3 | V11: 3 | W11: 11 | X11: 5 | Y11: 1 | Z11: 4 | AA11: =SUM(O11:Z11) -> 44 | AB11: Reduced rate | AC11: 183.15 | AD11: 26.1 | AE11: 51.01 | AF11: 18.38 | AG11: 12.18 | AH11: 78.17 | AI11: 25.26 | AJ11: 26.29 | AK11: 27.78 | AL11: 126.33 | AM11: 10.04 | AN11: 66.83 | AO11: 651.52
A12: SUB-275406642 | B12: 16753 | C12: 6127 | D12: 2973 | E12: 4474 | F12: 5775 | G12: 2389 | H12: 6407 | I12: 1415 | J12: 1244 | K12: 2318 | L12: 4557 | M12: 4307 | N12: =SUM(B12:M12) -> 58739 | O12: 7 | P12: 1 | Q12: 6 | R12: 4 | S12: 12 | T12: 1 | U12: 3 | V12: 10 | W12: 1 | X12: 13 | Y12: 4 | Z12: 2 | AA12: =SUM(O12:Z12) -> 64 | AB12: Reduced rate | AC12: 177.87 | AD12: 71.31 | AE12: 40.02 | AF12: 54.93 | AG12: 68.34 | AH12: 33.93 | AI12: 74.21 | AJ12: 24.64 | AK12: 22.48 | AL12: 33.82 | AM12: 55.76 | AN12: 53.16 | AO12: 710.47
A13: SUB-475178203 | B13: 16235 | C13: 3935 | D13: 5728 | E13: 0 | F13: 7943 | G13: 11274 | H13: 2246 | I13: 5507 | J13: 2620 | K13: 632 | L13: 6970 | M13: 3443 | N13: =SUM(B13:M13) -> 66533 | O13: 1 | P13: 4 | Q13: 0 | R13: 11 | S13: 7 | T13: 6 | U13: 2 | V13: 8 | W13: 8 | X13: 6 | Y13: 2 | Z13: 5 | AA13: =SUM(O13:Z13) -> 60 | AB13: Reduced rate | AC13: 172.39 | AD13: 49.54 | AE13: 67.27 | AF13: 10.54 | AG13: 89.77 | AH13: 123.03 | AI13: 32.55 | AJ13: 65.46 | AK13: 36.59 | AL13: 16.61 | AM13: 79.79 | AN13: 44.67 | AO13: 788.21
A14: SUB-384428935 | B14: 16202 | C14: 1977 | D14: 1335 | E14: 6881 | F14: 2099 | G14: 1614 | H14: 1942 | I14: 3511 | J14: 0 | K14: 1531 | L14: 2423 | M14: 1135 | N14: =SUM(B14:M14) -> 40650 | O14: 3 | P14: 21 | Q14: 0 | R14: 3 | S14: 12 | T14: 1 | U14: 15 | V14: 12 | W14: 9 | X14: 3 | Y14: 6 | Z14: 7 | AA14: =SUM(O14:Z14) -> 92 | AB14: Reduced rate | AC14: 172.16 | AD14: 30.81 | AE14: 23.34 | AF14: 78.95 | AG14: 31.58 | AH14: 26.18 | AI14: 30.16 | AJ14: 45.7 | AK14: 10.44 | AL14: 25.45 | AM14: 34.52 | AN14: 21.69 | AO14: 530.98
... A595: SUB-954126260 | B595: 0 | C595: 0 | D595: 4652 | E595: 4346 | F595: 10326 | G595: 1718 | H595: 6680 | I595: 8285 | J595: 3295 | K595: 4550 | L595: 1444 | M595: 1416 | N595: =SUM(B595:M595) -> 46712 | O595: 0 | P595: 0 | Q595: 0 | R595: 3 | S595: 1 | T595: 17 | U595: 2 | V595: 8 | W595: 3 | X595: 5 | Y595: 4 | Z595: 3 | AA595: =SUM(O595:Z595) -> 46 | AB595: Reduced rate | AC595: 9.99 | AD595: 9.99 | AE595: 56.51 | AF595: 53.6 | AG595: 113.3 | AH595: 28.02 | AI595: 76.89 | AJ595: 93.24 | AK595: 43.09 | AL595: 55.74 | AM595: 24.63 | AN595: 24.3 | AO595: 589.3

Sheet Revenue Analysis
A1: Total Revenue | B1: =SUM(Combined_Data!AO3:AO1002) -> 629316.31
A2: Total Revenue Pay as you go | B2: =SUM('Pay as you go'!AO3:AO409) -> 270951.38
A3: Total Revenue Reduced rate | B3: =SUM('Reduced Tarrif'!AO3:AO595) -> 358364.93
A6: Pay as you go Revenue | B6: =SUM('Pay as you go'!AO3:AO409) -> 270951.38
A7: Total Revenue from data | B7: =SUM('Pay as you go'!N3:N409)*0.02 -> 269052.56
A8: Total Revenue from talktime | B8: =SUM('Pay as you go'!AA3:AA409)*0.09 -> 1898.82
A11: Reduced Tarrif Revenue | B11: =SUM('Reduced Tarrif'!AO3:AO595) -> 358364.93
A12: Total Revenue from data | B12: =SUM('Reduced Tarrif'!N3:N595)*0.01 -> 285677.14
A13: Total Revenue from talktime | B13: =SUM('Reduced Tarrif'!AA3:AA595)*0.05 -> 1598.95
A15: Total revenue from data | B15: =SUM(B7,B12) -> 554729.7 | C15: =B15/B1 -> 0.88147993 | D15: of total revenue
A16: Total Revenue from calling | B16: =SUM(B8,B13) -> 3497.77 | C16: =B16/B1 -> 0.0055580476 | D16: of total revenue
A18: Impact of 9.99 monthly rate for the reduced tarrif on revenue | D18: =B1-B15-B16 -> 71088.84 | E18: =D18/B1 -> 0.11296202

Sheet Statistical Analysis
A1: Customer_ID | B1: January | C1: February | D1: March | E1: April | F1: May | G1: June | H1: July | I1: August | J1: September | K1: October | L1: November | M1: December | N1: Total cost Median | AE1: Alle Einnahmen
A2: SUB-729143503 | B2: 290.53 | C2: 39.3 | D2: 23.61 | E2: 47.61 | F2: 12.33 | G2: 50.42 | H2: 102.31 | I2: 62.41 | J2: 26.46 | K2: 20.11 | L2: 10.54 | M2: 14.76 | N2: =MEDIAN(B2:M2) -> 32.88 | AE2: 290.53
A3: SUB-327259441 | B3: 290.01 | C3: 14.17 | D3: 18.72 | E3: 17.05 | F3: 16.78 | G3: 59.91 | H3: 28.64 | I3: 77 | J3: 29.06 | K3: 18.92 | L3: 17.78 | M3: 37.07 | N3: =MEDIAN(B3:M3) -> 23.78 | AE3: 290.01
A4: SUB-720199369 | B4: 250.97 | C4: 30.7 | D4: 17.07 | E4: 39.96 | F4: 42.99 | G4: 10.14 | H4: 19.22 | I4: 60.62 | J4: 24.39 | K4: 15.16 | L4: 35.54 | M4: 13.72 | N4: =MEDIAN(B4:M4) -> 27.545 | AE4: 250.97
A5: SUB-115774364 | B5: 240.84 | C5: 37.9 | D5: 13.09 | E5: 43.08 | F5: 84.74 | G5: 42.03 | H5: 29.47 | I5: 13.69 | J5: 32.28 | K5: 37.06 | L5: 21.9 | M5: 86.47 | N5: =MEDIAN(B5:M5) -> 37.48 | AE5: 240.84
A6: SUB-687511952 | B6: 239.79 | C6: 31.27 | D6: 18.91 | E6: 66.38 | F6: 10.09 | G6: 28.85 | H6: 17.67 | I6: 106.81 | J6: 40.32 | K6: 88.63 | L6: 29.49 | M6: 26.87 | N6: =MEDIAN(B6:M6) -> 30.38 | AE6: 239.79
A7: SUB-884111294 | B7: 221.92 | C7: 25.38 | D7: 25.3 | E7: 52.38 | F7: 29.56 | G7: 29.41 | H7: 41.34 | I7: 33.34 | J7: 68.87 | K7: 27.43 | L7: 102.99 | M7: 70.69 | N7: =MEDIAN(B7:M7) -> 37.34 | AE7: 221.92
A8: SUB-754009185 | B8: 187.02 | C8: 57.81 | D8: 40.83 | E8: 104.29 | F8: 96.95 | G8: 67.39 | H8: 46.02 | I8: 45.89 | J8: 22.45 | K8: 11.65 | L8: 30.75 | M8: 33.27 | N8: =MEDIAN(B8:M8) -> 45.955 | AE8: 187.02
A9: SUB-907933772 | B9: 185.62 | C9: 25.93 | D9: 28.93 | E9: 132.11 | F9: 41.54 | G9: 25.74 | H9: 52.58 | I9: 12.6 | J9: 27.06 | K9: 15.06 | L9: 13.17 | M9: 10.14 | N9: =MEDIAN(B9:M9) -> 26.495 | AE9: 185.62
A10: SUB-219686190 | B10: 183.15 | C10: 26.1 | D10: 51.01 | E10: 18.38 | F10: 12.18 | G10: 78.17 | H10: 25.26 | I10: 26.29 | J10: 27.78 | K10: 126.33 | L10: 10.04 | M10: 66.83 | N10: =MEDIAN(B10:M10) -> 27.035 | AE10: 183.15
A11: SUB-275406642 | B11: 177.87 | C11: 71.31 | D11: 40.02 | E11: 54.93 | F11: 68.34 | G11: 33.93 | H11: 74.21 | I11: 24.64 | J11: 22.48 | K11: 33.82 | L11: 55.76 | M11: 53.16 | N11: =MEDIAN(B11:M11) -> 54.045 | AE11: 177.87
A12: SUB-475178203 | B12: 172.39 | C12: 49.54 | D12: 67.27 | E12: 10.54 | F12: 89.77 | G12: 123.03 | H12: 32.55 | I12: 65.46 | J12: 36.59 | K12: 16.61 | L12: 79.79 | M12: 44.67 | N12: =MEDIAN(B12:M12) -> 57.5 | AE12: 172.39
A13: SUB-384428935 | B13: 172.16 | C13: 30.81 | D13: 23.34 | E13: 78.95 | F13: 31.58 | G13: 26.18 | H13: 30.16 | I13: 45.7 | J13: 10.44 | K13: 25.45 | L13: 34.52 | M13: 21.69 | N13: =MEDIAN(B13:M13) -> 30.485 | AE13: 172.16
... A71: SUB-745978885 | B71: 104.12 | C71: 49.3 | D71: 83.05 | E71: 28.3 | F71: 80.89 | G71: 32.39 | H71: 23.42 | I71: 97.35 | J71: 10.09 | K71: 111.77 | L71: 28.09 | M71: 194.69 | N71: =MEDIAN(B71:M71) -> 65.095 | AE71: 104.12
A72: SUB-894591608 | B72: 103.34 | C72: 48.31 | D72: 53.94 | E72: 28.91 | F72: 47.62 | G72: 34.68 | H72: 81.85 | I72: 27.11 | J72: 30.86 | K72: 27.42 | L72: 60.25 | M72: 113.66 | N72: =MEDIAN(B72:M72) -> 47.965 | R72: Start point for top 10% of all monthly bills | S72: =PERCENTILE(AE2:AE12001, 0.9) -> 111.822 | AE72: 103.34
A73: SUB-440630499 | B73: 102.27 | C73: 9.99 | D73: 53.43 | E73: 28.39 | F73: 24.97 | G73: 42.72 | H73: 61.1 | I73: 31.31 | J73: 9.99 | K73: 92.49 | L73: 50.11 | M73: 26.96 | N73: =MEDIAN(B73:M73) -> 37.015 | R73: Maximum monthly bill | S73: =PERCENTILE(AE2:AE12001, 1) -> 565.79 | AE73: 102.27
A74: SUB-646702929 | B74: 102.11 | C74: 26.53 | D74: 161.74 | E74: 46.7 | F74: 17.4 | G74: 18.71 | H74: 60.51 | I74: 19.08 | J74: 28.86 | K74: 17.38 | L74: 36.92 | M74: 67.1 | N74: =MEDIAN(B74:M74) -> 32.89 | AE74: 102.11
A75: SUB-774198671 | B75: 101.48 | C75: 43.99 | D75: 10.09 | E75: 33.07 | F75: 25.81 | G75: 67.34 | H75: 141.08 | I75: 32.77 | J75: 28.69 | K75: 22.33 | L75: 24.56 | M75: 64.36 | N75: =MEDIAN(B75:M75) -> 32.92 | AE75: 101.48
A76: SUB-178252773 | B76: 182.07 | C76: 181.83 | D76: 167.41 | E76: 74.94 | F76: 34.81 | G76: 16.22 | H76: 20.79 | I76: 19.74 | J76: 41.59 | K76: 360.93 | L76: 37.96 | M76: 54.04 | N76: =MEDIAN(B76:M76) -> 47.815 | AE76: 182.07
A77: SUB-661631925 | B77: 100.56 | C77: 87.66 | D77: 204.59 | E77: 12.1 | F77: 22.49 | G77: 49.07 | H77: 66.77 | I77: 41.18 | J77: 20.51 | K77: 83.04 | L77: 127.9 | M77: 36.52 | N77: =MEDIAN(B77:M77) -> 57.92 | AE77: 100.56
A78: SUB-294881232 | B78: 100.92 | C78: 39.34 | D78: 17.16 | E78: 52.79 | F78: 36.67 | G78: 132.28 | H78: 79.47 | I78: 10.29 | J78: 63.41 | K78: 31.38 | L78: 10.29 | M78: 48.83 | N78: =MEDIAN(B78:M78) -> 44.085 | AE78: 100.92
A79: SUB-594724438 | B79: 100.27 | C79: 23.2 | D79: 28.56 | E79: 139.45 | F79: 77.18 | G79: 21.81 | H79: 43.49 | I79: 66.35 | J79: 59.07 | K79: 54.47 | L79: 37.05 | M79: 23.17 | N79: =MEDIAN(B79:M79) -> 48.98 | AE79: 100.27
A80: SUB-767619642 | B80: 99.8 | C80: 53.52 | D80: 109.08 | E80: 21.73 | F80: 40.2 | G80: 194.05 | H80: 45.79 | I80: 94.02 | J80: 16.8 | K80: 79.48 | L80: 59.21 | M80: 14.08 | N80: =MEDIAN(B80:M80) -> 56.365 | AE80: 99.8
A81: SUB-225496767 | B81: 176.02 | C81: 11.4 | D81: 134.11 | E81: 10.32 | F81: 5.21 | G81: 29.6 | H81: 35.78 | I81: 89.2 | J81: 27.64 | K81: 38.18 | L81: 0.18 | M81: 119.93 | N81: =MEDIAN(B81:M81) -> 32.69 | AE81: 176.02
A82: SUB-919749227 | B82: 97.31 | C82: 99.66 | D82: 10.24 | E82: 46.48 | F82: 17.69 | G82: 40.3 | H82: 61.38 | I82: 33.34 | J82: 88.36 | K82: 68.87 | L82: 20.49 | M82: 42.2 | N82: =MEDIAN(B82:M82) -> 44.34 | AE82: 97.31
A83: SUB-701278298 | B83: 96.98 | C83: 20.64 | D83: 10.04 | E83: 41.01 | F83: 74.5 | G83: 40.95 | H83: 131.93 | I83: 72.3 | J83: 52.91 | K83: 21.88 | L83: 22.53 | M83: 57.11 | N83: =MEDIAN(B83:M83) -> 46.96 | AE83: 96.98
A84: SUB-191427278 | B84: 95.89 | C84: 26.23 | D84: 41.55 | E84: 50.73 | F84: 55.19 | G84: 41.72 | H84: 10.04 | I84: 21.23 | J84: 18.9 | K84: 81.43 | L84: 83.5 | M84: 11.48 | N84: =MEDIAN(B84:M84) -> 41.635 | AE84: 95.89
A85: SUB-229501772 | B85: 94.59 | C85: 46.2 | D85: 34.27 | E85: 60.09 | F85: 31.32 | G85: 9.99 | H85: 27.99 | I85: 19.23 | J85: 33.72 | K85: 114.06 | L85: 63.63 | M85: 117.81 | N85: =MEDIAN(B85:M85) -> 40.235 | AE85: 94.59
... A892: SUB-794177654 | B892: 0.47 | C892: 77.35 | D892: 43.76 | E892: 69.76 | F892: 91.83 | G892: 91.91 | H892: 70.55 | I892: 66.98 | J892: 16.03 | K892: 18.28 | L892: 64.91 | M892: 45.18 | N892: =MEDIAN(B892:M892) -> 65.945 | AE892: 0.47
A893: SUB-928511911 | C893: 259.24 | D893: 126.95 | E893: 0.45 | F893: 565.79 | G893: 58.8 | H893: 126.92 | I893: 4.7 | J893: 28.91 | K893: 96.14 | L893: 5.92 | M893: 44.89 | N893: =MEDIAN(B893:M893) -> 58.8
A894: SUB-414114481 | B894: 0.27 | C894: 170.63 | D894: 214.07 | E894: 337.61 | F894: 137.71 | G894: 12.51 | H894: 95.06 | I894: 10.34 | J894: 155.36 | K894: 21.13 | L894: 10.63 | M894: 170.76 | N894: =MEDIAN(B894:M894) -> 116.385 | AE894: 0.27
A895: SUB-996400695 | C895: 135.77 | D895: 35.41 | E895: 27.23 | F895: 64.95 | G895: 42.53 | H895: 68.15 | I895: 64.88 | J895: 82.79 | K895: 126.78 | L895: 17.74 | M895: 38.38 | N895: =MEDIAN(B895:M895) -> 64.88
A896: SUB-137805061 | C896: 109.79 | D896: 0.99 | E896: 25 | F896: 78.02 | G896: 78.82 | H896: 101.47 | I896: 57.54 | J896: 54.5 | K896: 175.35 | L896: 47.28 | M896: 0.15 | N896: =MEDIAN(B896:M896) -> 57.54
A897: SUB-474945743 | B897: 0.63 | C897: 101.78 | D897: 61.4 | E897: 93.47 | F897: 7.83 | G897: 225.58 | H897: 0.72 | I897: 33.89 | J897: 66.16 | K897: 0 | L897: 6.84 | M897: 11.28 | N897: =MEDIAN(B897:M897) -> 22.585 | AE897: 0.63
A898: SUB-320112847 | B898: 0.09 | C898: 100.3 | D898: 15.07 | E898: 68.07 | F898: 14.83 | G898: 47.56 | H898: 129.52 | I898: 109.2 | J898: 18.36 | K898: 56.16 | L898: 54.4 | M898: 18.64 | N898: =MEDIAN(B898:M898) -> 50.98 | AE898: 0.09
A899: SUB-309284306 | B899: 0.36 | C899: 96.82 | D899: 49.31 | E899: 0.27 | F899: 106.71 | G899: 99.57 | H899: 28.47 | I899: 11.27 | J899: 28.85 | K899: 56.25 | L899: 149.42 | M899: 32.72 | N899: =MEDIAN(B899:M899) -> 41.015 | AE899: 0.36
A900: SUB-314510883 | B900: 0.18 | C900: 92.78 | D900: 38.19 | E900: 0.27 | F900: 29.26 | G900: 0 | H900: 110.57 | I900: 95.9 | J900: 152.33 | K900: 49.84 | L900: 17.37 | M900: 7.06 | N900: =MEDIAN(B900:M900) -> 33.725 | AE900: 0.18
A901: SUB-890910481 | B901: 0.63 | C901: 92.66 | D901: 66.58 | E901: 64.94 | F901: 24.53 | G901: 4.56 | H901: 109.59 | I901: 142.54 | J901: 40.76 | K901: 19.62 | L901: 0.18 | M901: 99.05 | N901: =MEDIAN(B901:M901) -> 52.85 | AE901: 0.63
A902: SUB-122771504 | B902: 0.81 | C902: 73.57 | D902: 168.24 | E902: 9.28 | F902: 32.77 | G902: 111.31 | H902: 36.08 | I902: 0 | J902: 24.7 | K902: 28.83 | L902: 141.11 | M902: 56.62 | N902: =MEDIAN(B902:M902) -> 34.425 | AE902: 0.81
A903: SUB-907081959 | B903: 0.81 | C903: 73.35 | D903: 65.05 | E903: 156.56 | F903: 1.02 | G903: 33.32 | H903: 12.78 | I903: 233.39 | J903: 27.43 | K903: 6.81 | L903: 49.55 | M903: 49.6 | N903: =MEDIAN(B903:M903) -> 41.435 | AE903: 0.81
A904: SUB-207733458 | B904: 0.36 | C904: 69.09 | D904: 63.99 | E904: 18.97 | F904: 121.01 | G904: 2.96 | H904: 108.5 | I904: 16.42 | J904: 83.09 | K904: 19.88 | L904: 12 | M904: 97.28 | N904: =MEDIAN(B904:M904) -> 41.935 | AE904: 0.36
A905: SUB-742447206 | B905: 0.63 | C905: 68.09 | D905: 43.53 | E905: 117.82 | F905: 61.95 | G905: 140.57 | H905: 13.61 | I905: 63.87 | J905: 19.8 | K905: 33.13 | L905: 156.73 | M905: 27.47 | N905: =MEDIAN(B905:M905) -> 52.74 | AE905: 0.63
A906: SUB-425606111 | B906: 0.45 | C906: 64.21 | D906: 163.97 | E906: 10.43 | F906: 47.54 | G906: 105.57 | H906: 13.01 | I906: 0.45 | J906: 50.66 | K906: 102.22 | L906: 3.58 | M906: 122.71 | N906: =MEDIAN(B906:M906) -> 49.1 | AE906: 0.45
A907: SUB-545952317 | B907: 0.9 | C907: 55.45 | D907: 40.89 | E907: 39.15 | F907: 104.35 | G907: 30.21 | H907: 146.57 | I907: 0.36 | J907: 35.48 | K907: 87.65 | L907: 48.64 | M907: 0.99 | N907: =MEDIAN(B907:M907) -> 40.02 | AE907: 0.9
A908: SUB-921245657 | B908: 1.08 | C908: 50.2 | D908: 25.59 | E908: 57.96 | F908: 1.08 | G908: 69.19 | H908: 85.49 | I908: 35.99 | J908: 26 | K908: 0.09 | L908: 8.18 | M908: 45.82 | N908: =MEDIAN(B908:M908) -> 30.995 | AE908: 1.08
... A948: SUB-984807958 | B948: 10.09 | C948: 67.84 | D948: 69.62 | E948: 59.4 | F948: 14.32 | G948: 52.47 | H948: 23.5 | I948: 30.53 | J948: 17.59 | K948: 104.08 | L948: 19.47 | M948: 39.76 | N948: =MEDIAN(B948:M948) -> 35.145 | AE948: 10.09
A949: SUB-538425944 | C949: 110.1 | D949: 51.42 | E949: 65 | F949: 19.8 | G949: 101.98 | H949: 0.27 | I949: 11.88 | J949: 81.17 | K949: 162.45 | L949: 6.61 | M949: 73.44 | N949: =MEDIAN(B949:M949) -> 65
A950: SUB-460053662 | C950: 104.27 | D950: 27.12 | E950: 47.53 | F950: 44.84 | G950: 59.67 | H950: 8.13 | I950: 16.17 | J950: 71.24 | K950: 50.02 | L950: 66.38 | M950: 68.15 | N950: =MEDIAN(B950:M950) -> 50.02
A951: SUB-719844185 | C951: 100.48 | D951: 64.5 | E951: 3.2 | F951: 22.85 | G951: 89.17 | H951: 13 | I951: 11.25 | J951: 47.72 | K951: 132.63 | L951: 22.56 | M951: 14.68 | N951: =MEDIAN(B951:M951) -> 22.85
A952: SUB-571036263 | C952: 83.71 | D952: 47.22 | E952: 21.61 | F952: 31.11 | G952: 29.16 | H952: 13.69 | I952: 103.51 | J952: 85.4 | K952: 36.52 | L952: 47.8 | M952: 38.35 | N952: =MEDIAN(B952:M952) -> 38.35
A953: SUB-720331552 | C953: 80.55 | D953: 125.23 | E953: 45.71 | F953: 34.36 | G953: 8.15 | H953: 109.49 | I953: 12.03 | J953: 44.26 | K953: 21.23 | L953: 63.86 | M953: 91.25 | N953: =MEDIAN(B953:M953) -> 45.71
A954: SUB-653039003 | C954: 63.98 | D954: 0.18 | E954: 2.35 | F954: 46.83 | G954: 19.93 | H954: 127.19 | I954: 33.32 | J954: 288.02 | K954: 91.39 | L954: 0.09 | M954: 30.24 | N954: =MEDIAN(B954:M954) -> 33.32
A955: SUB-975460557 | C955: 63.52 | D955: 80.3 | E955: 65.85 | F955: 33.02 | G955: 17.75 | H955: 37.06 | I955: 31.22 | J955: 0.18 | K955: 136.15 | L955: 33.94 | M955: 187.04 | N955: =MEDIAN(B955:M955) -> 37.06
A956: SUB-212766319 | C956: 53.3 | D956: 61.37 | E956: 37.54 | F956: 61.07 | G956: 14.82 | H956: 21.4 | I956: 54.64 | J956: 159.05 | K956: 15.19 | L956: 59.07 | M956: 6.69 | N956: =MEDIAN(B956:M956) -> 53.3
A957: SUB-870929960 | C957: 53.01 | D957: 30.1 | E957: 22.87 | F957: 36.81 | G957: 167.3 | H957: 24.33 | I957: 49.17 | J957: 35.06 | K957: 133.61 | L957: 89.55 | M957: 27.32 | N957: =MEDIAN(B957:M957) -> 36.81
A958: SUB-605140762 | C958: 37.68 | D958: 50.9 | E958: 153.55 | F958: 7.85 | G958: 25.97 | H958: 90.12 | I958: 23.7 | J958: 1.81 | K958: 9.16 | L958: 45.23 | M958: 26.05 | N958: =MEDIAN(B958:M958) -> 26.05
A959: SUB-162918606 | B959: 9.99 | C959: 97.69 | D959: 56.15 | E959: 21.1 | F959: 53.96 | G959: 57.82 | H959: 88.67 | I959: 15.3 | J959: 178.94 | K959: 22.21 | L959: 48.83 | M959: 47.31 | N959: =MEDIAN(B959:M959) -> 51.395 | AE959: 9.99
A960: SUB-376230082 | C960: 19.87 | D960: 6.74 | E960: 156.73 | F960: 15.67 | G960: 35.17 | H960: 22.48 | I960: 30.08 | J960: 23.41 | K960: 72.88 | L960: 1.21 | M960: 238.58 | N960: =MEDIAN(B960:M960) -> 23.41
A961: SUB-699098544 | C961: 2 | D961: 34.73 | E961: 127.1 | F961: 43.77 | G961: 101.36 | H961: 47.24 | I961: 33.71 | J961: 251.21 | K961: 60.07 | L961: 2.17 | M961: 34.33 | N961: =MEDIAN(B961:M961) -> 43.77
A962: SUB-369268820 | C962: 1.4 | D962: 10.19 | E962: 50.52 | F962: 36.25 | G962: 42.18 | H962: 68.28 | I962: 75.18 | J962: 9.57 | K962: 98.23 | L962: 0.09 | M962: 11.56 | N962: =MEDIAN(B962:M962) -> 36.25
A963: SUB-638705243 | C963: 0.27 | D963: 29.02 | E963: 199.32 | F963: 28.14 | G963: 60.03 | H963: 11.88 | I963: 7.91 | J963: 33 | K963: 59.7 | L963: 174.48 | M963: 36.95 | N963: =MEDIAN(B963:M963) -> 33
A964: SUB-173504200 | B964: 9.99 | C964: 50.47 | D964: 33.22 | E964: 67.75 | F964: 56.42 | G964: 87.53 | H964: 83.32 | I964: 32.43 | J964: 20.75 | K964: 53.49 | L964: 80.16 | M964: 10.59 | N964: =MEDIAN(B964:M964) -> 51.98 | AE964: 9.99
A965: SUB-993528494 | C965: 0.54 | D965: 0.92 | E965: 22.87 | F965: 9.23 | G965: 152.57 | H965: 73.16 | I965: 88.35 | J965: 54.26 | K965: 23.89 | L965: 23.81 | M965: 175.73 | N965: =MEDIAN(B965:M965) -> 23.89
A966: SUB-237756053 | B966: 9.99 | C966: 10.24 | D966: 10.34 | E966: 46.22 | F966: 136.84 | G966: 76.33 | H966: 20.65 | I966: 22.34 | J966: 40.89 | K966: 64.3 | L966: 25.13 | M966: 22.5 | N966: =MEDIAN(B966:M966) -> 23.815 | AE966: 9.99
A967: SUB-311733132 | B967: 9.99 | C967: 9.99 | D967: 9.99 | E967: 108.14 | F967: 69.83 | G967: 118.91 | H967: 25.32 | I967: 71.77 | J967: 33.83 | K967: 24.03 | L967: 54.48 | M967: 58.58 | N967: =MEDIAN(B967:M967) -> 44.155 | AE967: 9.99
A968: SUB-345750604 | B968: 9.99 | C968: 52.31 | D968: 30.77 | E968: 27.02 | F968: 30.33 | G968: 19.49 | H968: 73.74 | I968: 48.22 | J968: 47.16 | K968: 19.43 | L968: 127.71 | M968: 40.89 | N968: =MEDIAN(B968:M968) -> 35.83 | AE968: 9.99
A969: SUB-144997740 | E969: 139.25 | F969: 16.16 | G969: 69.91 | H969: 17.33 | I969: 80.22 | J969: 255.9 | K969: 132.96 | L969: 54.2 | M969: 93.87 | N969: =MEDIAN(B969:M969) -> 80.22
A970: SUB-373082538 | B970: 9.99 | C970: 143.41 | D970: 29 | E970: 18.31 | F970: 33.59 | G970: 11.93 | H970: 15.44 | I970: 56.95 | J970: 62.69 | K970: 38.93 | L970: 46.26 | M970: 41.59 | N970: =MEDIAN(B970:M970) -> 36.26 | AE970: 9.99
A971: SUB-385309023 | B971: 9.99 | C971: 54.57 | D971: 124.2 | E971: 50.43 | F971: 82.96 | G971: 46.47 | H971: 36.29 | I971: 13.86 | J971: 13.2 | K971: 43.19 | L971: 25.47 | M971: 71.97 | N971: =MEDIAN(B971:M971) -> 44.83 | AE971: 9.99
A972: SUB-402214203 | B972: 9.99 | C972: 81.7 | D972: 86.75 | E972: 33.81 | F972: 10.09 | G972: 17.81 | H972: 14.01 | I972: 17.54 | J972: 93.51 | K972: 157.49 | L972: 68.71 | M972: 62.83 | N972: =MEDIAN(B972:M972) -> 48.32 | AE972: 9.99
A973: SUB-202670917 | E973: 98.67 | F973: 11.49 | G973: 181.24 | H973: 4.31 | I973: 70.33 | J973: 0.18 | K973: 19.49 | L973: 0.18 | M973: 70.8 | N973: =MEDIAN(B973:M973) -> 19.49
A974: SUB-249687352 | E974: 48.52 | F974: 18.88 | G974: 43.84 | H974: 11.43 | I974: 45.43 | J974: 49.23 | K974: 14.44 | L974: 45.35 | M974: 41.33 | N974: =MEDIAN(B974:M974) -> 43.84
A975: SUB-460252473 | B975: 9.99 | C975: 41.62 | D975: 56.08 | E975: 144.77 | F975: 27.5 | G975: 61.94 | H975: 25.24 | I975: 79.49 | J975: 79.7 | K975: 91.49 | L975: 10.09 | M975: 15.39 | N975: =MEDIAN(B975:M975) -> 48.85 | AE975: 9.99
A976: SUB-378062748 | E976: 167.48 | F976: 96.66 | G976: 0.54 | H976: 21.17 | I976: 81.44 | J976: 43.45 | K976: 66 | L976: 42.1 | M976: 104.12 | N976: =MEDIAN(B976:M976) -> 66
A977: SUB-472333112 | B977: 9.99 | C977: 9.99 | D977: 9.99 | E977: 77.75 | F977: 90.38 | G977: 22.93 | H977: 23.74 | I977: 38.44 | J977: 129.55 | K977: 32.01 | L977: 87.65 | M977: 35.56 | N977: =MEDIAN(B977:M977) -> 33.785 | AE977: 9.99
A978: SUB-426183240 | E978: 22.67 | F978: 41.14 | G978: 34.11 | H978: 34.5 | I978: 20.56 | J978: 64.75 | K978: 22.31 | L978: 115.31 | M978: 83.85 | N978: =MEDIAN(B978:M978) -> 34.5
A979: SUB-602653752 | B979: 9.99 | C979: 9.99 | D979: 9.99 | E979: 64.7 | F979: 77.13 | G979: 79.51 | H979: 37.3 | I979: 33.42 | J979: 10.24 | K979: 108.07 | L979: 12.44 | M979: 67.26 | N979: =MEDIAN(B979:M979) -> 35.36 | AE979: 9.99
A980: SUB-438453562 | D980: 125.55 | E980: 130.28 | F980: 42.69 | G980: 16.1 | H980: 93.64 | I980: 19.64 | J980: 7.75 | K980: 28.65 | L980: 33.9 | M980: 7.9 | N980: =MEDIAN(B980:M980) -> 31.275
A981: SUB-606554691 | B981: 9.99 | C981: 9.99 | D981: 142.63 | E981: 28.47 | F981: 123.8 | G981: 37.97 | H981: 31.89 | I981: 66.89 | J981: 65.2 | K981: 39.85 | L981: 26.38 | M981: 57.33 | N981: =MEDIAN(B981:M981) -> 38.91 | AE981: 9.99
A982: SUB-623596001 | B982: 9.99 | C982: 9.99 | D982: 116.97 | E982: 37.32 | F982: 126.4 | G982: 117.84 | H982: 96.66 | I982: 90.71 | J982: 85.58 | K982: 69.04 | L982: 49.91 | M982: 10.24 | N982: =MEDIAN(B982:M982) -> 77.31 | AE982: 9.99
A983: SUB-508589057 | E983: 77.82 | F983: 107.58 | G983: 20.62 | H983: 86.93 | I983: 45.35 | J983: 64.94 | K983: 32.89 | L983: 221.53 | M983: 7.06 | N983: =MEDIAN(B983:M983) -> 64.94
A984: SUB-638553771 | B984: 9.99 | C984: 51.52 | D984: 41.37 | E984: 23.25 | F984: 49.99 | G984: 27.47 | H984: 77.25 | I984: 50.14 | J984: 38.69 | K984: 93.4 | L984: 81.58 | M984: 44.38 | N984: =MEDIAN(B984:M984) -> 47.185 | AE984: 9.99
A985: SUB-607872431 | D985: 24.08 | E985: 12.11 | F985: 0 | G985: 81.87 | H985: 70.73 | I985: 40.92 | J985: 74.58 | K985: 119.62 | L985: 192.92 | M985: 49.42 | N985: =MEDIAN(B985:M985) -> 60.075
A986: SUB-610186341 | D986: 80.66 | E986: 0.09 | F986: 53.61 | G986: 80.99 | H986: 39.29 | I986: 80.25 | J986: 48.15 | K986: 18.03 | L986: 40.47 | M986: 181.91 | N986: =MEDIAN(B986:M986) -> 50.88
A987: SUB-631958192 | E987: 88.19 | F987: 9.75 | G987: 0.09 | H987: 23.86 | I987: 127.47 | J987: 52.98 | K987: 33.94 | L987: 94.5 | M987: 17.34 | N987: =MEDIAN(B987:M987) -> 33.94
A988: SUB-653128956 | B988: 9.99 | C988: 91.74 | D988: 14.42 | E988: 28.82 | F988: 21.11 | G988: 25.82 | H988: 97.68 | I988: 68.34 | J988: 52.75 | K988: 46.87 | L988: 94.68 | M988: 27.61 | N988: =MEDIAN(B988:M988) -> 37.845 | AE988: 9.99
A989: SUB-680490196 | B989: 9.99 | C989: 9.99 | D989: 46.86 | E989: 48.34 | F989: 35.32 | G989: 19.45 | H989: 24.96 | I989: 85.56 | J989: 70.6 | K989: 120.41 | L989: 26.25 | M989: 24.63 | N989: =MEDIAN(B989:M989) -> 30.785 | AE989: 9.99
A990: SUB-733191758 | D990: 16.48 | E990: 16.96 | F990: 6.98 | G990: 154.51 | H990: 82.75 | I990: 123.28 | J990: 52.55 | K990: 22.3 | L990: 13.59 | M990: 25.23 | N990: =MEDIAN(B990:M990) -> 23.765
A991: SUB-791237831 | D991: 5.39 | E991: 0.63 | F991: 84.16 | G991: 94.26 | H991: 101.49 | I991: 162.13 | J991: 32.7 | K991: 51.26 | L991: 77.06 | M991: 280.97 | N991: =MEDIAN(B991:M991) -> 80.61
A992: SUB-736720302 | B992: 9.99 | C992: 9.99 | D992: 79.51 | E992: 53.32 | F992: 124.49 | G992: 97.01 | H992: 19.11 | I992: 10.09 | J992: 25.97 | K992: 29.45 | L992: 44.27 | M992: 20.33 | N992: =MEDIAN(B992:M992) -> 27.71 | AE992: 9.99
A993: SUB-773089586 | B993: 9.99 | C993: 39.97 | D993: 14.2 | E993: 32.68 | F993: 76.68 | G993: 68.67 | H993: 62.31 | I993: 20.75 | J993: 58.07 | K993: 64.25 | L993: 48.98 | M993: 93.93 | N993: =MEDIAN(B993:M993) -> 53.525 | AE993: 9.99
A994: SUB-801402119 | D994: 62.56 | E994: 9.95 | F994: 21.17 | G994: 39.34 | H994: 41.23 | I994: 13.11 | J994: 238.41 | K994: 32.15 | L994: 28.22 | M994: 0.27 | N994: =MEDIAN(B994:M994) -> 30.185
A995: SUB-847298568 | B995: 9.99 | C995: 20.38 | D995: 12.47 | E995: 49.68 | F995: 18.33 | G995: 39.9 | H995: 59.83 | I995: 19.5 | J995: 39.3 | K995: 111.57 | L995: 42.31 | M995: 214.96 | N995: =MEDIAN(B995:M995) -> 39.6 | AE995: 9.99
A996: SUB-865366877 | D996: 0.36 | E996: 8.13 | F996: 90.54 | G996: 6.41 | H996: 62.06 | I996: 73.64 | J996: 19.05 | K996: 36.21 | L996: 27.7 | M996: 209.41 | N996: =MEDIAN(B996:M996) -> 31.955
A997: SUB-912241823 | E997: 34.05 | F997: 38.32 | G997: 91.83 | H997: 39.14 | I997: 305.79 | J997: 89.18 | K997: 53.42 | L997: 22.68 | M997: 0.77 | N997: =MEDIAN(B997:M997) -> 39.14
A998: SUB-926962600 | B998: 9.99 | C998: 27 | D998: 69.3 | E998: 96.4 | F998: 45.68 | G998: 52.43 | H998: 17.55 | I998: 39.64 | J998: 52.37 | K998: 37.99 | L998: 43.71 | M998: 89.04 | N998: =MEDIAN(B998:M998) -> 44.695 | AE998: 9.99
A999: SUB-954126260 | B999: 9.99 | C999: 9.99 | D999: 56.51 | E999: 53.6 | F999: 113.3 | G999: 28.02 | H999: 76.89 | I999: 93.24 | J999: 43.09 | K999: 55.74 | L999: 24.63 | M999: 24.3 | N999: =MEDIAN(B999:M999) -> 48.345 | AE999: 9.99
A1000: SUB-927638913 | E1000: 231.28 | F1000: 48.38 | G1000: 79.74 | H1000: 24.55 | I1000: 55.12 | J1000: 69.35 | K1000: 46.62 | L1000: 40.48 | M1000: 21.06 | N1000: =MEDIAN(B1000:M1000) -> 48.38
A1001: SUB-961271099 | D1001: 0.27 | E1001: 341.92 | F1001: 86.08 | G1001: 27.31 | H1001: 0 | I1001: 7.36 | J1001: 66.64 | K1001: 30.21 | L1001: 27.58 | M1001: 35.91 | N1001: =MEDIAN(B1001:M1001) -> 28.895
AE1002: 39.3
...
